match_id,match_date,kick_off,competition,season,home_team,away_team,home_score,away_score,match_status,match_status_360,last_updated,last_updated_360,metadata,match_week,competition_stage,stadium,referee,home_team_name,away_team_name,result,goal_difference,home_points,away_points
3754217,2015-09-19,11:45:00.000,"{'competition_id': 2, 'country_name': 'England', 'competition_name': 'Premier League'}","{'season_id': 27, 'season_name': '2015/2016'}","{'home_team_id': 33, 'home_team_name': 'Chelsea', 'home_team_gender': 'male', 'home_team_group': None, 'country': {'id': 68, 'name': 'England'}, 'managers': [{'id': 383, 'name': 'José Mario Felix dos Santos Mourinho', 'nickname': 'José Mourinho', 'dob': '1963-01-26', 'country': {'id': 183, 'name': 'Portugal'}}]}","{'away_team_id': 1, 'away_team_name': 'Arsenal', 'away_team_gender': 'male', 'away_team_group': None, 'country': {'id': 68, 'name': 'England'}, 'managers': [{'id': 577, 'name': 'Arsène Wenger', 'nickname': None, 'dob': '1949-10-22', 'country': {'id': 78, 'name': 'France'}}]}",2,0,available,scheduled,2025-12-16T17:01:18.696515,2021-06-13T16:17:31.694,"{'data_version': '1.1.0', 'shot_fidelity_version': '2', 'xy_fidelity_version': '2'}",6,"{'id': 1, 'name': 'Regular Season'}","{'id': 10, 'name': 'Stamford Bridge', 'country': {'id': 68, 'name': 'England'}}","{'id': 6, 'name': 'Mike Dean', 'country': {'id': 68, 'name': 'England'}}",Chelsea,Arsenal,Home Win,2,3,0
3754117,2015-12-13,12:30:00.000,"{'competition_id': 2, 'country_name': 'England', 'competition_name': 'Premier League'}","{'season_id': 27, 'season_name': '2015/2016'}","{'home_team_id': 59, 'home_team_name': 'Aston Villa', 'home_team_gender': 'male', 'home_team_group': None, 'country': {'id': 68, 'name': 'England'}, 'managers': [{'id': 92, 'name': 'Rémi Garde', 'nickname': None, 'dob': '1966-04-03', 'country': {'id': 78, 'name': 'France'}}]}","{'away_team_id': 1, 'away_team_name': 'Arsenal', 'away_team_gender': 'male', 'away_team_group': None, 'country': {'id': 68, 'name': 'England'}, 'managers': [{'id': 577, 'name': 'Arsène Wenger', 'nickname': None, 'dob': '1949-10-22', 'country': {'id': 78, 'name': 'France'}}]}",0,2,available,scheduled,2025-12-16T17:04:24.176407,2021-06-13T16:17:31.694,"{'data_version': '1.1.0', 'shot_fidelity_version': '2', 'xy_fidelity_version': '2'}",16,"{'id': 1, 'name': 'Regular Season'}","{'id': 211, 'name': 'Villa Park', 'country': {'id': 68, 'name': 'England'}}","{'id': 12, 'name': 'Kevin Friend', 'country': {'id': 68, 'name': 'England'}}",Aston Villa,Arsenal,Away Win,2,0,3
3754296,2015-12-21,19:00:00.000,"{'competition_id': 2, 'country_name': 'England', 'competition_name': 'Premier League'}","{'season_id': 27, 'season_name': '2015/2016'}","{'home_team_id': 1, 'home_team_name': 'Arsenal', 'home_team_gender': 'male', 'home_team_group': None, 'country': {'id': 68, 'name': 'England'}, 'managers': [{'id': 577, 'name': 'Arsène Wenger', 'nickname': None, 'dob': '1949-10-22', 'country': {'id': 78, 'name': 'France'}}]}","{'away_team_id': 36, 'away_team_name': 'Manchester City', 'away_team_gender': 'male', 'away_team_group': None, 'country': {'id': 68, 'name': 'England'}, 'managers': [{'id': 733, 'name': 'Manuel Luis Pellegrini Ripamonti', 'nickname': 'Manuel Pellegrini', 'dob': '1953-09-16', 'country': {'id': 45, 'name': 'Chile'}}]}",2,1,available,scheduled,2025-12-17T11:59:35.059270,2021-06-13T16:17:31.694,"{'data_version': '1.1.0', 'shot_fidelity_version': '2', 'xy_fidelity_version': '2'}",17,"{'id': 1, 'name': 'Regular Season'}","{'id': 3, 'name': 'Emirates Stadium', 'country': {'id': 68, 'name': 'England'}}","{'id': 5, 'name': 'Andre Marriner', 'country': {'id': 68, 'name': 'England'}}",Arsenal,Manchester City,Home Win,1,3,0
3753983,2015-10-31,14:00:00.000,"{'competition_id': 2, 'country_name': 'England', 'competition_name': 'Premier League'}","{'season_id': 27, 'season_name': '2015/2016'}","{'home_team_id': 26, 'home_team_name': 'Swansea City', 'home_team_gender': 'male', 'home_team_group': None, 'country': {'id': 249, 'name': 'Wales'}, 'managers': [{'id': 270, 'name': 'Garry Monk', 'nickname': None, 'dob': '1979-03-06', 'country': {'id': 68, 'name': 'England'}}]}","{'away_team_id': 1, 'away_team_name': 'Arsenal', 'away_team_gender': 'male', 'away_team_group': None, 'country': {'id': 68, 'name': 'England'}, 'managers': [{'id': 577, 'name': 'Arsène Wenger', 'nickname': None, 'dob': '1949-10-22', 'country': {'id': 78, 'name': 'France'}}]}",0,3,available,scheduled,2025-12-16T17:02:24.849544,2021-06-13T16:17:31.694,"{'data_version': '1.1.0', 'shot_fidelity_version': '2', 'xy_fidelity_version': '2'}",11,"{'id': 1, 'name': 'Regular Season'}","{'id': 45, 'name': 'Swansea.com Stadium', 'country': {'id': 249, 'name': 'Wales'}}","{'id': 12, 'name': 'Kevin Friend', 'country': {'id': 68, 'name': 'England'}}",Swansea City,Arsenal,Away Win,3,0,3
3754160,2015-12-05,14:00:00.000,"{'competition_id': 2, 'country_name': 'England', 'competition_name': 'Premier League'}","{'season_id': 27, 'season_name': '2015/2016'}","{'home_team_id': 1, 'home_team_name': 'Arsenal', 'home_team_gender': 'male', 'home_team_group': None, 'country': {'id': 68, 'name': 'England'}, 'managers': [{'id': 577, 'name': 'Arsène Wenger', 'nickname': None, 'dob': '1949-10-22', 'country': {'id': 78, 'name': 'France'}}]}","{'away_team_id': 41, 'away_team_name': 'Sunderland', 'away_team_gender': 'male', 'away_team_group': None, 'country': {'id': 68, 'name': 'England'}, 'managers': [{'id': 561, 'name': 'Sam Allardyce', 'nickname': None, 'dob': '1954-10-19', 'country': {'id': 68, 'name': 'England'}}]}",3,1,available,scheduled,2025-12-16T17:03:25.661537,2021-06-13T16:17:31.694,"{'data_version': '1.1.0', 'shot_fidelity_version': '2', 'xy_fidelity_version': '2'}",15,"{'id': 1, 'name': 'Regular Season'}","{'id': 3, 'name': 'Emirates Stadium', 'country': {'id': 68, 'name': 'England'}}","{'id': 9, 'name': 'Robert Madley', 'country': {'id': 68, 'name': 'England'}}",Arsenal,Sunderland,Home Win,2,3,0
3754129,2015-08-24,19:00:00.000,"{'competition_id': 2, 'country_name': 'England', 'competition_name': 'Premier League'}","{'season_id': 27, 'season_name': '2015/2016'}","{'home_team_id': 1, 'home_team_name': 'Arsenal', 'home_team_gender': 'male', 'home_team_group': None, 'country': {'id': 68, 'name': 'England'}, 'managers': [{'id': 577, 'name': 'Arsène Wenger', 'nickname': None, 'dob': '1949-10-22', 'country': {'id': 78, 'name': 'France'}}]}","{'away_team_id': 24, 'away_team_name': 'Liverpool', 'away_team_gender': 'male', 'away_team_group': None, 'country': {'id': 68, 'name': 'England'}, 'managers': [{'id': 6, 'name': 'Brendan Rodgers', 'nickname': None, 'dob': '1973-01-26', 'country': {'id': 169, 'name': 'Northern Ireland'}}]}",0,0,available,scheduled,2025-12-16T17:00:10.572124,2021-06-13T16:17:31.694,"{'data_version': '1.1.0', 'shot_fidelity_version': '2', 'xy_fidelity_version': '2'}",3,"{'id': 1, 'name': 'Regular Season'}","{'id': 3, 'name': 'Emirates Stadium', 'country': {'id': 68, 'name': 'England'}}","{'id': 1, 'name': 'Michael Oliver', 'country': {'id': 68, 'name': 'England'}}",Arsenal,Liverpool,Draw,0,1,1
3754309,2015-12-26,18:45:00.000,"{'competition_id': 2, 'country_name': 'England', 'competition_name': 'Premier League'}","{'season_id': 27, 'season_name': '2015/2016'}","{'home_team_id': 25, 'home_team_name': 'Southampton', 'home_team_gender': 'male', 'home_team_group': None, 'country': {'id': 68, 'name': 'England'}, 'managers': [{'id': 676, 'name': 'Ronald Koeman', 'nickname': None, 'dob': '1963-03-21', 'country': {'id': 160, 'name': 'Netherlands'}}]}","{'away_team_id': 1, 'away_team_name': 'Arsenal', 'away_team_gender': 'male', 'away_team_group': None, 'country': {'id': 68, 'name': 'England'}, 'managers': [{'id': 577, 'name': 'Arsène Wenger', 'nickname': None, 'dob': '1949-10-22', 'country': {'id': 78, 'name': 'France'}}]}",4,0,available,scheduled,2025-12-17T12:00:24.932322,2021-06-13T16:17:31.694,"{'data_version': '1.1.0', 'shot_fidelity_version': '2', 'xy_fidelity_version': '2'}",18,"{'id': 1, 'name': 'Regular Season'}","{'id': 4591, 'name': ""St. Mary's Stadium"", 'country': {'id': 68, 'name': 'England'}}","{'id': 3, 'name': 'Jonathan Moss', 'country': {'id': 68, 'name': 'England'}}",Southampton,Arsenal,Home Win,4,3,0
3754047,2015-11-29,15:15:00.000,"{'competition_id': 2, 'country_name': 'England', 'competition_name': 'Premier League'}","{'season_id': 27, 'season_name': '2015/2016'}","{'home_team_id': 24, 'home_team_name': 'Liverpool', 'home_team_gender': 'male', 'home_team_group': None, 'country': {'id': 68, 'name': 'England'}, 'managers': [{'id': 94, 'name': 'Jürgen Klopp', 'nickname': None, 'dob': '1967-06-16', 'country': {'id': 85, 'name': 'Germany'}}]}","{'away_team_id': 26, 'away_team_name': 'Swansea City', 'away_team_gender': 'male', 'away_team_group': None, 'country': {'id': 249, 'name': 'Wales'}, 'managers': [{'id': 270, 'name': 'Garry Monk', 'nickname': None, 'dob': '1979-03-06', 'country': {'id': 68, 'name': 'England'}}]}",1,0,available,scheduled,2025-04-23T14:36:29.347042,2021-06-13T16:17:31.694,"{'data_version': '1.1.0', 'shot_fidelity_version': '2', 'xy_fidelity_version': '2'}",14,"{'id': 1, 'name': 'Regular Season'}","{'id': 6, 'name': 'Anfield ', 'country': {'id': 68, 'name': 'England'}}","{'id': 8, 'name': 'Anthony Taylor', 'country': {'id': 68, 'name': 'England'}}",Liverpool,Swansea City,Home Win,1,3,0
3754058,2016-01-02,16:00:00.000,"{'competition_id': 2, 'country_name': 'England', 'competition_name': 'Premier League'}","{'season_id': 27, 'season_name': '2015/2016'}","{'home_team_id': 22, 'home_team_name': 'Leicester City', 'home_team_gender': 'male', 'home_team_group': None, 'country': {'id': 68, 'name': 'England'}, 'managers': [{'id': 60, 'name': 'Claudio Ranieri', 'nickname': None, 'dob': '1951-10-20', 'country': {'id': 112, 'name': 'Italy'}}]}","{'away_team_id': 28, 'away_team_name': 'AFC Bournemouth', 'away_team_gender': 'male', 'away_team_group': None, 'country': {'id': 68, 'name': 'England'}, 'managers': [{'id': 38, 'name': 'Eddie Howe', 'nickname': None, 'dob': '1977-11-29', 'country': {'id': 68, 'name': 'England'}}]}",0,0,available,processing,2021-10-29T23:44:19.940296,2021-06-12T16:17:31.694,"{'data_version': '1.1.0', 'shot_fidelity_version': '2', 'xy_fidelity_version': '2'}",20,"{'id': 1, 'name': 'Regular Season'}","{'id': 20, 'name': 'King Power Stadium ', 'country': {'id': 68, 'name': 'England'}}","{'id': 5, 'name': 'Andre Marriner', 'country': {'id': 68, 'name': 'England'}}",Leicester City,AFC Bournemouth,Draw,0,1,1
3754245,2015-10-17,16:00:00.000,"{'competition_id': 2, 'country_name': 'England', 'competition_name': 'Premier League'}","{'season_id': 27, 'season_name': '2015/2016'}","{'home_team_id': 27, 'home_team_name': 'West Bromwich Albion', 'home_team_gender': 'male', 'home_team_group': None, 'country': {'id': 68, 'name': 'England'}, 'managers': [{'id': 300, 'name': 'Tony Pulis', 'nickname': None, 'dob': '1958-01-16', 'country': {'id': 249, 'name': 'Wales'}}]}","{'away_team_id': 41, 'away_team_name': 'Sunderland', 'away_team_gender': 'male', 'away_team_group': None, 'country': {'id': 68, 'name': 'England'}, 'managers': [{'id': 561, 'name': 'Sam Allardyce', 'nickname': None, 'dob': '1954-10-19', 'country': {'id': 68, 'name': 'England'}}]}",1,0,available,scheduled,2022-12-01T13:09:17.044015,2021-06-13T16:17:31.694,"{'data_version': '1.1.0', 'shot_fidelity_version': '2', 'xy_fidelity_version': '2'}",9,"{'id': 1, 'name': 'Regular Season'}","{'id': 33, 'name': 'The Hawthorns', 'country': {'id': 68, 'name': 'England'}}","{'id': 4, 'name': 'Martin Atkinson', 'country': {'id': 68, 'name': 'England'}}",West Bromwich Albion,Sunderland,Home Win,1,3,0
3754136,2015-12-19,18:30:00.000,"{'competition_id': 2, 'country_name': 'England', 'competition_name': 'Premier League'}","{'season_id': 27, 'season_name': '2015/2016'}","{'home_team_id': 37, 'home_team_name': 'Newcastle United', 'home_team_gender': 'male', 'home_team_group': None, 'country': {'id': 68, 'name': 'England'}, 'managers': [{'id': 40, 'name': 'Steve McClaren', 'nickname': None, 'dob': '1961-05-03', 'country': {'id': 68, 'name': 'England'}}]}","{'away_team_id': 59, 'away_team_name': 'Aston Villa', 'away_team_gender': 'male', 'away_team_group': None, 'country': {'id': 68, 'name': 'England'}, 'managers': [{'id': 92, 'name': 'Rémi Garde', 'nickname': None, 'dob': '1966-04-03', 'country': {'id': 78, 'name': 'France'}}]}",1,1,available,scheduled,2020-11-12T23:48:19.757269,2021-06-13T16:17:31.694,"{'data_version': '1.1.0', 'shot_fidelity_version': '2', 'xy_fidelity_version': '2'}",17,"{'id': 1, 'name': 'Regular Season'}","{'id': 4674, 'name': ""St. James' Park"", 'country': {'id': 68, 'name': 'England'}}","{'id': 4, 'name': 'Martin Atkinson', 'country': {'id': 68, 'name': 'England'}}",Newcastle United,Aston Villa,Draw,0,1,1
3754037,2016-04-30,16:00:00.000,"{'competition_id': 2, 'country_name': 'England', 'competition_name': 'Premier League'}","{'season_id': 27, 'season_name': '2015/2016'}","{'home_team_id': 29, 'home_team_name': 'Everton', 'home_team_gender': 'male', 'home_team_group': None, 'country': {'id': 68, 'name': 'England'}, 'managers': [{'id': 263, 'name': 'Roberto Martínez Montoliú', 'nickname': 'Roberto Martínez', 'dob': '1973-07-13', 'country': {'id': 214, 'name': 'Spain'}}]}","{'away_team_id': 28, 'away_team_name': 'AFC Bournemouth', 'away_team_gender': 'male', 'away_team_group': None, 'country': {'id': 68, 'name': 'England'}, 'managers': [{'id': 38, 'name': 'Eddie Howe', 'nickname': None, 'dob': '1977-11-29', 'country': {'id': 68, 'name': 'England'}}]}",2,1,available,processing,2021-07-07T17:59:57.456,2021-06-12T16:17:31.694,"{'data_version': '1.1.0', 'shot_fidelity_version': '2', 'xy_fidelity_version': '2'}",36,"{'id': 1, 'name': 'Regular Season'}","{'id': 12, 'name': 'Goodison Park', 'country': {'id': 68, 'name': 'England'}}","{'id': 7, 'name': 'Neil Swarbrick', 'country': {'id': 68, 'name': 'England'}}",Everton,AFC Bournemouth,Home Win,1,3,0
3754039,2016-02-13,16:00:00.000,"{'competition_id': 2, 'country_name': 'England', 'competition_name': 'Premier League'}","{'season_id': 27, 'season_name': '2015/2016'}","{'home_team_id': 31, 'home_team_name': 'Crystal Palace', 'home_team_gender': 'male', 'home_team_group': None, 'country': {'id': 68, 'name': 'England'}, 'managers': [{'id': 382, 'name': 'Alan Pardew', 'nickname': None, 'dob': '1961-07-18', 'country': {'id': 68, 'name': 'England'}}]}","{'away_team_id': 23, 'away_team_name': 'Watford', 'away_team_gender': 'male', 'away_team_group': None, 'country': {'id': 68, 'name': 'England'}, 'managers': [{'id': 236, 'name': 'Enrique Sánchez Flores', 'nickname': 'Quique Sánchez Flores', 'dob': '1965-02-05', 'country': {'id': 214, 'name': 'Spain'}}]}",1,2,available,processing,2021-07-25T18:09:51.386,2021-06-12T16:17:31.694,"{'data_version': '1.1.0', 'shot_fidelity_version': '2', 'xy_fidelity_version': '2'}",26,"{'id': 1, 'name': 'Regular Season'}","{'id': 37, 'name': 'Selhurst Park', 'country': {'id': 68, 'name': 'England'}}","{'id': 9, 'name': 'Robert Madley', 'country': {'id': 68, 'name': 'England'}}",Crystal Palace,Watford,Away Win,1,0,3
3754041,2016-05-15,16:00:00.000,"{'competition_id': 2, 'country_name': 'England', 'competition_name': 'Premier League'}","{'season_id': 27, 'season_name': '2015/2016'}","{'home_team_id': 1, 'home_team_name': 'Arsenal', 'home_team_gender': 'male', 'home_team_group': None, 'country': {'id': 68, 'name': 'England'}, 'managers': [{'id': 577, 'name': 'Arsène Wenger', 'nickname': None, 'dob': '1949-10-22', 'country': {'id': 78, 'name': 'France'}}]}","{'away_team_id': 59, 'away_team_name': 'Aston Villa', 'away_team_gender': 'male', 'away_team_group': None, 'country': {'id': 68, 'name': 'England'}, 'managers': [{'id': 5020, 'name': 'Eric Black', 'nickname': None, 'dob': '1963-10-01', 'country': {'id': 201, 'name': 'Scotland'}}]}",4,0,available,processing,2021-07-09T16:36:48.108,2021-06-12T16:17:31.694,"{'data_version': '1.1.0', 'shot_fidelity_version': '2', 'xy_fidelity_version': '2'}",38,"{'id': 1, 'name': 'Regular Season'}","{'id': 3, 'name': 'Emirates Stadium', 'country': {'id': 68, 'name': 'England'}}","{'id': 728, 'name': 'Mark Clattenburg', 'country': {'id': 68, 'name': 'England'}}",Arsenal,Aston Villa,Home Win,4,3,0
3754042,2016-05-15,16:00:00.000,"{'competition_id': 2, 'country_name': 'England', 'competition_name': 'Premier League'}","{'season_id': 27, 'season_name': '2015/2016'}","{'home_team_id': 27, 'home_team_name': 'West Bromwich Albion', 'home_team_gender': 'male', 'home_team_group': None, 'country': {'id': 68, 'name': 'England'}, 'managers': [{'id': 300, 'name': 'Tony Pulis', 'nickname': None, 'dob': '1958-01-16', 'country': {'id': 249, 'name': 'Wales'}}]}","{'away_team_id': 24, 'away_team_name': 'Liverpool', 'away_team_gender': 'male', 'away_team_group': None, 'country': {'id': 68, 'name': 'England'}, 'managers': [{'id': 94, 'name': 'Jürgen Klopp', 'nickname': None, 'dob': '1967-06-16', 'country': {'id': 85, 'name': 'Germany'}}]}",1,1,available,processing,2021-07-08T21:22:33.502,2021-06-12T16:17:31.694,"{'data_version': '1.1.0', 'shot_fidelity_version': '2', 'xy_fidelity_version': '2'}",38,"{'id': 1, 'name': 'Regular Season'}","{'id': 33, 'name': 'The Hawthorns', 'country': {'id': 68, 'name': 'England'}}","{'id': 9, 'name': 'Robert Madley', 'country': {'id': 68, 'name': 'England'}}",West Bromwich Albion,Liverpool,Draw,0,1,1
3754043,2016-03-20,17:00:00.000,"{'competition_id': 2, 'country_name': 'England', 'competition_name': 'Premier League'}","{'season_id': 27, 'season_name': '2015/2016'}","{'home_team_id': 38, 'home_team_name': 'Tottenham Hotspur', 'home_team_gender': 'male', 'home_team_group': None, 'country': {'id': 68, 'name': 'England'}, 'managers': [{'id': 81, 'name': 'Mauricio Roberto Pochettino Trossero', 'nickname': 'Mauricio Pochettino', 'dob': '1972-03-02', 'country': {'id': 11, 'name': 'Argentina'}}]}","{'away_team_id': 28, 'away_team_name': 'AFC Bournemouth', 'away_team_gender': 'male', 'away_team_group': None, 'country': {'id': 68, 'name': 'England'}, 'managers': [{'id': 38, 'name': 'Eddie Howe', 'nickname': None, 'dob': '1977-11-29', 'country': {'id': 68, 'name': 'England'}}]}",3,0,available,processing,2021-07-02T17:59:03.477,2021-06-12T16:17:31.694,"{'data_version': '1.1.0', 'shot_fidelity_version': '2', 'xy_fidelity_version': '2'}",31,"{'id': 1, 'name': 'Regular Season'}","{'id': 99148, 'name': 'White Hart Lane', 'country': {'id': 68, 'name': 'England'}}","{'id': 7, 'name': 'Neil Swarbrick', 'country': {'id': 68, 'name': 'England'}}",Tottenham Hotspur,AFC Bournemouth,Home Win,3,3,0
3754045,2015-12-29,20:45:00.000,"{'competition_id': 2, 'country_name': 'England', 'competition_name': 'Premier League'}","{'season_id': 27, 'season_name': '2015/2016'}","{'home_team_id': 22, 'home_team_name': 'Leicester City', 'home_team_gender': 'male', 'home_team_group': None, 'country': {'id': 68, 'name': 'England'}, 'managers': [{'id': 60, 'name': 'Claudio Ranieri', 'nickname': None, 'dob': '1951-10-20', 'country': {'id': 112, 'name': 'Italy'}}]}","{'away_team_id': 36, 'away_team_name': 'Manchester City', 'away_team_gender': 'male', 'away_team_group': None, 'country': {'id': 68, 'name': 'England'}, 'managers': [{'id': 733, 'name': 'Manuel Luis Pellegrini Ripamonti', 'nickname': 'Manuel Pellegrini', 'dob': '1953-09-16', 'country': {'id': 45, 'name': 'Chile'}}]}",0,0,available,processing,2021-06-30T19:08:15.538,2021-06-12T16:17:31.694,"{'data_version': '1.1.0', 'shot_fidelity_version': '2', 'xy_fidelity_version': '2'}",19,"{'id': 1, 'name': 'Regular Season'}","{'id': 20, 'name': 'King Power Stadium ', 'country': {'id': 68, 'name': 'England'}}","{'id': 2, 'name': 'Craig Pawson', 'country': {'id': 68, 'name': 'England'}}",Leicester City,Manchester City,Draw,0,1,1
3754048,2016-04-13,21:00:00.000,"{'competition_id': 2, 'country_name': 'England', 'competition_name': 'Premier League'}","{'season_id': 27, 'season_name': '2015/2016'}","{'home_team_id': 31, 'home_team_name': 'Crystal Palace', 'home_team_gender': 'male', 'home_team_group': None, 'country': {'id': 68, 'name': 'England'}, 'managers': [{'id': 382, 'name': 'Alan Pardew', 'nickname': None, 'dob': '1961-07-18', 'country': {'id': 68, 'name': 'England'}}]}","{'away_team_id': 29, 'away_team_name': 'Everton', 'away_team_gender': 'male', 'away_team_group': None, 'country': {'id': 68, 'name': 'England'}, 'managers': [{'id': 263, 'name': 'Roberto Martínez Montoliú', 'nickname': 'Roberto Martínez', 'dob': '1973-07-13', 'country': {'id': 214, 'name': 'Spain'}}]}",0,0,available,processing,2021-07-09T13:20:16.291,2021-06-12T16:17:31.694,"{'data_version': '1.1.0', 'shot_fidelity_version': '2', 'xy_fidelity_version': '2'}",35,"{'id': 1, 'name': 'Regular Season'}","{'id': 37, 'name': 'Selhurst Park', 'country': {'id': 68, 'name': 'England'}}","{'id': 14, 'name': 'Mike Jones', 'country': {'id': 68, 'name': 'England'}}",Crystal Palace,Everton,Draw,0,1,1
3754049,2016-02-27,16:00:00.000,"{'competition_id': 2, 'country_name': 'England', 'competition_name': 'Premier League'}","{'season_id': 27, 'season_name': '2015/2016'}","{'home_team_id': 22, 'home_team_name': 'Leicester City', 'home_team_gender': 'male', 'home_team_group': None, 'country': {'id': 68, 'name': 'England'}, 'managers': [{'id': 60, 'name': 'Claudio Ranieri', 'nickname': None, 'dob': '1951-10-20', 'country': {'id': 112, 'name': 'Italy'}}]}","{'away_team_id': 56, 'away_team_name': 'Norwich City', 'away_team_gender': 'male', 'away_team_group': None, 'country': {'id': 68, 'name': 'England'}, 'managers': [{'id': 41, 'name': 'Alex Neil', 'nickname': None, 'dob': '1981-06-09', 'country': {'id': 201, 'name': 'Scotland'}}]}",1,0,available,processing,2021-06-29T20:50:58.495,2021-06-12T16:17:31.694,"{'data_version': '1.1.0', 'shot_fidelity_version': '2', 'xy_fidelity_version': '2'}",27,"{'id': 1, 'name': 'Regular Season'}","{'id': 20, 'name': 'King Power Stadium ', 'country': {'id': 68, 'name': 'England'}}","{'id': 7, 'name': 'Neil Swarbrick', 'country': {'id': 68, 'name': 'England'}}",Leicester City,Norwich City,Home Win,1,3,0
3754050,2016-03-01,20:45:00.000,"{'competition_id': 2, 'country_name': 'England', 'competition_name': 'Premier League'}","{'season_id': 27, 'season_name': '2015/2016'}","{'home_team_id': 41, 'home_team_name': 'Sunderland', 'home_team_gender': 'male', 'home_team_group': None, 'country': {'id': 68, 'name': 'England'}, 'managers': [{'id': 561, 'name': 'Sam Allardyce', 'nickname': None, 'dob': '1954-10-19', 'country': {'id': 68, 'name': 'England'}}]}","{'away_team_id': 31, 'away_team_name': 'Crystal Palace', 'away_team_gender': 'male', 'away_team_group': None, 'country': {'id': 68, 'name': 'England'}, 'managers': [{'id': 382, 'name': 'Alan Pardew', 'nickname': None, 'dob': '1961-07-18', 'country': {'id': 68, 'name': 'England'}}]}",2,2,available,processing,2022-12-01T14:08:37.435992,2021-06-12T16:17:31.694,"{'data_version': '1.1.0', 'shot_fidelity_version': '2', 'xy_fidelity_version': '2'}",28,"{'id': 1, 'name': 'Regular Season'}","{'id': 210, 'name': 'Stadium of Light', 'country': {'id': 68, 'name': 'England'}}","{'id': 8, 'name': 'Anthony Taylor', 'country': {'id': 68, 'name': 'England'}}",Sunderland,Crystal Palace,Draw,0,1,1
3754052,2016-03-19,16:00:00.000,"{'competition_id': 2, 'country_name': 'England', 'competition_name': 'Premier League'}","{'season_id': 27, 'season_name': '2015/2016'}","{'home_team_id': 27, 'home_team_name': 'West Bromwich Albion', 'home_team_gender': 'male', 'home_team_group': None, 'country': {'id': 68, 'name': 'England'}, 'managers': [{'id': 300, 'name': 'Tony Pulis', 'nickname': None, 'dob': '1958-01-16', 'country': {'id': 249, 'name': 'Wales'}}]}","{'away_team_id': 56, 'away_team_name': 'Norwich City', 'away_team_gender': 'male', 'away_team_group': None, 'country': {'id': 68, 'name': 'England'}, 'managers': [{'id': 41, 'name': 'Alex Neil', 'nickname': None, 'dob': '1981-06-09', 'country': {'id': 201, 'name': 'Scotland'}}]}",0,1,available,processing,2021-07-06T17:48:58.932,2021-06-12T16:17:31.694,"{'data_version': '1.1.0', 'shot_fidelity_version': '2', 'xy_fidelity_version': '2'}",31,"{'id': 1, 'name': 'Regular Season'}","{'id': 33, 'name': 'The Hawthorns', 'country': {'id': 68, 'name': 'England'}}","{'id': 8, 'name': 'Anthony Taylor', 'country': {'id': 68, 'name': 'England'}}",West Bromwich Albion,Norwich City,Away Win,1,0,3
3754053,2016-03-13,17:00:00.000,"{'competition_id': 2, 'country_name': 'England', 'competition_name': 'Premier League'}","{'season_id': 27, 'season_name': '2015/2016'}","{'home_team_id': 59, 'home_team_name': 'Aston Villa', 'home_team_gender': 'male', 'home_team_group': None, 'country': {'id': 68, 'name': 'England'}, 'managers': [{'id': 92, 'name': 'Rémi Garde', 'nickname': None, 'dob': '1966-04-03', 'country': {'id': 78, 'name': 'France'}}]}","{'away_team_id': 38, 'away_team_name': 'Tottenham Hotspur', 'away_team_gender': 'male', 'away_team_group': None, 'country': {'id': 68, 'name': 'England'}, 'managers': [{'id': 81, 'name': 'Mauricio Roberto Pochettino Trossero', 'nickname': 'Mauricio Pochettino', 'dob': '1972-03-02', 'country': {'id': 11, 'name': 'Argentina'}}]}",0,2,available,processing,2021-11-04T18:24:25.370899,2021-06-12T16:17:31.694,"{'data_version': '1.1.0', 'shot_fidelity_version': '2', 'xy_fidelity_version': '2'}",30,"{'id': 1, 'name': 'Regular Season'}","{'id': 211, 'name': 'Villa Park', 'country': {'id': 68, 'name': 'England'}}","{'id': 8, 'name': 'Anthony Taylor', 'country': {'id': 68, 'name': 'England'}}",Aston Villa,Tottenham Hotspur,Away Win,2,0,3
3754055,2016-05-11,21:00:00.000,"{'competition_id': 2, 'country_name': 'England', 'competition_name': 'Premier League'}","{'season_id': 27, 'season_name': '2015/2016'}","{'home_team_id': 24, 'home_team_name': 'Liverpool', 'home_team_gender': 'male', 'home_team_group': None, 'country': {'id': 68, 'name': 'England'}, 'managers': [{'id': 94, 'name': 'Jürgen Klopp', 'nickname': None, 'dob': '1967-06-16', 'country': {'id': 85, 'name': 'Germany'}}]}","{'away_team_id': 33, 'away_team_name': 'Chelsea', 'away_team_gender': 'male', 'away_team_group': None, 'country': {'id': 68, 'name': 'England'}, 'managers': [{'id': 3608, 'name': 'Guus Hiddink', 'nickname': None, 'dob': '1946-11-08', 'country': {'id': 160, 'name': 'Netherlands'}}]}",1,1,available,processing,2022-12-01T14:45:30.949006,2021-06-12T16:17:31.694,"{'data_version': '1.1.0', 'shot_fidelity_version': '2', 'xy_fidelity_version': '2'}",30,"{'id': 1, 'name': 'Regular Season'}","{'id': 6, 'name': 'Anfield ', 'country': {'id': 68, 'name': 'England'}}","{'id': 1, 'name': 'Michael Oliver', 'country': {'id': 68, 'name': 'England'}}",Liverpool,Chelsea,Draw,0,1,1
3754226,2015-12-30,20:45:00.000,"{'competition_id': 2, 'country_name': 'England', 'competition_name': 'Premier League'}","{'season_id': 27, 'season_name': '2015/2016'}","{'home_team_id': 41, 'home_team_name': 'Sunderland', 'home_team_gender': 'male', 'home_team_group': None, 'country': {'id': 68, 'name': 'England'}, 'managers': [{'id': 561, 'name': 'Sam Allardyce', 'nickname': None, 'dob': '1954-10-19', 'country': {'id': 68, 'name': 'England'}}]}","{'away_team_id': 24, 'away_team_name': 'Liverpool', 'away_team_gender': 'male', 'away_team_group': None, 'country': {'id': 68, 'name': 'England'}, 'managers': [{'id': 94, 'name': 'Jürgen Klopp', 'nickname': None, 'dob': '1967-06-16', 'country': {'id': 85, 'name': 'Germany'}}]}",0,1,available,processing,2021-06-28T15:11:27.654,2021-06-12T16:17:31.694,"{'data_version': '1.1.0', 'shot_fidelity_version': '2', 'xy_fidelity_version': '2'}",19,"{'id': 1, 'name': 'Regular Season'}","{'id': 210, 'name': 'Stadium of Light', 'country': {'id': 68, 'name': 'England'}}","{'id': 12, 'name': 'Kevin Friend', 'country': {'id': 68, 'name': 'England'}}",Sunderland,Liverpool,Away Win,1,0,3
3754014,2015-12-26,13:45:00.000,"{'competition_id': 2, 'country_name': 'England', 'competition_name': 'Premier League'}","{'season_id': 27, 'season_name': '2015/2016'}","{'home_team_id': 30, 'home_team_name': 'Stoke City', 'home_team_gender': 'male', 'home_team_group': None, 'country': {'id': 68, 'name': 'England'}, 'managers': [{'id': 55, 'name': 'Mark Hughes', 'nickname': None, 'dob': '1963-11-01', 'country': {'id': 249, 'name': 'Wales'}}]}","{'away_team_id': 39, 'away_team_name': 'Manchester United', 'away_team_gender': 'male', 'away_team_group': None, 'country': {'id': 68, 'name': 'England'}, 'managers': [{'id': 788, 'name': 'Louis van Gaal', 'nickname': None, 'dob': '1951-08-08', 'country': {'id': 160, 'name': 'Netherlands'}}]}",2,0,available,scheduled,2022-12-01T13:42:55.987168,2021-06-13T16:17:31.694,"{'data_version': '1.1.0', 'shot_fidelity_version': '2', 'xy_fidelity_version': '2'}",18,"{'id': 1, 'name': 'Regular Season'}","{'id': 29, 'name': 'bet365 Stadium', 'country': {'id': 68, 'name': 'England'}}","{'id': 12, 'name': 'Kevin Friend', 'country': {'id': 68, 'name': 'England'}}",Stoke City,Manchester United,Home Win,2,3,0
3754091,2015-10-24,16:00:00.000,"{'competition_id': 2, 'country_name': 'England', 'competition_name': 'Premier League'}","{'season_id': 27, 'season_name': '2015/2016'}","{'home_team_id': 30, 'home_team_name': 'Stoke City', 'home_team_gender': 'male', 'home_team_group': None, 'country': {'id': 68, 'name': 'England'}, 'managers': [{'id': 55, 'name': 'Mark Hughes', 'nickname': None, 'dob': '1963-11-01', 'country': {'id': 249, 'name': 'Wales'}}]}","{'away_team_id': 23, 'away_team_name': 'Watford', 'away_team_gender': 'male', 'away_team_group': None, 'country': {'id': 68, 'name': 'England'}, 'managers': [{'id': 236, 'name': 'Enrique Sánchez Flores', 'nickname': 'Quique Sánchez Flores', 'dob': '1965-02-05', 'country': {'id': 214, 'name': 'Spain'}}]}",0,2,available,scheduled,2020-10-20T19:53:41.959575,2021-06-13T16:17:31.694,"{'data_version': '1.1.0', 'shot_fidelity_version': '2', 'xy_fidelity_version': '2'}",10,"{'id': 1, 'name': 'Regular Season'}","{'id': 29, 'name': 'bet365 Stadium', 'country': {'id': 68, 'name': 'England'}}","{'id': 4, 'name': 'Martin Atkinson', 'country': {'id': 68, 'name': 'England'}}",Stoke City,Watford,Away Win,2,0,3
3754135,2015-12-05,13:45:00.000,"{'competition_id': 2, 'country_name': 'England', 'competition_name': 'Premier League'}","{'season_id': 27, 'season_name': '2015/2016'}","{'home_team_id': 30, 'home_team_name': 'Stoke City', 'home_team_gender': 'male', 'home_team_group': None, 'country': {'id': 68, 'name': 'England'}, 'managers': [{'id': 55, 'name': 'Mark Hughes', 'nickname': None, 'dob': '1963-11-01', 'country': {'id': 249, 'name': 'Wales'}}]}","{'away_team_id': 36, 'away_team_name': 'Manchester City', 'away_team_gender': 'male', 'away_team_group': None, 'country': {'id': 68, 'name': 'England'}, 'managers': [{'id': 733, 'name': 'Manuel Luis Pellegrini Ripamonti', 'nickname': 'Manuel Pellegrini', 'dob': '1953-09-16', 'country': {'id': 45, 'name': 'Chile'}}]}",2,0,available,scheduled,2020-10-13T17:34:34.754810,2021-06-13T16:17:31.694,"{'data_version': '1.1.0', 'shot_fidelity_version': '2', 'xy_fidelity_version': '2'}",15,"{'id': 1, 'name': 'Regular Season'}","{'id': 29, 'name': 'bet365 Stadium', 'country': {'id': 68, 'name': 'England'}}","{'id': 4, 'name': 'Martin Atkinson', 'country': {'id': 68, 'name': 'England'}}",Stoke City,Manchester City,Home Win,2,3,0
3754293,2015-11-07,18:30:00.000,"{'competition_id': 2, 'country_name': 'England', 'competition_name': 'Premier League'}","{'season_id': 27, 'season_name': '2015/2016'}","{'home_team_id': 30, 'home_team_name': 'Stoke City', 'home_team_gender': 'male', 'home_team_group': None, 'country': {'id': 68, 'name': 'England'}, 'managers': [{'id': 55, 'name': 'Mark Hughes', 'nickname': None, 'dob': '1963-11-01', 'country': {'id': 249, 'name': 'Wales'}}]}","{'away_team_id': 33, 'away_team_name': 'Chelsea', 'away_team_gender': 'male', 'away_team_group': None, 'country': {'id': 68, 'name': 'England'}, 'managers': [{'id': 383, 'name': 'José Mario Felix dos Santos Mourinho', 'nickname': 'José Mourinho', 'dob': '1963-01-26', 'country': {'id': 183, 'name': 'Portugal'}}]}",1,0,available,scheduled,2022-12-01T13:20:45.172631,2021-06-13T16:17:31.694,"{'data_version': '1.1.0', 'shot_fidelity_version': '2', 'xy_fidelity_version': '2'}",12,"{'id': 1, 'name': 'Regular Season'}","{'id': 29, 'name': 'bet365 Stadium', 'country': {'id': 68, 'name': 'England'}}","{'id': 8, 'name': 'Anthony Taylor', 'country': {'id': 68, 'name': 'England'}}",Stoke City,Chelsea,Home Win,1,3,0
3754339,2015-09-26,16:00:00.000,"{'competition_id': 2, 'country_name': 'England', 'competition_name': 'Premier League'}","{'season_id': 27, 'season_name': '2015/2016'}","{'home_team_id': 30, 'home_team_name': 'Stoke City', 'home_team_gender': 'male', 'home_team_group': None, 'country': {'id': 68, 'name': 'England'}, 'managers': [{'id': 55, 'name': 'Mark Hughes', 'nickname': None, 'dob': '1963-11-01', 'country': {'id': 249, 'name': 'Wales'}}]}","{'away_team_id': 28, 'away_team_name': 'AFC Bournemouth', 'away_team_gender': 'male', 'away_team_group': None, 'country': {'id': 68, 'name': 'England'}, 'managers': [{'id': 38, 'name': 'Eddie Howe', 'nickname': None, 'dob': '1977-11-29', 'country': {'id': 68, 'name': 'England'}}]}",2,1,available,scheduled,2020-08-17T09:23:22.420989,2021-06-13T16:17:31.694,"{'data_version': '1.1.0', 'shot_fidelity_version': '2', 'xy_fidelity_version': '2'}",7,"{'id': 1, 'name': 'Regular Season'}","{'id': 29, 'name': 'bet365 Stadium', 'country': {'id': 68, 'name': 'England'}}","{'id': 10, 'name': 'Lee Mason', 'country': {'id': 68, 'name': 'England'}}",Stoke City,AFC Bournemouth,Home Win,1,3,0
3754146,2015-09-19,16:00:00.000,"{'competition_id': 2, 'country_name': 'England', 'competition_name': 'Premier League'}","{'season_id': 27, 'season_name': '2015/2016'}","{'home_team_id': 30, 'home_team_name': 'Stoke City', 'home_team_gender': 'male', 'home_team_group': None, 'country': {'id': 68, 'name': 'England'}, 'managers': [{'id': 55, 'name': 'Mark Hughes', 'nickname': None, 'dob': '1963-11-01', 'country': {'id': 249, 'name': 'Wales'}}]}","{'away_team_id': 22, 'away_team_name': 'Leicester City', 'away_team_gender': 'male', 'away_team_group': None, 'country': {'id': 68, 'name': 'England'}, 'managers': [{'id': 60, 'name': 'Claudio Ranieri', 'nickname': None, 'dob': '1951-10-20', 'country': {'id': 112, 'name': 'Italy'}}]}",2,2,available,scheduled,2022-07-08T23:10:50.019819,2021-06-13T16:17:31.694,"{'data_version': '1.1.0', 'shot_fidelity_version': '2', 'xy_fidelity_version': '2'}",6,"{'id': 1, 'name': 'Regular Season'}","{'id': 29, 'name': 'bet365 Stadium', 'country': {'id': 68, 'name': 'England'}}","{'id': 5, 'name': 'Andre Marriner', 'country': {'id': 68, 'name': 'England'}}",Stoke City,Leicester City,Draw,0,1,1
3754347,2015-12-05,16:00:00.000,"{'competition_id': 2, 'country_name': 'England', 'competition_name': 'Premier League'}","{'season_id': 27, 'season_name': '2015/2016'}","{'home_team_id': 39, 'home_team_name': 'Manchester United', 'home_team_gender': 'male', 'home_team_group': None, 'country': {'id': 68, 'name': 'England'}, 'managers': [{'id': 788, 'name': 'Louis van Gaal', 'nickname': None, 'dob': '1951-08-08', 'country': {'id': 160, 'name': 'Netherlands'}}]}","{'away_team_id': 40, 'away_team_name': 'West Ham United', 'away_team_gender': 'male', 'away_team_group': None, 'country': {'id': 68, 'name': 'England'}, 'managers': [{'id': 150, 'name': 'Slaven Bilić', 'nickname': None, 'dob': '1968-09-11', 'country': {'id': 56, 'name': 'Croatia'}}]}",0,0,available,scheduled,2020-10-15T02:13:03.665870,2021-06-13T16:17:31.694,"{'data_version': '1.1.0', 'shot_fidelity_version': '2', 'xy_fidelity_version': '2'}",15,"{'id': 1, 'name': 'Regular Season'}","{'id': 2, 'name': 'Old Trafford', 'country': {'id': 68, 'name': 'England'}}","{'id': 728, 'name': 'Mark Clattenburg', 'country': {'id': 68, 'name': 'England'}}",Manchester United,West Ham United,Draw,0,1,1
3754255,2015-12-13,17:00:00.000,"{'competition_id': 2, 'country_name': 'England', 'competition_name': 'Premier League'}","{'season_id': 27, 'season_name': '2015/2016'}","{'home_team_id': 24, 'home_team_name': 'Liverpool', 'home_team_gender': 'male', 'home_team_group': None, 'country': {'id': 68, 'name': 'England'}, 'managers': [{'id': 94, 'name': 'Jürgen Klopp', 'nickname': None, 'dob': '1967-06-16', 'country': {'id': 85, 'name': 'Germany'}}]}","{'away_team_id': 27, 'away_team_name': 'West Bromwich Albion', 'away_team_gender': 'male', 'away_team_group': None, 'country': {'id': 68, 'name': 'England'}, 'managers': [{'id': 300, 'name': 'Tony Pulis', 'nickname': None, 'dob': '1958-01-16', 'country': {'id': 249, 'name': 'Wales'}}]}",2,2,available,scheduled,2020-10-14T06:04:11.885071,2021-06-13T16:17:31.694,"{'data_version': '1.1.0', 'shot_fidelity_version': '2', 'xy_fidelity_version': '2'}",16,"{'id': 1, 'name': 'Regular Season'}","{'id': 6, 'name': 'Anfield ', 'country': {'id': 68, 'name': 'England'}}","{'id': 2, 'name': 'Craig Pawson', 'country': {'id': 68, 'name': 'England'}}",Liverpool,West Bromwich Albion,Draw,0,1,1
3754278,2015-10-03,16:00:00.000,"{'competition_id': 2, 'country_name': 'England', 'competition_name': 'Premier League'}","{'season_id': 27, 'season_name': '2015/2016'}","{'home_team_id': 28, 'home_team_name': 'AFC Bournemouth', 'home_team_gender': 'male', 'home_team_group': None, 'country': {'id': 68, 'name': 'England'}, 'managers': [{'id': 38, 'name': 'Eddie Howe', 'nickname': None, 'dob': '1977-11-29', 'country': {'id': 68, 'name': 'England'}}]}","{'away_team_id': 23, 'away_team_name': 'Watford', 'away_team_gender': 'male', 'away_team_group': None, 'country': {'id': 68, 'name': 'England'}, 'managers': [{'id': 236, 'name': 'Enrique Sánchez Flores', 'nickname': 'Quique Sánchez Flores', 'dob': '1965-02-05', 'country': {'id': 214, 'name': 'Spain'}}]}",1,1,available,scheduled,2020-08-30T15:15:48.422941,2021-06-13T16:17:31.694,"{'data_version': '1.1.0', 'shot_fidelity_version': '2', 'xy_fidelity_version': '2'}",8,"{'id': 1, 'name': 'Regular Season'}","{'id': 71, 'name': 'Vitality Stadium', 'country': {'id': 68, 'name': 'England'}}","{'id': 1, 'name': 'Michael Oliver', 'country': {'id': 68, 'name': 'England'}}",AFC Bournemouth,Watford,Draw,0,1,1
3753979,2015-11-23,21:00:00.000,"{'competition_id': 2, 'country_name': 'England', 'competition_name': 'Premier League'}","{'season_id': 27, 'season_name': '2015/2016'}","{'home_team_id': 31, 'home_team_name': 'Crystal Palace', 'home_team_gender': 'male', 'home_team_group': None, 'country': {'id': 68, 'name': 'England'}, 'managers': [{'id': 382, 'name': 'Alan Pardew', 'nickname': None, 'dob': '1961-07-18', 'country': {'id': 68, 'name': 'England'}}]}","{'away_team_id': 41, 'away_team_name': 'Sunderland', 'away_team_gender': 'male', 'away_team_group': None, 'country': {'id': 68, 'name': 'England'}, 'managers': [{'id': 561, 'name': 'Sam Allardyce', 'nickname': None, 'dob': '1954-10-19', 'country': {'id': 68, 'name': 'England'}}]}",0,1,available,scheduled,2022-12-01T13:27:51.423924,2021-06-13T16:17:31.694,"{'data_version': '1.1.0', 'shot_fidelity_version': '2', 'xy_fidelity_version': '2'}",13,"{'id': 1, 'name': 'Regular Season'}","{'id': 37, 'name': 'Selhurst Park', 'country': {'id': 68, 'name': 'England'}}","{'id': 4, 'name': 'Martin Atkinson', 'country': {'id': 68, 'name': 'England'}}",Crystal Palace,Sunderland,Away Win,1,0,3
3753972,2015-11-21,16:00:00.000,"{'competition_id': 2, 'country_name': 'England', 'competition_name': 'Premier League'}","{'season_id': 27, 'season_name': '2015/2016'}","{'home_team_id': 26, 'home_team_name': 'Swansea City', 'home_team_gender': 'male', 'home_team_group': None, 'country': {'id': 249, 'name': 'Wales'}, 'managers': [{'id': 270, 'name': 'Garry Monk', 'nickname': None, 'dob': '1979-03-06', 'country': {'id': 68, 'name': 'England'}}]}","{'away_team_id': 28, 'away_team_name': 'AFC Bournemouth', 'away_team_gender': 'male', 'away_team_group': None, 'country': {'id': 68, 'name': 'England'}, 'managers': [{'id': 38, 'name': 'Eddie Howe', 'nickname': None, 'dob': '1977-11-29', 'country': {'id': 68, 'name': 'England'}}]}",2,2,available,scheduled,2022-12-01T13:25:12.412566,2021-06-13T16:17:31.694,"{'data_version': '1.1.0', 'shot_fidelity_version': '2', 'xy_fidelity_version': '2'}",13,"{'id': 1, 'name': 'Regular Season'}","{'id': 45, 'name': 'Swansea.com Stadium', 'country': {'id': 249, 'name': 'Wales'}}","{'id': 5, 'name': 'Andre Marriner', 'country': {'id': 68, 'name': 'England'}}",Swansea City,AFC Bournemouth,Draw,0,1,1
3753978,2015-09-26,16:00:00.000,"{'competition_id': 2, 'country_name': 'England', 'competition_name': 'Premier League'}","{'season_id': 27, 'season_name': '2015/2016'}","{'home_team_id': 25, 'home_team_name': 'Southampton', 'home_team_gender': 'male', 'home_team_group': None, 'country': {'id': 68, 'name': 'England'}, 'managers': [{'id': 676, 'name': 'Ronald Koeman', 'nickname': None, 'dob': '1963-03-21', 'country': {'id': 160, 'name': 'Netherlands'}}]}","{'away_team_id': 26, 'away_team_name': 'Swansea City', 'away_team_gender': 'male', 'away_team_group': None, 'country': {'id': 249, 'name': 'Wales'}, 'managers': [{'id': 270, 'name': 'Garry Monk', 'nickname': None, 'dob': '1979-03-06', 'country': {'id': 68, 'name': 'England'}}]}",3,1,available,scheduled,2020-09-11T18:18:25.317407,2021-06-13T16:17:31.694,"{'data_version': '1.1.0', 'shot_fidelity_version': '2', 'xy_fidelity_version': '2'}",7,"{'id': 1, 'name': 'Regular Season'}","{'id': 4591, 'name': ""St. Mary's Stadium"", 'country': {'id': 68, 'name': 'England'}}","{'id': 13, 'name': 'Roger East', 'country': {'id': 68, 'name': 'England'}}",Southampton,Swansea City,Home Win,2,3,0
3753974,2015-12-26,18:30:00.000,"{'competition_id': 2, 'country_name': 'England', 'competition_name': 'Premier League'}","{'season_id': 27, 'season_name': '2015/2016'}","{'home_team_id': 37, 'home_team_name': 'Newcastle United', 'home_team_gender': 'male', 'home_team_group': None, 'country': {'id': 68, 'name': 'England'}, 'managers': [{'id': 40, 'name': 'Steve McClaren', 'nickname': None, 'dob': '1961-05-03', 'country': {'id': 68, 'name': 'England'}}]}","{'away_team_id': 29, 'away_team_name': 'Everton', 'away_team_gender': 'male', 'away_team_group': None, 'country': {'id': 68, 'name': 'England'}, 'managers': [{'id': 263, 'name': 'Roberto Martínez Montoliú', 'nickname': 'Roberto Martínez', 'dob': '1973-07-13', 'country': {'id': 214, 'name': 'Spain'}}]}",0,1,available,scheduled,2022-12-01T13:43:50.357622,2021-06-13T16:17:31.694,"{'data_version': '1.1.0', 'shot_fidelity_version': '2', 'xy_fidelity_version': '2'}",18,"{'id': 1, 'name': 'Regular Season'}","{'id': 4674, 'name': ""St. James' Park"", 'country': {'id': 68, 'name': 'England'}}","{'id': 10, 'name': 'Lee Mason', 'country': {'id': 68, 'name': 'England'}}",Newcastle United,Everton,Away Win,1,0,3
3753993,2015-08-15,16:00:00.000,"{'competition_id': 2, 'country_name': 'England', 'competition_name': 'Premier League'}","{'season_id': 27, 'season_name': '2015/2016'}","{'home_team_id': 41, 'home_team_name': 'Sunderland', 'home_team_gender': 'male', 'home_team_group': None, 'country': {'id': 68, 'name': 'England'}, 'managers': [{'id': 453, 'name': 'Dick Advocaat', 'nickname': None, 'dob': '1947-09-27', 'country': {'id': 160, 'name': 'Netherlands'}}]}","{'away_team_id': 56, 'away_team_name': 'Norwich City', 'away_team_gender': 'male', 'away_team_group': None, 'country': {'id': 68, 'name': 'England'}, 'managers': [{'id': 41, 'name': 'Alex Neil', 'nickname': None, 'dob': '1981-06-09', 'country': {'id': 201, 'name': 'Scotland'}}]}",1,3,available,scheduled,2022-07-08T21:11:44.482443,2021-06-13T16:17:31.694,"{'data_version': '1.1.0', 'shot_fidelity_version': '2', 'xy_fidelity_version': '2'}",2,"{'id': 1, 'name': 'Regular Season'}","{'id': 210, 'name': 'Stadium of Light', 'country': {'id': 68, 'name': 'England'}}","{'id': 12, 'name': 'Kevin Friend', 'country': {'id': 68, 'name': 'England'}}",Sunderland,Norwich City,Away Win,2,0,3
3754015,2015-10-25,15:05:00.000,"{'competition_id': 2, 'country_name': 'England', 'competition_name': 'Premier League'}","{'season_id': 27, 'season_name': '2015/2016'}","{'home_team_id': 39, 'home_team_name': 'Manchester United', 'home_team_gender': 'male', 'home_team_group': None, 'country': {'id': 68, 'name': 'England'}, 'managers': [{'id': 788, 'name': 'Louis van Gaal', 'nickname': None, 'dob': '1951-08-08', 'country': {'id': 160, 'name': 'Netherlands'}}]}","{'away_team_id': 36, 'away_team_name': 'Manchester City', 'away_team_gender': 'male', 'away_team_group': None, 'country': {'id': 68, 'name': 'England'}, 'managers': [{'id': 733, 'name': 'Manuel Luis Pellegrini Ripamonti', 'nickname': 'Manuel Pellegrini', 'dob': '1953-09-16', 'country': {'id': 45, 'name': 'Chile'}}]}",0,0,available,scheduled,2020-08-25T04:08:02.171727,2021-06-13T16:17:31.694,"{'data_version': '1.1.0', 'shot_fidelity_version': '2', 'xy_fidelity_version': '2'}",10,"{'id': 1, 'name': 'Regular Season'}","{'id': 2, 'name': 'Old Trafford', 'country': {'id': 68, 'name': 'England'}}","{'id': 728, 'name': 'Mark Clattenburg', 'country': {'id': 68, 'name': 'England'}}",Manchester United,Manchester City,Draw,0,1,1
3754038,2015-11-29,17:15:00.000,"{'competition_id': 2, 'country_name': 'England', 'competition_name': 'Premier League'}","{'season_id': 27, 'season_name': '2015/2016'}","{'home_team_id': 56, 'home_team_name': 'Norwich City', 'home_team_gender': 'male', 'home_team_group': None, 'country': {'id': 68, 'name': 'England'}, 'managers': [{'id': 41, 'name': 'Alex Neil', 'nickname': None, 'dob': '1981-06-09', 'country': {'id': 201, 'name': 'Scotland'}}]}","{'away_team_id': 1, 'away_team_name': 'Arsenal', 'away_team_gender': 'male', 'away_team_group': None, 'country': {'id': 68, 'name': 'England'}, 'managers': [{'id': 577, 'name': 'Arsène Wenger', 'nickname': None, 'dob': '1949-10-22', 'country': {'id': 78, 'name': 'France'}}]}",1,1,available,scheduled,2022-12-01T13:30:31.668780,2021-06-13T16:17:31.694,"{'data_version': '1.1.0', 'shot_fidelity_version': '2', 'xy_fidelity_version': '2'}",14,"{'id': 1, 'name': 'Regular Season'}","{'id': 220, 'name': 'Carrow Road', 'country': {'id': 68, 'name': 'England'}}","{'id': 3, 'name': 'Jonathan Moss', 'country': {'id': 68, 'name': 'England'}}",Norwich City,Arsenal,Draw,0,1,1
3754001,2015-09-26,18:30:00.000,"{'competition_id': 2, 'country_name': 'England', 'competition_name': 'Premier League'}","{'season_id': 27, 'season_name': '2015/2016'}","{'home_team_id': 37, 'home_team_name': 'Newcastle United', 'home_team_gender': 'male', 'home_team_group': None, 'country': {'id': 68, 'name': 'England'}, 'managers': [{'id': 40, 'name': 'Steve McClaren', 'nickname': None, 'dob': '1961-05-03', 'country': {'id': 68, 'name': 'England'}}]}","{'away_team_id': 33, 'away_team_name': 'Chelsea', 'away_team_gender': 'male', 'away_team_group': None, 'country': {'id': 68, 'name': 'England'}, 'managers': [{'id': 383, 'name': 'José Mario Felix dos Santos Mourinho', 'nickname': 'José Mourinho', 'dob': '1963-01-26', 'country': {'id': 183, 'name': 'Portugal'}}]}",2,2,available,scheduled,2022-12-01T12:56:05.367071,2021-06-13T16:17:31.694,"{'data_version': '1.1.0', 'shot_fidelity_version': '2', 'xy_fidelity_version': '2'}",7,"{'id': 1, 'name': 'Regular Season'}","{'id': 4674, 'name': ""St. James' Park"", 'country': {'id': 68, 'name': 'England'}}","{'id': 4, 'name': 'Martin Atkinson', 'country': {'id': 68, 'name': 'England'}}",Newcastle United,Chelsea,Draw,0,1,1
3754007,2015-08-29,16:00:00.000,"{'competition_id': 2, 'country_name': 'England', 'competition_name': 'Premier League'}","{'season_id': 27, 'season_name': '2015/2016'}","{'home_team_id': 30, 'home_team_name': 'Stoke City', 'home_team_gender': 'male', 'home_team_group': None, 'country': {'id': 68, 'name': 'England'}, 'managers': [{'id': 55, 'name': 'Mark Hughes', 'nickname': None, 'dob': '1963-11-01', 'country': {'id': 249, 'name': 'Wales'}}]}","{'away_team_id': 27, 'away_team_name': 'West Bromwich Albion', 'away_team_gender': 'male', 'away_team_group': None, 'country': {'id': 68, 'name': 'England'}, 'managers': [{'id': 300, 'name': 'Tony Pulis', 'nickname': None, 'dob': '1958-01-16', 'country': {'id': 249, 'name': 'Wales'}}]}",0,1,available,scheduled,2022-07-08T22:13:15.691727,2021-06-13T16:17:31.694,"{'data_version': '1.1.0', 'shot_fidelity_version': '2', 'xy_fidelity_version': '2'}",4,"{'id': 1, 'name': 'Regular Season'}","{'id': 29, 'name': 'bet365 Stadium', 'country': {'id': 68, 'name': 'England'}}","{'id': 1, 'name': 'Michael Oliver', 'country': {'id': 68, 'name': 'England'}}",Stoke City,West Bromwich Albion,Away Win,1,0,3
3754008,2015-09-26,16:00:00.000,"{'competition_id': 2, 'country_name': 'England', 'competition_name': 'Premier League'}","{'season_id': 27, 'season_name': '2015/2016'}","{'home_team_id': 39, 'home_team_name': 'Manchester United', 'home_team_gender': 'male', 'home_team_group': None, 'country': {'id': 68, 'name': 'England'}, 'managers': [{'id': 788, 'name': 'Louis van Gaal', 'nickname': None, 'dob': '1951-08-08', 'country': {'id': 160, 'name': 'Netherlands'}}]}","{'away_team_id': 41, 'away_team_name': 'Sunderland', 'away_team_gender': 'male', 'away_team_group': None, 'country': {'id': 68, 'name': 'England'}, 'managers': [{'id': 453, 'name': 'Dick Advocaat', 'nickname': None, 'dob': '1947-09-27', 'country': {'id': 160, 'name': 'Netherlands'}}]}",3,0,available,scheduled,2022-12-01T12:57:57.279949,2021-06-13T16:17:31.694,"{'data_version': '1.1.0', 'shot_fidelity_version': '2', 'xy_fidelity_version': '2'}",7,"{'id': 1, 'name': 'Regular Season'}","{'id': 2, 'name': 'Old Trafford', 'country': {'id': 68, 'name': 'England'}}","{'id': 14, 'name': 'Mike Jones', 'country': {'id': 68, 'name': 'England'}}",Manchester United,Sunderland,Home Win,3,3,0
3754029,2015-11-02,21:00:00.000,"{'competition_id': 2, 'country_name': 'England', 'competition_name': 'Premier League'}","{'season_id': 27, 'season_name': '2015/2016'}","{'home_team_id': 38, 'home_team_name': 'Tottenham Hotspur', 'home_team_gender': 'male', 'home_team_group': None, 'country': {'id': 68, 'name': 'England'}, 'managers': [{'id': 81, 'name': 'Mauricio Roberto Pochettino Trossero', 'nickname': 'Mauricio Pochettino', 'dob': '1972-03-02', 'country': {'id': 11, 'name': 'Argentina'}}]}","{'away_team_id': 59, 'away_team_name': 'Aston Villa', 'away_team_gender': 'male', 'away_team_group': None, 'country': {'id': 68, 'name': 'England'}, 'managers': [{'id': 330, 'name': 'Kevin MacDonald', 'nickname': None, 'dob': '1960-11-22', 'country': {'id': 201, 'name': 'Scotland'}}]}",3,1,available,scheduled,2020-09-11T05:14:06.930506,2021-06-13T16:17:31.694,"{'data_version': '1.1.0', 'shot_fidelity_version': '2', 'xy_fidelity_version': '2'}",11,"{'id': 1, 'name': 'Regular Season'}","{'id': 99148, 'name': 'White Hart Lane', 'country': {'id': 68, 'name': 'England'}}","{'id': 6, 'name': 'Mike Dean', 'country': {'id': 68, 'name': 'England'}}",Tottenham Hotspur,Aston Villa,Home Win,2,3,0
3753995,2015-10-03,18:30:00.000,"{'competition_id': 2, 'country_name': 'England', 'competition_name': 'Premier League'}","{'season_id': 27, 'season_name': '2015/2016'}","{'home_team_id': 33, 'home_team_name': 'Chelsea', 'home_team_gender': 'male', 'home_team_group': None, 'country': {'id': 68, 'name': 'England'}, 'managers': [{'id': 383, 'name': 'José Mario Felix dos Santos Mourinho', 'nickname': 'José Mourinho', 'dob': '1963-01-26', 'country': {'id': 183, 'name': 'Portugal'}}]}","{'away_team_id': 25, 'away_team_name': 'Southampton', 'away_team_gender': 'male', 'away_team_group': None, 'country': {'id': 68, 'name': 'England'}, 'managers': [{'id': 676, 'name': 'Ronald Koeman', 'nickname': None, 'dob': '1963-03-21', 'country': {'id': 160, 'name': 'Netherlands'}}]}",1,3,available,scheduled,2022-12-01T13:00:37.183788,2021-06-13T16:17:31.694,"{'data_version': '1.1.0', 'shot_fidelity_version': '2', 'xy_fidelity_version': '2'}",8,"{'id': 1, 'name': 'Regular Season'}","{'id': 10, 'name': 'Stamford Bridge', 'country': {'id': 68, 'name': 'England'}}","{'id': 9, 'name': 'Robert Madley', 'country': {'id': 68, 'name': 'England'}}",Chelsea,Southampton,Away Win,2,0,3
3753999,2015-10-17,18:30:00.000,"{'competition_id': 2, 'country_name': 'England', 'competition_name': 'Premier League'}","{'season_id': 27, 'season_name': '2015/2016'}","{'home_team_id': 23, 'home_team_name': 'Watford', 'home_team_gender': 'male', 'home_team_group': None, 'country': {'id': 68, 'name': 'England'}, 'managers': [{'id': 236, 'name': 'Enrique Sánchez Flores', 'nickname': 'Quique Sánchez Flores', 'dob': '1965-02-05', 'country': {'id': 214, 'name': 'Spain'}}]}","{'away_team_id': 1, 'away_team_name': 'Arsenal', 'away_team_gender': 'male', 'away_team_group': None, 'country': {'id': 68, 'name': 'England'}, 'managers': [{'id': 577, 'name': 'Arsène Wenger', 'nickname': None, 'dob': '1949-10-22', 'country': {'id': 78, 'name': 'France'}}]}",0,3,available,scheduled,2022-12-01T13:06:26.101546,2021-06-13T16:17:31.694,"{'data_version': '1.1.0', 'shot_fidelity_version': '2', 'xy_fidelity_version': '2'}",9,"{'id': 1, 'name': 'Regular Season'}","{'id': 4589, 'name': 'Vicarage Road', 'country': {'id': 68, 'name': 'England'}}","{'id': 14, 'name': 'Mike Jones', 'country': {'id': 68, 'name': 'England'}}",Watford,Arsenal,Away Win,3,0,3
3754017,2015-10-24,16:00:00.000,"{'competition_id': 2, 'country_name': 'England', 'competition_name': 'Premier League'}","{'season_id': 27, 'season_name': '2015/2016'}","{'home_team_id': 59, 'home_team_name': 'Aston Villa', 'home_team_gender': 'male', 'home_team_group': None, 'country': {'id': 68, 'name': 'England'}, 'managers': [{'id': 5003, 'name': 'Tim Sherwood', 'nickname': None, 'dob': '1969-02-06', 'country': {'id': 68, 'name': 'England'}}]}","{'away_team_id': 26, 'away_team_name': 'Swansea City', 'away_team_gender': 'male', 'away_team_group': None, 'country': {'id': 249, 'name': 'Wales'}, 'managers': [{'id': 270, 'name': 'Garry Monk', 'nickname': None, 'dob': '1979-03-06', 'country': {'id': 68, 'name': 'England'}}]}",1,2,available,scheduled,2022-12-01T13:12:42.087634,2021-06-13T16:17:31.694,"{'data_version': '1.1.0', 'shot_fidelity_version': '2', 'xy_fidelity_version': '2'}",10,"{'id': 1, 'name': 'Regular Season'}","{'id': 211, 'name': 'Villa Park', 'country': {'id': 68, 'name': 'England'}}","{'id': 7, 'name': 'Neil Swarbrick', 'country': {'id': 68, 'name': 'England'}}",Aston Villa,Swansea City,Away Win,1,0,3
3754006,2015-10-31,16:00:00.000,"{'competition_id': 2, 'country_name': 'England', 'competition_name': 'Premier League'}","{'season_id': 27, 'season_name': '2015/2016'}","{'home_team_id': 27, 'home_team_name': 'West Bromwich Albion', 'home_team_gender': 'male', 'home_team_group': None, 'country': {'id': 68, 'name': 'England'}, 'managers': [{'id': 300, 'name': 'Tony Pulis', 'nickname': None, 'dob': '1958-01-16', 'country': {'id': 249, 'name': 'Wales'}}]}","{'away_team_id': 22, 'away_team_name': 'Leicester City', 'away_team_gender': 'male', 'away_team_group': None, 'country': {'id': 68, 'name': 'England'}, 'managers': [{'id': 60, 'name': 'Claudio Ranieri', 'nickname': None, 'dob': '1951-10-20', 'country': {'id': 112, 'name': 'Italy'}}]}",2,3,available,scheduled,2022-12-01T13:19:00.327680,2021-06-13T16:17:31.694,"{'data_version': '1.1.0', 'shot_fidelity_version': '2', 'xy_fidelity_version': '2'}",11,"{'id': 1, 'name': 'Regular Season'}","{'id': 33, 'name': 'The Hawthorns', 'country': {'id': 68, 'name': 'England'}}","{'id': 8, 'name': 'Anthony Taylor', 'country': {'id': 68, 'name': 'England'}}",West Bromwich Albion,Leicester City,Away Win,1,0,3
3754023,2015-08-29,16:00:00.000,"{'competition_id': 2, 'country_name': 'England', 'competition_name': 'Premier League'}","{'season_id': 27, 'season_name': '2015/2016'}","{'home_team_id': 28, 'home_team_name': 'AFC Bournemouth', 'home_team_gender': 'male', 'home_team_group': None, 'country': {'id': 68, 'name': 'England'}, 'managers': [{'id': 38, 'name': 'Eddie Howe', 'nickname': None, 'dob': '1977-11-29', 'country': {'id': 68, 'name': 'England'}}]}","{'away_team_id': 22, 'away_team_name': 'Leicester City', 'away_team_gender': 'male', 'away_team_group': None, 'country': {'id': 68, 'name': 'England'}, 'managers': [{'id': 60, 'name': 'Claudio Ranieri', 'nickname': None, 'dob': '1951-10-20', 'country': {'id': 112, 'name': 'Italy'}}]}",1,1,available,scheduled,2022-07-08T22:06:02.823294,2021-06-13T16:17:31.694,"{'data_version': '1.1.0', 'shot_fidelity_version': '2', 'xy_fidelity_version': '2'}",4,"{'id': 1, 'name': 'Regular Season'}","{'id': 71, 'name': 'Vitality Stadium', 'country': {'id': 68, 'name': 'England'}}","{'id': 7, 'name': 'Neil Swarbrick', 'country': {'id': 68, 'name': 'England'}}",AFC Bournemouth,Leicester City,Draw,0,1,1
3753984,2015-08-29,16:00:00.000,"{'competition_id': 2, 'country_name': 'England', 'competition_name': 'Premier League'}","{'season_id': 27, 'season_name': '2015/2016'}","{'home_team_id': 24, 'home_team_name': 'Liverpool', 'home_team_gender': 'male', 'home_team_group': None, 'country': {'id': 68, 'name': 'England'}, 'managers': [{'id': 6, 'name': 'Brendan Rodgers', 'nickname': None, 'dob': '1973-01-26', 'country': {'id': 169, 'name': 'Northern Ireland'}}]}","{'away_team_id': 40, 'away_team_name': 'West Ham United', 'away_team_gender': 'male', 'away_team_group': None, 'country': {'id': 68, 'name': 'England'}, 'managers': [{'id': 150, 'name': 'Slaven Bilić', 'nickname': None, 'dob': '1968-09-11', 'country': {'id': 56, 'name': 'Croatia'}}]}",0,3,available,scheduled,2020-10-17T09:21:07.414340,2021-06-13T16:17:31.694,"{'data_version': '1.1.0', 'shot_fidelity_version': '2', 'xy_fidelity_version': '2'}",4,"{'id': 1, 'name': 'Regular Season'}","{'id': 6, 'name': 'Anfield ', 'country': {'id': 68, 'name': 'England'}}","{'id': 12, 'name': 'Kevin Friend', 'country': {'id': 68, 'name': 'England'}}",Liverpool,West Ham United,Away Win,3,0,3
3754011,2015-09-20,17:00:00.000,"{'competition_id': 2, 'country_name': 'England', 'competition_name': 'Premier League'}","{'season_id': 27, 'season_name': '2015/2016'}","{'home_team_id': 25, 'home_team_name': 'Southampton', 'home_team_gender': 'male', 'home_team_group': None, 'country': {'id': 68, 'name': 'England'}, 'managers': [{'id': 676, 'name': 'Ronald Koeman', 'nickname': None, 'dob': '1963-03-21', 'country': {'id': 160, 'name': 'Netherlands'}}]}","{'away_team_id': 39, 'away_team_name': 'Manchester United', 'away_team_gender': 'male', 'away_team_group': None, 'country': {'id': 68, 'name': 'England'}, 'managers': [{'id': 788, 'name': 'Louis van Gaal', 'nickname': None, 'dob': '1951-08-08', 'country': {'id': 160, 'name': 'Netherlands'}}]}",2,3,available,scheduled,2020-09-11T18:18:25.317407,2021-06-13T16:17:31.694,"{'data_version': '1.1.0', 'shot_fidelity_version': '2', 'xy_fidelity_version': '2'}",6,"{'id': 1, 'name': 'Regular Season'}","{'id': 4591, 'name': ""St. Mary's Stadium"", 'country': {'id': 68, 'name': 'England'}}","{'id': 728, 'name': 'Mark Clattenburg', 'country': {'id': 68, 'name': 'England'}}",Southampton,Manchester United,Away Win,1,0,3
3754010,2015-09-19,16:00:00.000,"{'competition_id': 2, 'country_name': 'England', 'competition_name': 'Premier League'}","{'season_id': 27, 'season_name': '2015/2016'}","{'home_team_id': 37, 'home_team_name': 'Newcastle United', 'home_team_gender': 'male', 'home_team_group': None, 'country': {'id': 68, 'name': 'England'}, 'managers': [{'id': 40, 'name': 'Steve McClaren', 'nickname': None, 'dob': '1961-05-03', 'country': {'id': 68, 'name': 'England'}}]}","{'away_team_id': 23, 'away_team_name': 'Watford', 'away_team_gender': 'male', 'away_team_group': None, 'country': {'id': 68, 'name': 'England'}, 'managers': [{'id': 236, 'name': 'Enrique Sánchez Flores', 'nickname': 'Quique Sánchez Flores', 'dob': '1965-02-05', 'country': {'id': 214, 'name': 'Spain'}}]}",1,2,available,scheduled,2020-09-11T18:18:25.317407,2021-06-13T16:17:31.694,"{'data_version': '1.1.0', 'shot_fidelity_version': '2', 'xy_fidelity_version': '2'}",6,"{'id': 1, 'name': 'Regular Season'}","{'id': 4674, 'name': ""St. James' Park"", 'country': {'id': 68, 'name': 'England'}}","{'id': 13, 'name': 'Roger East', 'country': {'id': 68, 'name': 'England'}}",Newcastle United,Watford,Away Win,1,0,3
3754028,2015-11-28,16:00:00.000,"{'competition_id': 2, 'country_name': 'England', 'competition_name': 'Premier League'}","{'season_id': 27, 'season_name': '2015/2016'}","{'home_team_id': 36, 'home_team_name': 'Manchester City', 'home_team_gender': 'male', 'home_team_group': None, 'country': {'id': 68, 'name': 'England'}, 'managers': [{'id': 733, 'name': 'Manuel Luis Pellegrini Ripamonti', 'nickname': 'Manuel Pellegrini', 'dob': '1953-09-16', 'country': {'id': 45, 'name': 'Chile'}}]}","{'away_team_id': 25, 'away_team_name': 'Southampton', 'away_team_gender': 'male', 'away_team_group': None, 'country': {'id': 68, 'name': 'England'}, 'managers': [{'id': 676, 'name': 'Ronald Koeman', 'nickname': None, 'dob': '1963-03-21', 'country': {'id': 160, 'name': 'Netherlands'}}]}",3,1,available,scheduled,2020-10-13T04:07:42.390743,2021-06-13T16:17:31.694,"{'data_version': '1.1.0', 'shot_fidelity_version': '2', 'xy_fidelity_version': '2'}",14,"{'id': 1, 'name': 'Regular Season'}","{'id': 4715, 'name': 'Etihad Stadium', 'country': {'id': 68, 'name': 'England'}}","{'id': 13, 'name': 'Roger East', 'country': {'id': 68, 'name': 'England'}}",Manchester City,Southampton,Home Win,2,3,0
3753996,2015-11-21,16:00:00.000,"{'competition_id': 2, 'country_name': 'England', 'competition_name': 'Premier League'}","{'season_id': 27, 'season_name': '2015/2016'}","{'home_team_id': 33, 'home_team_name': 'Chelsea', 'home_team_gender': 'male', 'home_team_group': None, 'country': {'id': 68, 'name': 'England'}, 'managers': [{'id': 383, 'name': 'José Mario Felix dos Santos Mourinho', 'nickname': 'José Mourinho', 'dob': '1963-01-26', 'country': {'id': 183, 'name': 'Portugal'}}]}","{'away_team_id': 56, 'away_team_name': 'Norwich City', 'away_team_gender': 'male', 'away_team_group': None, 'country': {'id': 68, 'name': 'England'}, 'managers': [{'id': 41, 'name': 'Alex Neil', 'nickname': None, 'dob': '1981-06-09', 'country': {'id': 201, 'name': 'Scotland'}}]}",1,0,available,scheduled,2020-09-25T09:08:13.824071,2021-06-13T16:17:31.694,"{'data_version': '1.1.0', 'shot_fidelity_version': '2', 'xy_fidelity_version': '2'}",13,"{'id': 1, 'name': 'Regular Season'}","{'id': 10, 'name': 'Stamford Bridge', 'country': {'id': 68, 'name': 'England'}}","{'id': 2, 'name': 'Craig Pawson', 'country': {'id': 68, 'name': 'England'}}",Chelsea,Norwich City,Home Win,1,3,0
3754025,2015-12-19,16:00:00.000,"{'competition_id': 2, 'country_name': 'England', 'competition_name': 'Premier League'}","{'season_id': 27, 'season_name': '2015/2016'}","{'home_team_id': 33, 'home_team_name': 'Chelsea', 'home_team_gender': 'male', 'home_team_group': None, 'country': {'id': 68, 'name': 'England'}, 'managers': [{'id': 5019, 'name': 'Steve Holland', 'nickname': None, 'dob': '1970-04-30', 'country': {'id': 68, 'name': 'England'}}]}","{'away_team_id': 41, 'away_team_name': 'Sunderland', 'away_team_gender': 'male', 'away_team_group': None, 'country': {'id': 68, 'name': 'England'}, 'managers': [{'id': 561, 'name': 'Sam Allardyce', 'nickname': None, 'dob': '1954-10-19', 'country': {'id': 68, 'name': 'England'}}]}",3,1,available,scheduled,2020-10-14T04:05:46.682622,2021-06-13T16:17:31.694,"{'data_version': '1.1.0', 'shot_fidelity_version': '2', 'xy_fidelity_version': '2'}",17,"{'id': 1, 'name': 'Regular Season'}","{'id': 10, 'name': 'Stamford Bridge', 'country': {'id': 68, 'name': 'England'}}","{'id': 13, 'name': 'Roger East', 'country': {'id': 68, 'name': 'England'}}",Chelsea,Sunderland,Home Win,2,3,0
3754068,2015-09-19,16:00:00.000,"{'competition_id': 2, 'country_name': 'England', 'competition_name': 'Premier League'}","{'season_id': 27, 'season_name': '2015/2016'}","{'home_team_id': 59, 'home_team_name': 'Aston Villa', 'home_team_gender': 'male', 'home_team_group': None, 'country': {'id': 68, 'name': 'England'}, 'managers': [{'id': 5003, 'name': 'Tim Sherwood', 'nickname': None, 'dob': '1969-02-06', 'country': {'id': 68, 'name': 'England'}}]}","{'away_team_id': 27, 'away_team_name': 'West Bromwich Albion', 'away_team_gender': 'male', 'away_team_group': None, 'country': {'id': 68, 'name': 'England'}, 'managers': [{'id': 300, 'name': 'Tony Pulis', 'nickname': None, 'dob': '1958-01-16', 'country': {'id': 249, 'name': 'Wales'}}]}",0,1,available,scheduled,2022-07-08T23:23:55.789947,2021-06-13T16:17:31.694,"{'data_version': '1.1.0', 'shot_fidelity_version': '2', 'xy_fidelity_version': '2'}",6,"{'id': 1, 'name': 'Regular Season'}","{'id': 211, 'name': 'Villa Park', 'country': {'id': 68, 'name': 'England'}}","{'id': 4, 'name': 'Martin Atkinson', 'country': {'id': 68, 'name': 'England'}}",Aston Villa,West Bromwich Albion,Away Win,1,0,3
3754056,2015-12-28,16:00:00.000,"{'competition_id': 2, 'country_name': 'England', 'competition_name': 'Premier League'}","{'season_id': 27, 'season_name': '2015/2016'}","{'home_team_id': 29, 'home_team_name': 'Everton', 'home_team_gender': 'male', 'home_team_group': None, 'country': {'id': 68, 'name': 'England'}, 'managers': [{'id': 263, 'name': 'Roberto Martínez Montoliú', 'nickname': 'Roberto Martínez', 'dob': '1973-07-13', 'country': {'id': 214, 'name': 'Spain'}}]}","{'away_team_id': 30, 'away_team_name': 'Stoke City', 'away_team_gender': 'male', 'away_team_group': None, 'country': {'id': 68, 'name': 'England'}, 'managers': [{'id': 55, 'name': 'Mark Hughes', 'nickname': None, 'dob': '1963-11-01', 'country': {'id': 249, 'name': 'Wales'}}]}",3,4,available,scheduled,2022-12-01T13:44:43.258026,2021-06-13T16:17:31.694,"{'data_version': '1.1.0', 'shot_fidelity_version': '2', 'xy_fidelity_version': '2'}",19,"{'id': 1, 'name': 'Regular Season'}","{'id': 12, 'name': 'Goodison Park', 'country': {'id': 68, 'name': 'England'}}","{'id': 728, 'name': 'Mark Clattenburg', 'country': {'id': 68, 'name': 'England'}}",Everton,Stoke City,Away Win,1,0,3
3754040,2015-09-20,17:00:00.000,"{'competition_id': 2, 'country_name': 'England', 'competition_name': 'Premier League'}","{'season_id': 27, 'season_name': '2015/2016'}","{'home_team_id': 24, 'home_team_name': 'Liverpool', 'home_team_gender': 'male', 'home_team_group': None, 'country': {'id': 68, 'name': 'England'}, 'managers': [{'id': 6, 'name': 'Brendan Rodgers', 'nickname': None, 'dob': '1973-01-26', 'country': {'id': 169, 'name': 'Northern Ireland'}}]}","{'away_team_id': 56, 'away_team_name': 'Norwich City', 'away_team_gender': 'male', 'away_team_group': None, 'country': {'id': 68, 'name': 'England'}, 'managers': [{'id': 41, 'name': 'Alex Neil', 'nickname': None, 'dob': '1981-06-09', 'country': {'id': 201, 'name': 'Scotland'}}]}",1,1,available,scheduled,2020-11-20T03:36:43.828872,2021-06-13T16:17:31.694,"{'data_version': '1.1.0', 'shot_fidelity_version': '2', 'xy_fidelity_version': '2'}",6,"{'id': 1, 'name': 'Regular Season'}","{'id': 6, 'name': 'Anfield ', 'country': {'id': 68, 'name': 'England'}}","{'id': 8, 'name': 'Anthony Taylor', 'country': {'id': 68, 'name': 'England'}}",Liverpool,Norwich City,Draw,0,1,1
3754074,2015-10-04,17:00:00.000,"{'competition_id': 2, 'country_name': 'England', 'competition_name': 'Premier League'}","{'season_id': 27, 'season_name': '2015/2016'}","{'home_team_id': 26, 'home_team_name': 'Swansea City', 'home_team_gender': 'male', 'home_team_group': None, 'country': {'id': 249, 'name': 'Wales'}, 'managers': [{'id': 270, 'name': 'Garry Monk', 'nickname': None, 'dob': '1979-03-06', 'country': {'id': 68, 'name': 'England'}}]}","{'away_team_id': 38, 'away_team_name': 'Tottenham Hotspur', 'away_team_gender': 'male', 'away_team_group': None, 'country': {'id': 68, 'name': 'England'}, 'managers': [{'id': 81, 'name': 'Mauricio Roberto Pochettino Trossero', 'nickname': 'Mauricio Pochettino', 'dob': '1972-03-02', 'country': {'id': 11, 'name': 'Argentina'}}]}",2,2,available,scheduled,2022-12-01T13:04:27.833049,2021-06-13T16:17:31.694,"{'data_version': '1.1.0', 'shot_fidelity_version': '2', 'xy_fidelity_version': '2'}",8,"{'id': 1, 'name': 'Regular Season'}","{'id': 45, 'name': 'Swansea.com Stadium', 'country': {'id': 249, 'name': 'Wales'}}","{'id': 6, 'name': 'Mike Dean', 'country': {'id': 68, 'name': 'England'}}",Swansea City,Tottenham Hotspur,Draw,0,1,1
3754076,2015-10-03,16:00:00.000,"{'competition_id': 2, 'country_name': 'England', 'competition_name': 'Premier League'}","{'season_id': 27, 'season_name': '2015/2016'}","{'home_team_id': 41, 'home_team_name': 'Sunderland', 'home_team_gender': 'male', 'home_team_group': None, 'country': {'id': 68, 'name': 'England'}, 'managers': [{'id': 453, 'name': 'Dick Advocaat', 'nickname': None, 'dob': '1947-09-27', 'country': {'id': 160, 'name': 'Netherlands'}}]}","{'away_team_id': 40, 'away_team_name': 'West Ham United', 'away_team_gender': 'male', 'away_team_group': None, 'country': {'id': 68, 'name': 'England'}, 'managers': [{'id': 150, 'name': 'Slaven Bilić', 'nickname': None, 'dob': '1968-09-11', 'country': {'id': 56, 'name': 'Croatia'}}]}",2,2,available,scheduled,2020-08-18T20:00:50.021035,2021-06-13T16:17:31.694,"{'data_version': '1.1.0', 'shot_fidelity_version': '2', 'xy_fidelity_version': '2'}",8,"{'id': 1, 'name': 'Regular Season'}","{'id': 210, 'name': 'Stadium of Light', 'country': {'id': 68, 'name': 'England'}}","{'id': 7, 'name': 'Neil Swarbrick', 'country': {'id': 68, 'name': 'England'}}",Sunderland,West Ham United,Draw,0,1,1
3754067,2015-10-17,16:00:00.000,"{'competition_id': 2, 'country_name': 'England', 'competition_name': 'Premier League'}","{'season_id': 27, 'season_name': '2015/2016'}","{'home_team_id': 31, 'home_team_name': 'Crystal Palace', 'home_team_gender': 'male', 'home_team_group': None, 'country': {'id': 68, 'name': 'England'}, 'managers': [{'id': 382, 'name': 'Alan Pardew', 'nickname': None, 'dob': '1961-07-18', 'country': {'id': 68, 'name': 'England'}}]}","{'away_team_id': 40, 'away_team_name': 'West Ham United', 'away_team_gender': 'male', 'away_team_group': None, 'country': {'id': 68, 'name': 'England'}, 'managers': [{'id': 150, 'name': 'Slaven Bilić', 'nickname': None, 'dob': '1968-09-11', 'country': {'id': 56, 'name': 'Croatia'}}]}",1,3,available,scheduled,2020-08-24T23:30:31.273938,2021-06-13T16:17:31.694,"{'data_version': '1.1.0', 'shot_fidelity_version': '2', 'xy_fidelity_version': '2'}",9,"{'id': 1, 'name': 'Regular Season'}","{'id': 37, 'name': 'Selhurst Park', 'country': {'id': 68, 'name': 'England'}}","{'id': 728, 'name': 'Mark Clattenburg', 'country': {'id': 68, 'name': 'England'}}",Crystal Palace,West Ham United,Away Win,2,0,3
3754079,2015-10-03,16:00:00.000,"{'competition_id': 2, 'country_name': 'England', 'competition_name': 'Premier League'}","{'season_id': 27, 'season_name': '2015/2016'}","{'home_team_id': 36, 'home_team_name': 'Manchester City', 'home_team_gender': 'male', 'home_team_group': None, 'country': {'id': 68, 'name': 'England'}, 'managers': [{'id': 733, 'name': 'Manuel Luis Pellegrini Ripamonti', 'nickname': 'Manuel Pellegrini', 'dob': '1953-09-16', 'country': {'id': 45, 'name': 'Chile'}}]}","{'away_team_id': 37, 'away_team_name': 'Newcastle United', 'away_team_gender': 'male', 'away_team_group': None, 'country': {'id': 68, 'name': 'England'}, 'managers': [{'id': 40, 'name': 'Steve McClaren', 'nickname': None, 'dob': '1961-05-03', 'country': {'id': 68, 'name': 'England'}}]}",6,1,available,scheduled,2021-07-17T13:27:52.354,2021-06-13T16:17:31.694,"{'data_version': '1.1.0', 'shot_fidelity_version': '2', 'xy_fidelity_version': '2'}",8,"{'id': 1, 'name': 'Regular Season'}","{'id': 4715, 'name': 'Etihad Stadium', 'country': {'id': 68, 'name': 'England'}}","{'id': 12, 'name': 'Kevin Friend', 'country': {'id': 68, 'name': 'England'}}",Manchester City,Newcastle United,Home Win,5,3,0
3754090,2015-10-31,16:00:00.000,"{'competition_id': 2, 'country_name': 'England', 'competition_name': 'Premier League'}","{'season_id': 27, 'season_name': '2015/2016'}","{'home_team_id': 37, 'home_team_name': 'Newcastle United', 'home_team_gender': 'male', 'home_team_group': None, 'country': {'id': 68, 'name': 'England'}, 'managers': [{'id': 40, 'name': 'Steve McClaren', 'nickname': None, 'dob': '1961-05-03', 'country': {'id': 68, 'name': 'England'}}]}","{'away_team_id': 30, 'away_team_name': 'Stoke City', 'away_team_gender': 'male', 'away_team_group': None, 'country': {'id': 68, 'name': 'England'}, 'managers': [{'id': 55, 'name': 'Mark Hughes', 'nickname': None, 'dob': '1963-11-01', 'country': {'id': 249, 'name': 'Wales'}}]}",0,0,available,scheduled,2022-12-01T13:18:13.292540,2021-06-13T16:17:31.694,"{'data_version': '1.1.0', 'shot_fidelity_version': '2', 'xy_fidelity_version': '2'}",11,"{'id': 1, 'name': 'Regular Season'}","{'id': 4674, 'name': ""St. James' Park"", 'country': {'id': 68, 'name': 'England'}}","{'id': 13, 'name': 'Roger East', 'country': {'id': 68, 'name': 'England'}}",Newcastle United,Stoke City,Draw,0,1,1
3754083,2015-08-29,16:00:00.000,"{'competition_id': 2, 'country_name': 'England', 'competition_name': 'Premier League'}","{'season_id': 27, 'season_name': '2015/2016'}","{'home_team_id': 33, 'home_team_name': 'Chelsea', 'home_team_gender': 'male', 'home_team_group': None, 'country': {'id': 68, 'name': 'England'}, 'managers': [{'id': 383, 'name': 'José Mario Felix dos Santos Mourinho', 'nickname': 'José Mourinho', 'dob': '1963-01-26', 'country': {'id': 183, 'name': 'Portugal'}}]}","{'away_team_id': 31, 'away_team_name': 'Crystal Palace', 'away_team_gender': 'male', 'away_team_group': None, 'country': {'id': 68, 'name': 'England'}, 'managers': [{'id': 382, 'name': 'Alan Pardew', 'nickname': None, 'dob': '1961-07-18', 'country': {'id': 68, 'name': 'England'}}]}",1,2,available,scheduled,2020-08-26T11:41:42.229292,2021-06-13T16:17:31.694,"{'data_version': '1.1.0', 'shot_fidelity_version': '2', 'xy_fidelity_version': '2'}",4,"{'id': 1, 'name': 'Regular Season'}","{'id': 10, 'name': 'Stamford Bridge', 'country': {'id': 68, 'name': 'England'}}","{'id': 2, 'name': 'Craig Pawson', 'country': {'id': 68, 'name': 'England'}}",Chelsea,Crystal Palace,Away Win,1,0,3
3754077,2015-09-19,18:30:00.000,"{'competition_id': 2, 'country_name': 'England', 'competition_name': 'Premier League'}","{'season_id': 27, 'season_name': '2015/2016'}","{'home_team_id': 36, 'home_team_name': 'Manchester City', 'home_team_gender': 'male', 'home_team_group': None, 'country': {'id': 68, 'name': 'England'}, 'managers': [{'id': 733, 'name': 'Manuel Luis Pellegrini Ripamonti', 'nickname': 'Manuel Pellegrini', 'dob': '1953-09-16', 'country': {'id': 45, 'name': 'Chile'}}]}","{'away_team_id': 40, 'away_team_name': 'West Ham United', 'away_team_gender': 'male', 'away_team_group': None, 'country': {'id': 68, 'name': 'England'}, 'managers': [{'id': 150, 'name': 'Slaven Bilić', 'nickname': None, 'dob': '1968-09-11', 'country': {'id': 56, 'name': 'Croatia'}}]}",1,2,available,scheduled,2020-09-09T11:03:23.049831,2021-06-13T16:17:31.694,"{'data_version': '1.1.0', 'shot_fidelity_version': '2', 'xy_fidelity_version': '2'}",6,"{'id': 1, 'name': 'Regular Season'}","{'id': 4715, 'name': 'Etihad Stadium', 'country': {'id': 68, 'name': 'England'}}","{'id': 9, 'name': 'Robert Madley', 'country': {'id': 68, 'name': 'England'}}",Manchester City,West Ham United,Away Win,1,0,3
3754060,2015-10-04,14:30:00.000,"{'competition_id': 2, 'country_name': 'England', 'competition_name': 'Premier League'}","{'season_id': 27, 'season_name': '2015/2016'}","{'home_team_id': 29, 'home_team_name': 'Everton', 'home_team_gender': 'male', 'home_team_group': None, 'country': {'id': 68, 'name': 'England'}, 'managers': [{'id': 263, 'name': 'Roberto Martínez Montoliú', 'nickname': 'Roberto Martínez', 'dob': '1973-07-13', 'country': {'id': 214, 'name': 'Spain'}}]}","{'away_team_id': 24, 'away_team_name': 'Liverpool', 'away_team_gender': 'male', 'away_team_group': None, 'country': {'id': 68, 'name': 'England'}, 'managers': [{'id': 6, 'name': 'Brendan Rodgers', 'nickname': None, 'dob': '1973-01-26', 'country': {'id': 169, 'name': 'Northern Ireland'}}]}",1,1,available,scheduled,2022-12-01T13:05:24.882873,2021-06-13T16:17:31.694,"{'data_version': '1.1.0', 'shot_fidelity_version': '2', 'xy_fidelity_version': '2'}",8,"{'id': 1, 'name': 'Regular Season'}","{'id': 12, 'name': 'Goodison Park', 'country': {'id': 68, 'name': 'England'}}","{'id': 4, 'name': 'Martin Atkinson', 'country': {'id': 68, 'name': 'England'}}",Everton,Liverpool,Draw,0,1,1
3754073,2015-12-05,18:30:00.000,"{'competition_id': 2, 'country_name': 'England', 'competition_name': 'Premier League'}","{'season_id': 27, 'season_name': '2015/2016'}","{'home_team_id': 33, 'home_team_name': 'Chelsea', 'home_team_gender': 'male', 'home_team_group': None, 'country': {'id': 68, 'name': 'England'}, 'managers': [{'id': 383, 'name': 'José Mario Felix dos Santos Mourinho', 'nickname': 'José Mourinho', 'dob': '1963-01-26', 'country': {'id': 183, 'name': 'Portugal'}}]}","{'away_team_id': 28, 'away_team_name': 'AFC Bournemouth', 'away_team_gender': 'male', 'away_team_group': None, 'country': {'id': 68, 'name': 'England'}, 'managers': [{'id': 38, 'name': 'Eddie Howe', 'nickname': None, 'dob': '1977-11-29', 'country': {'id': 68, 'name': 'England'}}]}",0,1,available,scheduled,2020-10-16T18:46:43.528532,2021-06-13T16:17:31.694,"{'data_version': '1.1.0', 'shot_fidelity_version': '2', 'xy_fidelity_version': '2'}",15,"{'id': 1, 'name': 'Regular Season'}","{'id': 10, 'name': 'Stamford Bridge', 'country': {'id': 68, 'name': 'England'}}","{'id': 14, 'name': 'Mike Jones', 'country': {'id': 68, 'name': 'England'}}",Chelsea,AFC Bournemouth,Away Win,1,0,3
3754085,2015-12-05,16:00:00.000,"{'competition_id': 2, 'country_name': 'England', 'competition_name': 'Premier League'}","{'season_id': 27, 'season_name': '2015/2016'}","{'home_team_id': 26, 'home_team_name': 'Swansea City', 'home_team_gender': 'male', 'home_team_group': None, 'country': {'id': 249, 'name': 'Wales'}, 'managers': [{'id': 270, 'name': 'Garry Monk', 'nickname': None, 'dob': '1979-03-06', 'country': {'id': 68, 'name': 'England'}}]}","{'away_team_id': 22, 'away_team_name': 'Leicester City', 'away_team_gender': 'male', 'away_team_group': None, 'country': {'id': 68, 'name': 'England'}, 'managers': [{'id': 60, 'name': 'Claudio Ranieri', 'nickname': None, 'dob': '1951-10-20', 'country': {'id': 112, 'name': 'Italy'}}]}",0,3,available,scheduled,2022-12-01T13:31:28.670223,2021-06-13T16:17:31.694,"{'data_version': '1.1.0', 'shot_fidelity_version': '2', 'xy_fidelity_version': '2'}",15,"{'id': 1, 'name': 'Regular Season'}","{'id': 45, 'name': 'Swansea.com Stadium', 'country': {'id': 249, 'name': 'Wales'}}","{'id': 1, 'name': 'Michael Oliver', 'country': {'id': 68, 'name': 'England'}}",Swansea City,Leicester City,Away Win,3,0,3
3754051,2015-12-20,14:30:00.000,"{'competition_id': 2, 'country_name': 'England', 'competition_name': 'Premier League'}","{'season_id': 27, 'season_name': '2015/2016'}","{'home_team_id': 23, 'home_team_name': 'Watford', 'home_team_gender': 'male', 'home_team_group': None, 'country': {'id': 68, 'name': 'England'}, 'managers': [{'id': 236, 'name': 'Enrique Sánchez Flores', 'nickname': 'Quique Sánchez Flores', 'dob': '1965-02-05', 'country': {'id': 214, 'name': 'Spain'}}]}","{'away_team_id': 24, 'away_team_name': 'Liverpool', 'away_team_gender': 'male', 'away_team_group': None, 'country': {'id': 68, 'name': 'England'}, 'managers': [{'id': 94, 'name': 'Jürgen Klopp', 'nickname': None, 'dob': '1967-06-16', 'country': {'id': 85, 'name': 'Germany'}}]}",3,0,available,scheduled,2020-10-14T08:14:01.395502,2021-06-13T16:17:31.694,"{'data_version': '1.1.0', 'shot_fidelity_version': '2', 'xy_fidelity_version': '2'}",17,"{'id': 1, 'name': 'Regular Season'}","{'id': 4589, 'name': 'Vicarage Road', 'country': {'id': 68, 'name': 'England'}}","{'id': 728, 'name': 'Mark Clattenburg', 'country': {'id': 68, 'name': 'England'}}",Watford,Liverpool,Home Win,3,3,0
3754093,2015-11-29,13:00:00.000,"{'competition_id': 2, 'country_name': 'England', 'competition_name': 'Premier League'}","{'season_id': 27, 'season_name': '2015/2016'}","{'home_team_id': 38, 'home_team_name': 'Tottenham Hotspur', 'home_team_gender': 'male', 'home_team_group': None, 'country': {'id': 68, 'name': 'England'}, 'managers': [{'id': 81, 'name': 'Mauricio Roberto Pochettino Trossero', 'nickname': 'Mauricio Pochettino', 'dob': '1972-03-02', 'country': {'id': 11, 'name': 'Argentina'}}]}","{'away_team_id': 33, 'away_team_name': 'Chelsea', 'away_team_gender': 'male', 'away_team_group': None, 'country': {'id': 68, 'name': 'England'}, 'managers': [{'id': 383, 'name': 'José Mario Felix dos Santos Mourinho', 'nickname': 'José Mourinho', 'dob': '1963-01-26', 'country': {'id': 183, 'name': 'Portugal'}}]}",0,0,available,scheduled,2020-10-14T18:55:22.961391,2021-06-13T16:17:31.694,"{'data_version': '1.1.0', 'shot_fidelity_version': '2', 'xy_fidelity_version': '2'}",14,"{'id': 1, 'name': 'Regular Season'}","{'id': 99148, 'name': 'White Hart Lane', 'country': {'id': 68, 'name': 'England'}}","{'id': 1, 'name': 'Michael Oliver', 'country': {'id': 68, 'name': 'England'}}",Tottenham Hotspur,Chelsea,Draw,0,1,1
3754046,2015-12-07,21:00:00.000,"{'competition_id': 2, 'country_name': 'England', 'competition_name': 'Premier League'}","{'season_id': 27, 'season_name': '2015/2016'}","{'home_team_id': 29, 'home_team_name': 'Everton', 'home_team_gender': 'male', 'home_team_group': None, 'country': {'id': 68, 'name': 'England'}, 'managers': [{'id': 263, 'name': 'Roberto Martínez Montoliú', 'nickname': 'Roberto Martínez', 'dob': '1973-07-13', 'country': {'id': 214, 'name': 'Spain'}}]}","{'away_team_id': 31, 'away_team_name': 'Crystal Palace', 'away_team_gender': 'male', 'away_team_group': None, 'country': {'id': 68, 'name': 'England'}, 'managers': [{'id': 382, 'name': 'Alan Pardew', 'nickname': None, 'dob': '1961-07-18', 'country': {'id': 68, 'name': 'England'}}]}",1,1,available,scheduled,2022-12-01T13:32:22.649321,2021-06-13T16:17:31.694,"{'data_version': '1.1.0', 'shot_fidelity_version': '2', 'xy_fidelity_version': '2'}",15,"{'id': 1, 'name': 'Regular Season'}","{'id': 12, 'name': 'Goodison Park', 'country': {'id': 68, 'name': 'England'}}","{'id': 2, 'name': 'Craig Pawson', 'country': {'id': 68, 'name': 'England'}}",Everton,Crystal Palace,Draw,0,1,1
3754072,2015-12-12,16:00:00.000,"{'competition_id': 2, 'country_name': 'England', 'competition_name': 'Premier League'}","{'season_id': 27, 'season_name': '2015/2016'}","{'home_team_id': 41, 'home_team_name': 'Sunderland', 'home_team_gender': 'male', 'home_team_group': None, 'country': {'id': 68, 'name': 'England'}, 'managers': [{'id': 561, 'name': 'Sam Allardyce', 'nickname': None, 'dob': '1954-10-19', 'country': {'id': 68, 'name': 'England'}}]}","{'away_team_id': 23, 'away_team_name': 'Watford', 'away_team_gender': 'male', 'away_team_group': None, 'country': {'id': 68, 'name': 'England'}, 'managers': [{'id': 236, 'name': 'Enrique Sánchez Flores', 'nickname': 'Quique Sánchez Flores', 'dob': '1965-02-05', 'country': {'id': 214, 'name': 'Spain'}}]}",0,1,available,scheduled,2020-10-27T02:32:07.331766,2021-06-13T16:17:31.694,"{'data_version': '1.1.0', 'shot_fidelity_version': '2', 'xy_fidelity_version': '2'}",16,"{'id': 1, 'name': 'Regular Season'}","{'id': 210, 'name': 'Stadium of Light', 'country': {'id': 68, 'name': 'England'}}","{'id': 11, 'name': 'Graham Scott', 'country': {'id': 68, 'name': 'England'}}",Sunderland,Watford,Away Win,1,0,3
3754082,2015-11-01,14:30:00.000,"{'competition_id': 2, 'country_name': 'England', 'competition_name': 'Premier League'}","{'season_id': 27, 'season_name': '2015/2016'}","{'home_team_id': 29, 'home_team_name': 'Everton', 'home_team_gender': 'male', 'home_team_group': None, 'country': {'id': 68, 'name': 'England'}, 'managers': [{'id': 263, 'name': 'Roberto Martínez Montoliú', 'nickname': 'Roberto Martínez', 'dob': '1973-07-13', 'country': {'id': 214, 'name': 'Spain'}}]}","{'away_team_id': 41, 'away_team_name': 'Sunderland', 'away_team_gender': 'male', 'away_team_group': None, 'country': {'id': 68, 'name': 'England'}, 'managers': [{'id': 561, 'name': 'Sam Allardyce', 'nickname': None, 'dob': '1954-10-19', 'country': {'id': 68, 'name': 'England'}}]}",6,2,available,scheduled,2020-11-29T14:07:50.969020,2021-06-13T16:17:31.694,"{'data_version': '1.1.0', 'shot_fidelity_version': '2', 'xy_fidelity_version': '2'}",11,"{'id': 1, 'name': 'Regular Season'}","{'id': 12, 'name': 'Goodison Park', 'country': {'id': 68, 'name': 'England'}}","{'id': 5, 'name': 'Andre Marriner', 'country': {'id': 68, 'name': 'England'}}",Everton,Sunderland,Home Win,4,3,0
3754106,2015-09-13,17:00:00.000,"{'competition_id': 2, 'country_name': 'England', 'competition_name': 'Premier League'}","{'season_id': 27, 'season_name': '2015/2016'}","{'home_team_id': 22, 'home_team_name': 'Leicester City', 'home_team_gender': 'male', 'home_team_group': None, 'country': {'id': 68, 'name': 'England'}, 'managers': [{'id': 60, 'name': 'Claudio Ranieri', 'nickname': None, 'dob': '1951-10-20', 'country': {'id': 112, 'name': 'Italy'}}]}","{'away_team_id': 59, 'away_team_name': 'Aston Villa', 'away_team_gender': 'male', 'away_team_group': None, 'country': {'id': 68, 'name': 'England'}, 'managers': [{'id': 5003, 'name': 'Tim Sherwood', 'nickname': None, 'dob': '1969-02-06', 'country': {'id': 68, 'name': 'England'}}]}",3,2,available,scheduled,2022-07-08T23:04:22.590976,2021-06-13T16:17:31.694,"{'data_version': '1.1.0', 'shot_fidelity_version': '2', 'xy_fidelity_version': '2'}",5,"{'id': 1, 'name': 'Regular Season'}","{'id': 20, 'name': 'King Power Stadium ', 'country': {'id': 68, 'name': 'England'}}","{'id': 6, 'name': 'Mike Dean', 'country': {'id': 68, 'name': 'England'}}",Leicester City,Aston Villa,Home Win,1,3,0
3754099,2015-10-03,13:45:00.000,"{'competition_id': 2, 'country_name': 'England', 'competition_name': 'Premier League'}","{'season_id': 27, 'season_name': '2015/2016'}","{'home_team_id': 31, 'home_team_name': 'Crystal Palace', 'home_team_gender': 'male', 'home_team_group': None, 'country': {'id': 68, 'name': 'England'}, 'managers': [{'id': 382, 'name': 'Alan Pardew', 'nickname': None, 'dob': '1961-07-18', 'country': {'id': 68, 'name': 'England'}}]}","{'away_team_id': 27, 'away_team_name': 'West Bromwich Albion', 'away_team_gender': 'male', 'away_team_group': None, 'country': {'id': 68, 'name': 'England'}, 'managers': [{'id': 300, 'name': 'Tony Pulis', 'nickname': None, 'dob': '1958-01-16', 'country': {'id': 249, 'name': 'Wales'}}]}",2,0,available,scheduled,2022-12-01T13:02:25.970303,2021-06-13T16:17:31.694,"{'data_version': '1.1.0', 'shot_fidelity_version': '2', 'xy_fidelity_version': '2'}",8,"{'id': 1, 'name': 'Regular Season'}","{'id': 37, 'name': 'Selhurst Park', 'country': {'id': 68, 'name': 'England'}}","{'id': 3, 'name': 'Jonathan Moss', 'country': {'id': 68, 'name': 'England'}}",Crystal Palace,West Bromwich Albion,Home Win,2,3,0
3754098,2015-10-31,13:45:00.000,"{'competition_id': 2, 'country_name': 'England', 'competition_name': 'Premier League'}","{'season_id': 27, 'season_name': '2015/2016'}","{'home_team_id': 33, 'home_team_name': 'Chelsea', 'home_team_gender': 'male', 'home_team_group': None, 'country': {'id': 68, 'name': 'England'}, 'managers': [{'id': 383, 'name': 'José Mario Felix dos Santos Mourinho', 'nickname': 'José Mourinho', 'dob': '1963-01-26', 'country': {'id': 183, 'name': 'Portugal'}}]}","{'away_team_id': 24, 'away_team_name': 'Liverpool', 'away_team_gender': 'male', 'away_team_group': None, 'country': {'id': 68, 'name': 'England'}, 'managers': [{'id': 94, 'name': 'Jürgen Klopp', 'nickname': None, 'dob': '1967-06-16', 'country': {'id': 85, 'name': 'Germany'}}]}",1,3,available,scheduled,2020-09-03T18:44:23.597897,2021-06-13T16:17:31.694,"{'data_version': '1.1.0', 'shot_fidelity_version': '2', 'xy_fidelity_version': '2'}",11,"{'id': 1, 'name': 'Regular Season'}","{'id': 10, 'name': 'Stamford Bridge', 'country': {'id': 68, 'name': 'England'}}","{'id': 728, 'name': 'Mark Clattenburg', 'country': {'id': 68, 'name': 'England'}}",Chelsea,Liverpool,Away Win,2,0,3
3754057,2015-12-26,16:00:00.000,"{'competition_id': 2, 'country_name': 'England', 'competition_name': 'Premier League'}","{'season_id': 27, 'season_name': '2015/2016'}","{'home_team_id': 38, 'home_team_name': 'Tottenham Hotspur', 'home_team_gender': 'male', 'home_team_group': None, 'country': {'id': 68, 'name': 'England'}, 'managers': [{'id': 81, 'name': 'Mauricio Roberto Pochettino Trossero', 'nickname': 'Mauricio Pochettino', 'dob': '1972-03-02', 'country': {'id': 11, 'name': 'Argentina'}}]}","{'away_team_id': 56, 'away_team_name': 'Norwich City', 'away_team_gender': 'male', 'away_team_group': None, 'country': {'id': 68, 'name': 'England'}, 'managers': [{'id': 41, 'name': 'Alex Neil', 'nickname': None, 'dob': '1981-06-09', 'country': {'id': 201, 'name': 'Scotland'}}]}",3,0,available,scheduled,2022-12-01T13:40:29.171284,2021-06-13T16:17:31.694,"{'data_version': '1.1.0', 'shot_fidelity_version': '2', 'xy_fidelity_version': '2'}",18,"{'id': 1, 'name': 'Regular Season'}","{'id': 99148, 'name': 'White Hart Lane', 'country': {'id': 68, 'name': 'England'}}","{'id': 14, 'name': 'Mike Jones', 'country': {'id': 68, 'name': 'England'}}",Tottenham Hotspur,Norwich City,Home Win,3,3,0
3754112,2015-08-09,14:30:00.000,"{'competition_id': 2, 'country_name': 'England', 'competition_name': 'Premier League'}","{'season_id': 27, 'season_name': '2015/2016'}","{'home_team_id': 37, 'home_team_name': 'Newcastle United', 'home_team_gender': 'male', 'home_team_group': None, 'country': {'id': 68, 'name': 'England'}, 'managers': [{'id': 40, 'name': 'Steve McClaren', 'nickname': None, 'dob': '1961-05-03', 'country': {'id': 68, 'name': 'England'}}]}","{'away_team_id': 25, 'away_team_name': 'Southampton', 'away_team_gender': 'male', 'away_team_group': None, 'country': {'id': 68, 'name': 'England'}, 'managers': [{'id': 676, 'name': 'Ronald Koeman', 'nickname': None, 'dob': '1963-03-21', 'country': {'id': 160, 'name': 'Netherlands'}}]}",2,2,available,scheduled,2022-07-08T20:57:02.757833,2021-06-13T16:17:31.694,"{'data_version': '1.1.0', 'shot_fidelity_version': '2', 'xy_fidelity_version': '2'}",1,"{'id': 1, 'name': 'Regular Season'}","{'id': 4674, 'name': ""St. James' Park"", 'country': {'id': 68, 'name': 'England'}}","{'id': 2, 'name': 'Craig Pawson', 'country': {'id': 68, 'name': 'England'}}",Newcastle United,Southampton,Draw,0,1,1
3754104,2015-08-22,16:00:00.000,"{'competition_id': 2, 'country_name': 'England', 'competition_name': 'Premier League'}","{'season_id': 27, 'season_name': '2015/2016'}","{'home_team_id': 56, 'home_team_name': 'Norwich City', 'home_team_gender': 'male', 'home_team_group': None, 'country': {'id': 68, 'name': 'England'}, 'managers': [{'id': 41, 'name': 'Alex Neil', 'nickname': None, 'dob': '1981-06-09', 'country': {'id': 201, 'name': 'Scotland'}}]}","{'away_team_id': 30, 'away_team_name': 'Stoke City', 'away_team_gender': 'male', 'away_team_group': None, 'country': {'id': 68, 'name': 'England'}, 'managers': [{'id': 55, 'name': 'Mark Hughes', 'nickname': None, 'dob': '1963-11-01', 'country': {'id': 249, 'name': 'Wales'}}]}",1,1,available,scheduled,2020-07-29T05:00,2021-06-13T16:17:31.694,"{'data_version': '1.1.0', 'shot_fidelity_version': '2', 'xy_fidelity_version': '2'}",3,"{'id': 1, 'name': 'Regular Season'}","{'id': 220, 'name': 'Carrow Road', 'country': {'id': 68, 'name': 'England'}}","{'id': 6, 'name': 'Mike Dean', 'country': {'id': 68, 'name': 'England'}}",Norwich City,Stoke City,Draw,0,1,1
3754054,2015-12-26,16:00:00.000,"{'competition_id': 2, 'country_name': 'England', 'competition_name': 'Premier League'}","{'season_id': 27, 'season_name': '2015/2016'}","{'home_team_id': 36, 'home_team_name': 'Manchester City', 'home_team_gender': 'male', 'home_team_group': None, 'country': {'id': 68, 'name': 'England'}, 'managers': [{'id': 733, 'name': 'Manuel Luis Pellegrini Ripamonti', 'nickname': 'Manuel Pellegrini', 'dob': '1953-09-16', 'country': {'id': 45, 'name': 'Chile'}}]}","{'away_team_id': 41, 'away_team_name': 'Sunderland', 'away_team_gender': 'male', 'away_team_group': None, 'country': {'id': 68, 'name': 'England'}, 'managers': [{'id': 561, 'name': 'Sam Allardyce', 'nickname': None, 'dob': '1954-10-19', 'country': {'id': 68, 'name': 'England'}}]}",4,1,available,scheduled,2021-02-15T23:27:46.131237,2021-06-13T16:17:31.694,"{'data_version': '1.1.0', 'shot_fidelity_version': '2', 'xy_fidelity_version': '2'}",18,"{'id': 1, 'name': 'Regular Season'}","{'id': 4715, 'name': 'Etihad Stadium', 'country': {'id': 68, 'name': 'England'}}","{'id': 8, 'name': 'Anthony Taylor', 'country': {'id': 68, 'name': 'England'}}",Manchester City,Sunderland,Home Win,3,3,0
3754113,2015-12-05,16:00:00.000,"{'competition_id': 2, 'country_name': 'England', 'competition_name': 'Premier League'}","{'season_id': 27, 'season_name': '2015/2016'}","{'home_team_id': 25, 'home_team_name': 'Southampton', 'home_team_gender': 'male', 'home_team_group': None, 'country': {'id': 68, 'name': 'England'}, 'managers': [{'id': 676, 'name': 'Ronald Koeman', 'nickname': None, 'dob': '1963-03-21', 'country': {'id': 160, 'name': 'Netherlands'}}]}","{'away_team_id': 59, 'away_team_name': 'Aston Villa', 'away_team_gender': 'male', 'away_team_group': None, 'country': {'id': 68, 'name': 'England'}, 'managers': [{'id': 92, 'name': 'Rémi Garde', 'nickname': None, 'dob': '1966-04-03', 'country': {'id': 78, 'name': 'France'}}]}",1,1,available,scheduled,2020-10-14T08:14:01.395502,2021-06-13T16:17:31.694,"{'data_version': '1.1.0', 'shot_fidelity_version': '2', 'xy_fidelity_version': '2'}",15,"{'id': 1, 'name': 'Regular Season'}","{'id': 4591, 'name': ""St. Mary's Stadium"", 'country': {'id': 68, 'name': 'England'}}","{'id': 8, 'name': 'Anthony Taylor', 'country': {'id': 68, 'name': 'England'}}",Southampton,Aston Villa,Draw,0,1,1
3754107,2015-08-14,20:45:00.000,"{'competition_id': 2, 'country_name': 'England', 'competition_name': 'Premier League'}","{'season_id': 27, 'season_name': '2015/2016'}","{'home_team_id': 59, 'home_team_name': 'Aston Villa', 'home_team_gender': 'male', 'home_team_group': None, 'country': {'id': 68, 'name': 'England'}, 'managers': [{'id': 5003, 'name': 'Tim Sherwood', 'nickname': None, 'dob': '1969-02-06', 'country': {'id': 68, 'name': 'England'}}]}","{'away_team_id': 39, 'away_team_name': 'Manchester United', 'away_team_gender': 'male', 'away_team_group': None, 'country': {'id': 68, 'name': 'England'}, 'managers': [{'id': 788, 'name': 'Louis van Gaal', 'nickname': None, 'dob': '1951-08-08', 'country': {'id': 160, 'name': 'Netherlands'}}]}",0,1,available,scheduled,2020-08-09T12:07:13.784938,2021-06-13T16:17:31.694,"{'data_version': '1.1.0', 'shot_fidelity_version': '2', 'xy_fidelity_version': '2'}",2,"{'id': 1, 'name': 'Regular Season'}","{'id': 211, 'name': 'Villa Park', 'country': {'id': 68, 'name': 'England'}}","{'id': 6, 'name': 'Mike Dean', 'country': {'id': 68, 'name': 'England'}}",Aston Villa,Manchester United,Away Win,1,0,3
3754105,2015-09-28,21:00:00.000,"{'competition_id': 2, 'country_name': 'England', 'competition_name': 'Premier League'}","{'season_id': 27, 'season_name': '2015/2016'}","{'home_team_id': 27, 'home_team_name': 'West Bromwich Albion', 'home_team_gender': 'male', 'home_team_group': None, 'country': {'id': 68, 'name': 'England'}, 'managers': [{'id': 300, 'name': 'Tony Pulis', 'nickname': None, 'dob': '1958-01-16', 'country': {'id': 249, 'name': 'Wales'}}]}","{'away_team_id': 29, 'away_team_name': 'Everton', 'away_team_gender': 'male', 'away_team_group': None, 'country': {'id': 68, 'name': 'England'}, 'managers': [{'id': 263, 'name': 'Roberto Martínez Montoliú', 'nickname': 'Roberto Martínez', 'dob': '1973-07-13', 'country': {'id': 214, 'name': 'Spain'}}]}",2,3,available,scheduled,2020-08-11T18:14:00.795163,2021-06-13T16:17:31.694,"{'data_version': '1.1.0', 'shot_fidelity_version': '2', 'xy_fidelity_version': '2'}",7,"{'id': 1, 'name': 'Regular Season'}","{'id': 33, 'name': 'The Hawthorns', 'country': {'id': 68, 'name': 'England'}}","{'id': 9, 'name': 'Robert Madley', 'country': {'id': 68, 'name': 'England'}}",West Bromwich Albion,Everton,Away Win,1,0,3
3754097,2015-08-08,13:45:00.000,"{'competition_id': 2, 'country_name': 'England', 'competition_name': 'Premier League'}","{'season_id': 27, 'season_name': '2015/2016'}","{'home_team_id': 39, 'home_team_name': 'Manchester United', 'home_team_gender': 'male', 'home_team_group': None, 'country': {'id': 68, 'name': 'England'}, 'managers': [{'id': 788, 'name': 'Louis van Gaal', 'nickname': None, 'dob': '1951-08-08', 'country': {'id': 160, 'name': 'Netherlands'}}]}","{'away_team_id': 38, 'away_team_name': 'Tottenham Hotspur', 'away_team_gender': 'male', 'away_team_group': None, 'country': {'id': 68, 'name': 'England'}, 'managers': [{'id': 81, 'name': 'Mauricio Roberto Pochettino Trossero', 'nickname': 'Mauricio Pochettino', 'dob': '1972-03-02', 'country': {'id': 11, 'name': 'Argentina'}}]}",1,0,available,scheduled,2020-08-25T03:18:59.434476,2021-06-13T16:17:31.694,"{'data_version': '1.1.0', 'shot_fidelity_version': '2', 'xy_fidelity_version': '2'}",1,"{'id': 1, 'name': 'Regular Season'}","{'id': 2, 'name': 'Old Trafford', 'country': {'id': 68, 'name': 'England'}}","{'id': 3, 'name': 'Jonathan Moss', 'country': {'id': 68, 'name': 'England'}}",Manchester United,Tottenham Hotspur,Home Win,1,3,0
3754102,2015-10-18,17:00:00.000,"{'competition_id': 2, 'country_name': 'England', 'competition_name': 'Premier League'}","{'season_id': 27, 'season_name': '2015/2016'}","{'home_team_id': 37, 'home_team_name': 'Newcastle United', 'home_team_gender': 'male', 'home_team_group': None, 'country': {'id': 68, 'name': 'England'}, 'managers': [{'id': 40, 'name': 'Steve McClaren', 'nickname': None, 'dob': '1961-05-03', 'country': {'id': 68, 'name': 'England'}}]}","{'away_team_id': 56, 'away_team_name': 'Norwich City', 'away_team_gender': 'male', 'away_team_group': None, 'country': {'id': 68, 'name': 'England'}, 'managers': [{'id': 41, 'name': 'Alex Neil', 'nickname': None, 'dob': '1981-06-09', 'country': {'id': 201, 'name': 'Scotland'}}]}",6,2,available,scheduled,2022-12-01T13:10:06.048497,2021-06-13T16:17:31.694,"{'data_version': '1.1.0', 'shot_fidelity_version': '2', 'xy_fidelity_version': '2'}",9,"{'id': 1, 'name': 'Regular Season'}","{'id': 4674, 'name': ""St. James' Park"", 'country': {'id': 68, 'name': 'England'}}","{'id': 8, 'name': 'Anthony Taylor', 'country': {'id': 68, 'name': 'England'}}",Newcastle United,Norwich City,Home Win,4,3,0
3754115,2015-10-17,16:00:00.000,"{'competition_id': 2, 'country_name': 'England', 'competition_name': 'Premier League'}","{'season_id': 27, 'season_name': '2015/2016'}","{'home_team_id': 33, 'home_team_name': 'Chelsea', 'home_team_gender': 'male', 'home_team_group': None, 'country': {'id': 68, 'name': 'England'}, 'managers': [{'id': 383, 'name': 'José Mario Felix dos Santos Mourinho', 'nickname': 'José Mourinho', 'dob': '1963-01-26', 'country': {'id': 183, 'name': 'Portugal'}}]}","{'away_team_id': 59, 'away_team_name': 'Aston Villa', 'away_team_gender': 'male', 'away_team_group': None, 'country': {'id': 68, 'name': 'England'}, 'managers': [{'id': 5003, 'name': 'Tim Sherwood', 'nickname': None, 'dob': '1969-02-06', 'country': {'id': 68, 'name': 'England'}}]}",2,0,available,scheduled,2020-10-28T01:53:35.502556,2021-06-13T16:17:31.694,"{'data_version': '1.1.0', 'shot_fidelity_version': '2', 'xy_fidelity_version': '2'}",9,"{'id': 1, 'name': 'Regular Season'}","{'id': 10, 'name': 'Stamford Bridge', 'country': {'id': 68, 'name': 'England'}}","{'id': 13, 'name': 'Roger East', 'country': {'id': 68, 'name': 'England'}}",Chelsea,Aston Villa,Home Win,2,3,0
3754148,2015-09-13,14:30:00.000,"{'competition_id': 2, 'country_name': 'England', 'competition_name': 'Premier League'}","{'season_id': 27, 'season_name': '2015/2016'}","{'home_team_id': 41, 'home_team_name': 'Sunderland', 'home_team_gender': 'male', 'home_team_group': None, 'country': {'id': 68, 'name': 'England'}, 'managers': [{'id': 453, 'name': 'Dick Advocaat', 'nickname': None, 'dob': '1947-09-27', 'country': {'id': 160, 'name': 'Netherlands'}}]}","{'away_team_id': 38, 'away_team_name': 'Tottenham Hotspur', 'away_team_gender': 'male', 'away_team_group': None, 'country': {'id': 68, 'name': 'England'}, 'managers': [{'id': 81, 'name': 'Mauricio Roberto Pochettino Trossero', 'nickname': 'Mauricio Pochettino', 'dob': '1972-03-02', 'country': {'id': 11, 'name': 'Argentina'}}]}",0,1,available,scheduled,2020-10-01T07:40:32.450389,2021-06-13T16:17:31.694,"{'data_version': '1.1.0', 'shot_fidelity_version': '2', 'xy_fidelity_version': '2'}",5,"{'id': 1, 'name': 'Regular Season'}","{'id': 210, 'name': 'Stadium of Light', 'country': {'id': 68, 'name': 'England'}}","{'id': 2, 'name': 'Craig Pawson', 'country': {'id': 68, 'name': 'England'}}",Sunderland,Tottenham Hotspur,Away Win,1,0,3
3754169,2015-09-19,16:00:00.000,"{'competition_id': 2, 'country_name': 'England', 'competition_name': 'Premier League'}","{'season_id': 27, 'season_name': '2015/2016'}","{'home_team_id': 28, 'home_team_name': 'AFC Bournemouth', 'home_team_gender': 'male', 'home_team_group': None, 'country': {'id': 68, 'name': 'England'}, 'managers': [{'id': 38, 'name': 'Eddie Howe', 'nickname': None, 'dob': '1977-11-29', 'country': {'id': 68, 'name': 'England'}}]}","{'away_team_id': 41, 'away_team_name': 'Sunderland', 'away_team_gender': 'male', 'away_team_group': None, 'country': {'id': 68, 'name': 'England'}, 'managers': [{'id': 453, 'name': 'Dick Advocaat', 'nickname': None, 'dob': '1947-09-27', 'country': {'id': 160, 'name': 'Netherlands'}}]}",2,0,available,scheduled,2022-07-08T23:17:44.863300,2021-06-13T16:17:31.694,"{'data_version': '1.1.0', 'shot_fidelity_version': '2', 'xy_fidelity_version': '2'}",6,"{'id': 1, 'name': 'Regular Season'}","{'id': 71, 'name': 'Vitality Stadium', 'country': {'id': 68, 'name': 'England'}}","{'id': 12, 'name': 'Kevin Friend', 'country': {'id': 68, 'name': 'England'}}",AFC Bournemouth,Sunderland,Home Win,2,3,0
3754174,2015-09-26,16:00:00.000,"{'competition_id': 2, 'country_name': 'England', 'competition_name': 'Premier League'}","{'season_id': 27, 'season_name': '2015/2016'}","{'home_team_id': 22, 'home_team_name': 'Leicester City', 'home_team_gender': 'male', 'home_team_group': None, 'country': {'id': 68, 'name': 'England'}, 'managers': [{'id': 60, 'name': 'Claudio Ranieri', 'nickname': None, 'dob': '1951-10-20', 'country': {'id': 112, 'name': 'Italy'}}]}","{'away_team_id': 1, 'away_team_name': 'Arsenal', 'away_team_gender': 'male', 'away_team_group': None, 'country': {'id': 68, 'name': 'England'}, 'managers': [{'id': 577, 'name': 'Arsène Wenger', 'nickname': None, 'dob': '1949-10-22', 'country': {'id': 78, 'name': 'France'}}]}",2,5,available,scheduled,2022-12-01T12:58:54.364143,2021-06-13T16:17:31.694,"{'data_version': '1.1.0', 'shot_fidelity_version': '2', 'xy_fidelity_version': '2'}",7,"{'id': 1, 'name': 'Regular Season'}","{'id': 20, 'name': 'King Power Stadium ', 'country': {'id': 68, 'name': 'England'}}","{'id': 2, 'name': 'Craig Pawson', 'country': {'id': 68, 'name': 'England'}}",Leicester City,Arsenal,Away Win,3,0,3
3754185,2015-11-21,13:45:00.000,"{'competition_id': 2, 'country_name': 'England', 'competition_name': 'Premier League'}","{'season_id': 27, 'season_name': '2015/2016'}","{'home_team_id': 23, 'home_team_name': 'Watford', 'home_team_gender': 'male', 'home_team_group': None, 'country': {'id': 68, 'name': 'England'}, 'managers': [{'id': 236, 'name': 'Enrique Sánchez Flores', 'nickname': 'Quique Sánchez Flores', 'dob': '1965-02-05', 'country': {'id': 214, 'name': 'Spain'}}]}","{'away_team_id': 39, 'away_team_name': 'Manchester United', 'away_team_gender': 'male', 'away_team_group': None, 'country': {'id': 68, 'name': 'England'}, 'managers': [{'id': 788, 'name': 'Louis van Gaal', 'nickname': None, 'dob': '1951-08-08', 'country': {'id': 160, 'name': 'Netherlands'}}]}",1,2,available,scheduled,2022-12-01T13:23:21.876999,2021-06-13T16:17:31.694,"{'data_version': '1.1.0', 'shot_fidelity_version': '2', 'xy_fidelity_version': '2'}",13,"{'id': 1, 'name': 'Regular Season'}","{'id': 4589, 'name': 'Vicarage Road', 'country': {'id': 68, 'name': 'England'}}","{'id': 9, 'name': 'Robert Madley', 'country': {'id': 68, 'name': 'England'}}",Watford,Manchester United,Away Win,1,0,3
3754162,2015-12-12,18:30:00.000,"{'competition_id': 2, 'country_name': 'England', 'competition_name': 'Premier League'}","{'season_id': 27, 'season_name': '2015/2016'}","{'home_team_id': 28, 'home_team_name': 'AFC Bournemouth', 'home_team_gender': 'male', 'home_team_group': None, 'country': {'id': 68, 'name': 'England'}, 'managers': [{'id': 38, 'name': 'Eddie Howe', 'nickname': None, 'dob': '1977-11-29', 'country': {'id': 68, 'name': 'England'}}]}","{'away_team_id': 39, 'away_team_name': 'Manchester United', 'away_team_gender': 'male', 'away_team_group': None, 'country': {'id': 68, 'name': 'England'}, 'managers': [{'id': 788, 'name': 'Louis van Gaal', 'nickname': None, 'dob': '1951-08-08', 'country': {'id': 160, 'name': 'Netherlands'}}]}",2,1,available,scheduled,2020-10-17T22:10:12.529229,2021-06-13T16:17:31.694,"{'data_version': '1.1.0', 'shot_fidelity_version': '2', 'xy_fidelity_version': '2'}",16,"{'id': 1, 'name': 'Regular Season'}","{'id': 71, 'name': 'Vitality Stadium', 'country': {'id': 68, 'name': 'England'}}","{'id': 8, 'name': 'Anthony Taylor', 'country': {'id': 68, 'name': 'England'}}",AFC Bournemouth,Manchester United,Home Win,1,3,0
3754096,2015-12-12,16:00:00.000,"{'competition_id': 2, 'country_name': 'England', 'competition_name': 'Premier League'}","{'season_id': 27, 'season_name': '2015/2016'}","{'home_team_id': 40, 'home_team_name': 'West Ham United', 'home_team_gender': 'male', 'home_team_group': None, 'country': {'id': 68, 'name': 'England'}, 'managers': [{'id': 150, 'name': 'Slaven Bilić', 'nickname': None, 'dob': '1968-09-11', 'country': {'id': 56, 'name': 'Croatia'}}]}","{'away_team_id': 30, 'away_team_name': 'Stoke City', 'away_team_gender': 'male', 'away_team_group': None, 'country': {'id': 68, 'name': 'England'}, 'managers': [{'id': 55, 'name': 'Mark Hughes', 'nickname': None, 'dob': '1963-11-01', 'country': {'id': 249, 'name': 'Wales'}}]}",0,0,available,scheduled,2022-12-01T13:35:39.069657,2021-06-13T16:17:31.694,"{'data_version': '1.1.0', 'shot_fidelity_version': '2', 'xy_fidelity_version': '2'}",16,"{'id': 1, 'name': 'Regular Season'}","{'id': 115324, 'name': 'Boleyn Ground', 'country': {'id': 68, 'name': 'England'}}","{'id': 5, 'name': 'Andre Marriner', 'country': {'id': 68, 'name': 'England'}}",West Ham United,Stoke City,Draw,0,1,1
3754171,2015-10-04,17:00:00.000,"{'competition_id': 2, 'country_name': 'England', 'competition_name': 'Premier League'}","{'season_id': 27, 'season_name': '2015/2016'}","{'home_team_id': 1, 'home_team_name': 'Arsenal', 'home_team_gender': 'male', 'home_team_group': None, 'country': {'id': 68, 'name': 'England'}, 'managers': [{'id': 577, 'name': 'Arsène Wenger', 'nickname': None, 'dob': '1949-10-22', 'country': {'id': 78, 'name': 'France'}}]}","{'away_team_id': 39, 'away_team_name': 'Manchester United', 'away_team_gender': 'male', 'away_team_group': None, 'country': {'id': 68, 'name': 'England'}, 'managers': [{'id': 788, 'name': 'Louis van Gaal', 'nickname': None, 'dob': '1951-08-08', 'country': {'id': 160, 'name': 'Netherlands'}}]}",3,0,available,scheduled,2022-12-01T13:03:29.391664,2021-06-13T16:17:31.694,"{'data_version': '1.1.0', 'shot_fidelity_version': '2', 'xy_fidelity_version': '2'}",8,"{'id': 1, 'name': 'Regular Season'}","{'id': 3, 'name': 'Emirates Stadium', 'country': {'id': 68, 'name': 'England'}}","{'id': 8, 'name': 'Anthony Taylor', 'country': {'id': 68, 'name': 'England'}}",Arsenal,Manchester United,Home Win,3,3,0
3754119,2015-10-25,13:00:00.000,"{'competition_id': 2, 'country_name': 'England', 'competition_name': 'Premier League'}","{'season_id': 27, 'season_name': '2015/2016'}","{'home_team_id': 41, 'home_team_name': 'Sunderland', 'home_team_gender': 'male', 'home_team_group': None, 'country': {'id': 68, 'name': 'England'}, 'managers': [{'id': 561, 'name': 'Sam Allardyce', 'nickname': None, 'dob': '1954-10-19', 'country': {'id': 68, 'name': 'England'}}]}","{'away_team_id': 37, 'away_team_name': 'Newcastle United', 'away_team_gender': 'male', 'away_team_group': None, 'country': {'id': 68, 'name': 'England'}, 'managers': [{'id': 40, 'name': 'Steve McClaren', 'nickname': None, 'dob': '1961-05-03', 'country': {'id': 68, 'name': 'England'}}]}",3,0,available,scheduled,2020-09-01T08:57:24.068188,2021-06-13T16:17:31.694,"{'data_version': '1.1.0', 'shot_fidelity_version': '2', 'xy_fidelity_version': '2'}",10,"{'id': 1, 'name': 'Regular Season'}","{'id': 210, 'name': 'Stadium of Light', 'country': {'id': 68, 'name': 'England'}}","{'id': 9, 'name': 'Robert Madley', 'country': {'id': 68, 'name': 'England'}}",Sunderland,Newcastle United,Home Win,3,3,0
3754126,2015-10-24,18:30:00.000,"{'competition_id': 2, 'country_name': 'England', 'competition_name': 'Premier League'}","{'season_id': 27, 'season_name': '2015/2016'}","{'home_team_id': 1, 'home_team_name': 'Arsenal', 'home_team_gender': 'male', 'home_team_group': None, 'country': {'id': 68, 'name': 'England'}, 'managers': [{'id': 577, 'name': 'Arsène Wenger', 'nickname': None, 'dob': '1949-10-22', 'country': {'id': 78, 'name': 'France'}}]}","{'away_team_id': 29, 'away_team_name': 'Everton', 'away_team_gender': 'male', 'away_team_group': None, 'country': {'id': 68, 'name': 'England'}, 'managers': [{'id': 263, 'name': 'Roberto Martínez Montoliú', 'nickname': 'Roberto Martínez', 'dob': '1973-07-13', 'country': {'id': 214, 'name': 'Spain'}}]}",2,1,available,scheduled,2022-12-01T13:14:32.244938,2021-06-13T16:17:31.694,"{'data_version': '1.1.0', 'shot_fidelity_version': '2', 'xy_fidelity_version': '2'}",10,"{'id': 1, 'name': 'Regular Season'}","{'id': 3, 'name': 'Emirates Stadium', 'country': {'id': 68, 'name': 'England'}}","{'id': 10, 'name': 'Lee Mason', 'country': {'id': 68, 'name': 'England'}}",Arsenal,Everton,Home Win,1,3,0
3754133,2015-10-24,16:00:00.000,"{'competition_id': 2, 'country_name': 'England', 'competition_name': 'Premier League'}","{'season_id': 27, 'season_name': '2015/2016'}","{'home_team_id': 56, 'home_team_name': 'Norwich City', 'home_team_gender': 'male', 'home_team_group': None, 'country': {'id': 68, 'name': 'England'}, 'managers': [{'id': 41, 'name': 'Alex Neil', 'nickname': None, 'dob': '1981-06-09', 'country': {'id': 201, 'name': 'Scotland'}}]}","{'away_team_id': 27, 'away_team_name': 'West Bromwich Albion', 'away_team_gender': 'male', 'away_team_group': None, 'country': {'id': 68, 'name': 'England'}, 'managers': [{'id': 300, 'name': 'Tony Pulis', 'nickname': None, 'dob': '1958-01-16', 'country': {'id': 249, 'name': 'Wales'}}]}",0,1,available,scheduled,2022-12-01T13:13:33.815713,2021-06-13T16:17:31.694,"{'data_version': '1.1.0', 'shot_fidelity_version': '2', 'xy_fidelity_version': '2'}",10,"{'id': 1, 'name': 'Regular Season'}","{'id': 220, 'name': 'Carrow Road', 'country': {'id': 68, 'name': 'England'}}","{'id': 12, 'name': 'Kevin Friend', 'country': {'id': 68, 'name': 'England'}}",Norwich City,West Bromwich Albion,Away Win,1,0,3
3754167,2015-10-31,16:00:00.000,"{'competition_id': 2, 'country_name': 'England', 'competition_name': 'Premier League'}","{'season_id': 27, 'season_name': '2015/2016'}","{'home_team_id': 36, 'home_team_name': 'Manchester City', 'home_team_gender': 'male', 'home_team_group': None, 'country': {'id': 68, 'name': 'England'}, 'managers': [{'id': 733, 'name': 'Manuel Luis Pellegrini Ripamonti', 'nickname': 'Manuel Pellegrini', 'dob': '1953-09-16', 'country': {'id': 45, 'name': 'Chile'}}]}","{'away_team_id': 56, 'away_team_name': 'Norwich City', 'away_team_gender': 'male', 'away_team_group': None, 'country': {'id': 68, 'name': 'England'}, 'managers': [{'id': 41, 'name': 'Alex Neil', 'nickname': None, 'dob': '1981-06-09', 'country': {'id': 201, 'name': 'Scotland'}}]}",2,1,available,scheduled,2020-09-07T09:20:45.196705,2021-06-13T16:17:31.694,"{'data_version': '1.1.0', 'shot_fidelity_version': '2', 'xy_fidelity_version': '2'}",11,"{'id': 1, 'name': 'Regular Season'}","{'id': 4715, 'name': 'Etihad Stadium', 'country': {'id': 68, 'name': 'England'}}","{'id': 9, 'name': 'Robert Madley', 'country': {'id': 68, 'name': 'England'}}",Manchester City,Norwich City,Home Win,1,3,0
3754145,2015-08-10,21:00:00.000,"{'competition_id': 2, 'country_name': 'England', 'competition_name': 'Premier League'}","{'season_id': 27, 'season_name': '2015/2016'}","{'home_team_id': 27, 'home_team_name': 'West Bromwich Albion', 'home_team_gender': 'male', 'home_team_group': None, 'country': {'id': 68, 'name': 'England'}, 'managers': [{'id': 300, 'name': 'Tony Pulis', 'nickname': None, 'dob': '1958-01-16', 'country': {'id': 249, 'name': 'Wales'}}]}","{'away_team_id': 36, 'away_team_name': 'Manchester City', 'away_team_gender': 'male', 'away_team_group': None, 'country': {'id': 68, 'name': 'England'}, 'managers': [{'id': 733, 'name': 'Manuel Luis Pellegrini Ripamonti', 'nickname': 'Manuel Pellegrini', 'dob': '1953-09-16', 'country': {'id': 45, 'name': 'Chile'}}]}",0,3,available,scheduled,2020-09-09T11:03:23.049831,2021-06-13T16:17:31.694,"{'data_version': '1.1.0', 'shot_fidelity_version': '2', 'xy_fidelity_version': '2'}",1,"{'id': 1, 'name': 'Regular Season'}","{'id': 33, 'name': 'The Hawthorns', 'country': {'id': 68, 'name': 'England'}}","{'id': 6, 'name': 'Mike Dean', 'country': {'id': 68, 'name': 'England'}}",West Bromwich Albion,Manchester City,Away Win,3,0,3
3754153,2015-12-19,16:00:00.000,"{'competition_id': 2, 'country_name': 'England', 'competition_name': 'Premier League'}","{'season_id': 27, 'season_name': '2015/2016'}","{'home_team_id': 30, 'home_team_name': 'Stoke City', 'home_team_gender': 'male', 'home_team_group': None, 'country': {'id': 68, 'name': 'England'}, 'managers': [{'id': 55, 'name': 'Mark Hughes', 'nickname': None, 'dob': '1963-11-01', 'country': {'id': 249, 'name': 'Wales'}}]}","{'away_team_id': 31, 'away_team_name': 'Crystal Palace', 'away_team_gender': 'male', 'away_team_group': None, 'country': {'id': 68, 'name': 'England'}, 'managers': [{'id': 382, 'name': 'Alan Pardew', 'nickname': None, 'dob': '1961-07-18', 'country': {'id': 68, 'name': 'England'}}]}",1,2,available,scheduled,2022-12-01T13:38:04.805362,2021-06-13T16:17:31.694,"{'data_version': '1.1.0', 'shot_fidelity_version': '2', 'xy_fidelity_version': '2'}",17,"{'id': 1, 'name': 'Regular Season'}","{'id': 29, 'name': 'bet365 Stadium', 'country': {'id': 68, 'name': 'England'}}","{'id': 9, 'name': 'Robert Madley', 'country': {'id': 68, 'name': 'England'}}",Stoke City,Crystal Palace,Away Win,1,0,3
3754143,2015-12-06,17:00:00.000,"{'competition_id': 2, 'country_name': 'England', 'competition_name': 'Premier League'}","{'season_id': 27, 'season_name': '2015/2016'}","{'home_team_id': 37, 'home_team_name': 'Newcastle United', 'home_team_gender': 'male', 'home_team_group': None, 'country': {'id': 68, 'name': 'England'}, 'managers': [{'id': 40, 'name': 'Steve McClaren', 'nickname': None, 'dob': '1961-05-03', 'country': {'id': 68, 'name': 'England'}}]}","{'away_team_id': 24, 'away_team_name': 'Liverpool', 'away_team_gender': 'male', 'away_team_group': None, 'country': {'id': 68, 'name': 'England'}, 'managers': [{'id': 94, 'name': 'Jürgen Klopp', 'nickname': None, 'dob': '1967-06-16', 'country': {'id': 85, 'name': 'Germany'}}]}",2,0,available,scheduled,2020-10-16T18:46:43.528532,2021-06-13T16:17:31.694,"{'data_version': '1.1.0', 'shot_fidelity_version': '2', 'xy_fidelity_version': '2'}",15,"{'id': 1, 'name': 'Regular Season'}","{'id': 4674, 'name': ""St. James' Park"", 'country': {'id': 68, 'name': 'England'}}","{'id': 5, 'name': 'Andre Marriner', 'country': {'id': 68, 'name': 'England'}}",Newcastle United,Liverpool,Home Win,2,3,0
3754186,2015-11-28,18:30:00.000,"{'competition_id': 2, 'country_name': 'England', 'competition_name': 'Premier League'}","{'season_id': 27, 'season_name': '2015/2016'}","{'home_team_id': 22, 'home_team_name': 'Leicester City', 'home_team_gender': 'male', 'home_team_group': None, 'country': {'id': 68, 'name': 'England'}, 'managers': [{'id': 60, 'name': 'Claudio Ranieri', 'nickname': None, 'dob': '1951-10-20', 'country': {'id': 112, 'name': 'Italy'}}]}","{'away_team_id': 39, 'away_team_name': 'Manchester United', 'away_team_gender': 'male', 'away_team_group': None, 'country': {'id': 68, 'name': 'England'}, 'managers': [{'id': 788, 'name': 'Louis van Gaal', 'nickname': None, 'dob': '1951-08-08', 'country': {'id': 160, 'name': 'Netherlands'}}]}",1,1,available,scheduled,2020-10-13T17:34:34.754810,2021-06-13T16:17:31.694,"{'data_version': '1.1.0', 'shot_fidelity_version': '2', 'xy_fidelity_version': '2'}",14,"{'id': 1, 'name': 'Regular Season'}","{'id': 20, 'name': 'King Power Stadium ', 'country': {'id': 68, 'name': 'England'}}","{'id': 2, 'name': 'Craig Pawson', 'country': {'id': 68, 'name': 'England'}}",Leicester City,Manchester United,Draw,0,1,1
3754130,2015-12-28,16:00:00.000,"{'competition_id': 2, 'country_name': 'England', 'competition_name': 'Premier League'}","{'season_id': 27, 'season_name': '2015/2016'}","{'home_team_id': 56, 'home_team_name': 'Norwich City', 'home_team_gender': 'male', 'home_team_group': None, 'country': {'id': 68, 'name': 'England'}, 'managers': [{'id': 41, 'name': 'Alex Neil', 'nickname': None, 'dob': '1981-06-09', 'country': {'id': 201, 'name': 'Scotland'}}]}","{'away_team_id': 59, 'away_team_name': 'Aston Villa', 'away_team_gender': 'male', 'away_team_group': None, 'country': {'id': 68, 'name': 'England'}, 'managers': [{'id': 92, 'name': 'Rémi Garde', 'nickname': None, 'dob': '1966-04-03', 'country': {'id': 78, 'name': 'France'}}]}",2,0,available,scheduled,2022-12-01T13:46:22.606869,2021-06-13T16:17:31.694,"{'data_version': '1.1.0', 'shot_fidelity_version': '2', 'xy_fidelity_version': '2'}",19,"{'id': 1, 'name': 'Regular Season'}","{'id': 220, 'name': 'Carrow Road', 'country': {'id': 68, 'name': 'England'}}","{'id': 11, 'name': 'Graham Scott', 'country': {'id': 68, 'name': 'England'}}",Norwich City,Aston Villa,Home Win,2,3,0
3754188,2015-12-19,16:00:00.000,"{'competition_id': 2, 'country_name': 'England', 'competition_name': 'Premier League'}","{'season_id': 27, 'season_name': '2015/2016'}","{'home_team_id': 25, 'home_team_name': 'Southampton', 'home_team_gender': 'male', 'home_team_group': None, 'country': {'id': 68, 'name': 'England'}, 'managers': [{'id': 676, 'name': 'Ronald Koeman', 'nickname': None, 'dob': '1963-03-21', 'country': {'id': 160, 'name': 'Netherlands'}}]}","{'away_team_id': 38, 'away_team_name': 'Tottenham Hotspur', 'away_team_gender': 'male', 'away_team_group': None, 'country': {'id': 68, 'name': 'England'}, 'managers': [{'id': 81, 'name': 'Mauricio Roberto Pochettino Trossero', 'nickname': 'Mauricio Pochettino', 'dob': '1972-03-02', 'country': {'id': 11, 'name': 'Argentina'}}]}",0,2,available,scheduled,2020-10-13T22:03:18.128077,2021-06-13T16:17:31.694,"{'data_version': '1.1.0', 'shot_fidelity_version': '2', 'xy_fidelity_version': '2'}",17,"{'id': 1, 'name': 'Regular Season'}","{'id': 4591, 'name': ""St. Mary's Stadium"", 'country': {'id': 68, 'name': 'England'}}","{'id': 12, 'name': 'Kevin Friend', 'country': {'id': 68, 'name': 'England'}}",Southampton,Tottenham Hotspur,Away Win,2,0,3
3754178,2015-11-28,16:00:00.000,"{'competition_id': 2, 'country_name': 'England', 'competition_name': 'Premier League'}","{'season_id': 27, 'season_name': '2015/2016'}","{'home_team_id': 59, 'home_team_name': 'Aston Villa', 'home_team_gender': 'male', 'home_team_group': None, 'country': {'id': 68, 'name': 'England'}, 'managers': [{'id': 92, 'name': 'Rémi Garde', 'nickname': None, 'dob': '1966-04-03', 'country': {'id': 78, 'name': 'France'}}]}","{'away_team_id': 23, 'away_team_name': 'Watford', 'away_team_gender': 'male', 'away_team_group': None, 'country': {'id': 68, 'name': 'England'}, 'managers': [{'id': 236, 'name': 'Enrique Sánchez Flores', 'nickname': 'Quique Sánchez Flores', 'dob': '1965-02-05', 'country': {'id': 214, 'name': 'Spain'}}]}",2,3,available,scheduled,2022-12-01T13:28:41.370247,2021-06-13T16:17:31.694,"{'data_version': '1.1.0', 'shot_fidelity_version': '2', 'xy_fidelity_version': '2'}",14,"{'id': 1, 'name': 'Regular Season'}","{'id': 211, 'name': 'Villa Park', 'country': {'id': 68, 'name': 'England'}}","{'id': 10, 'name': 'Lee Mason', 'country': {'id': 68, 'name': 'England'}}",Aston Villa,Watford,Away Win,1,0,3
3754157,2015-11-28,16:00:00.000,"{'competition_id': 2, 'country_name': 'England', 'competition_name': 'Premier League'}","{'season_id': 27, 'season_name': '2015/2016'}","{'home_team_id': 28, 'home_team_name': 'AFC Bournemouth', 'home_team_gender': 'male', 'home_team_group': None, 'country': {'id': 68, 'name': 'England'}, 'managers': [{'id': 38, 'name': 'Eddie Howe', 'nickname': None, 'dob': '1977-11-29', 'country': {'id': 68, 'name': 'England'}}]}","{'away_team_id': 29, 'away_team_name': 'Everton', 'away_team_gender': 'male', 'away_team_group': None, 'country': {'id': 68, 'name': 'England'}, 'managers': [{'id': 263, 'name': 'Roberto Martínez Montoliú', 'nickname': 'Roberto Martínez', 'dob': '1973-07-13', 'country': {'id': 214, 'name': 'Spain'}}]}",3,3,available,scheduled,2020-10-13T22:03:18.128077,2021-06-13T16:17:31.694,"{'data_version': '1.1.0', 'shot_fidelity_version': '2', 'xy_fidelity_version': '2'}",14,"{'id': 1, 'name': 'Regular Season'}","{'id': 71, 'name': 'Vitality Stadium', 'country': {'id': 68, 'name': 'England'}}","{'id': 12, 'name': 'Kevin Friend', 'country': {'id': 68, 'name': 'England'}}",AFC Bournemouth,Everton,Draw,0,1,1
3754166,2015-12-19,16:00:00.000,"{'competition_id': 2, 'country_name': 'England', 'competition_name': 'Premier League'}","{'season_id': 27, 'season_name': '2015/2016'}","{'home_team_id': 29, 'home_team_name': 'Everton', 'home_team_gender': 'male', 'home_team_group': None, 'country': {'id': 68, 'name': 'England'}, 'managers': [{'id': 263, 'name': 'Roberto Martínez Montoliú', 'nickname': 'Roberto Martínez', 'dob': '1973-07-13', 'country': {'id': 214, 'name': 'Spain'}}]}","{'away_team_id': 22, 'away_team_name': 'Leicester City', 'away_team_gender': 'male', 'away_team_group': None, 'country': {'id': 68, 'name': 'England'}, 'managers': [{'id': 60, 'name': 'Claudio Ranieri', 'nickname': None, 'dob': '1951-10-20', 'country': {'id': 112, 'name': 'Italy'}}]}",2,3,available,scheduled,2020-11-08T23:50:05.254655,2021-06-13T16:17:31.694,"{'data_version': '1.1.0', 'shot_fidelity_version': '2', 'xy_fidelity_version': '2'}",17,"{'id': 1, 'name': 'Regular Season'}","{'id': 12, 'name': 'Goodison Park', 'country': {'id': 68, 'name': 'England'}}","{'id': 3, 'name': 'Jonathan Moss', 'country': {'id': 68, 'name': 'England'}}",Everton,Leicester City,Away Win,1,0,3
3754211,2015-11-21,16:00:00.000,"{'competition_id': 2, 'country_name': 'England', 'competition_name': 'Premier League'}","{'season_id': 27, 'season_name': '2015/2016'}","{'home_team_id': 37, 'home_team_name': 'Newcastle United', 'home_team_gender': 'male', 'home_team_group': None, 'country': {'id': 68, 'name': 'England'}, 'managers': [{'id': 40, 'name': 'Steve McClaren', 'nickname': None, 'dob': '1961-05-03', 'country': {'id': 68, 'name': 'England'}}]}","{'away_team_id': 22, 'away_team_name': 'Leicester City', 'away_team_gender': 'male', 'away_team_group': None, 'country': {'id': 68, 'name': 'England'}, 'managers': [{'id': 60, 'name': 'Claudio Ranieri', 'nickname': None, 'dob': '1951-10-20', 'country': {'id': 112, 'name': 'Italy'}}]}",0,3,available,scheduled,2022-12-01T13:24:12.811808,2021-06-13T16:17:31.694,"{'data_version': '1.1.0', 'shot_fidelity_version': '2', 'xy_fidelity_version': '2'}",13,"{'id': 1, 'name': 'Regular Season'}","{'id': 4674, 'name': ""St. James' Park"", 'country': {'id': 68, 'name': 'England'}}","{'id': 14, 'name': 'Mike Jones', 'country': {'id': 68, 'name': 'England'}}",Newcastle United,Leicester City,Away Win,3,0,3
3754150,2015-11-28,16:00:00.000,"{'competition_id': 2, 'country_name': 'England', 'competition_name': 'Premier League'}","{'season_id': 27, 'season_name': '2015/2016'}","{'home_team_id': 41, 'home_team_name': 'Sunderland', 'home_team_gender': 'male', 'home_team_group': None, 'country': {'id': 68, 'name': 'England'}, 'managers': [{'id': 561, 'name': 'Sam Allardyce', 'nickname': None, 'dob': '1954-10-19', 'country': {'id': 68, 'name': 'England'}}]}","{'away_team_id': 30, 'away_team_name': 'Stoke City', 'away_team_gender': 'male', 'away_team_group': None, 'country': {'id': 68, 'name': 'England'}, 'managers': [{'id': 55, 'name': 'Mark Hughes', 'nickname': None, 'dob': '1963-11-01', 'country': {'id': 249, 'name': 'Wales'}}]}",2,0,available,scheduled,2022-12-01T13:29:34.530915,2021-06-13T16:17:31.694,"{'data_version': '1.1.0', 'shot_fidelity_version': '2', 'xy_fidelity_version': '2'}",14,"{'id': 1, 'name': 'Regular Season'}","{'id': 210, 'name': 'Stadium of Light', 'country': {'id': 68, 'name': 'England'}}","{'id': 6, 'name': 'Mike Dean', 'country': {'id': 68, 'name': 'England'}}",Sunderland,Stoke City,Home Win,2,3,0
3754218,2015-12-12,16:00:00.000,"{'competition_id': 2, 'country_name': 'England', 'competition_name': 'Premier League'}","{'season_id': 27, 'season_name': '2015/2016'}","{'home_team_id': 31, 'home_team_name': 'Crystal Palace', 'home_team_gender': 'male', 'home_team_group': None, 'country': {'id': 68, 'name': 'England'}, 'managers': [{'id': 382, 'name': 'Alan Pardew', 'nickname': None, 'dob': '1961-07-18', 'country': {'id': 68, 'name': 'England'}}]}","{'away_team_id': 25, 'away_team_name': 'Southampton', 'away_team_gender': 'male', 'away_team_group': None, 'country': {'id': 68, 'name': 'England'}, 'managers': [{'id': 676, 'name': 'Ronald Koeman', 'nickname': None, 'dob': '1963-03-21', 'country': {'id': 160, 'name': 'Netherlands'}}]}",1,0,available,scheduled,2022-12-01T13:34:53.717751,2021-06-13T16:17:31.694,"{'data_version': '1.1.0', 'shot_fidelity_version': '2', 'xy_fidelity_version': '2'}",16,"{'id': 1, 'name': 'Regular Season'}","{'id': 37, 'name': 'Selhurst Park', 'country': {'id': 68, 'name': 'England'}}","{'id': 6, 'name': 'Mike Dean', 'country': {'id': 68, 'name': 'England'}}",Crystal Palace,Southampton,Home Win,1,3,0
3754205,2015-08-29,13:45:00.000,"{'competition_id': 2, 'country_name': 'England', 'competition_name': 'Premier League'}","{'season_id': 27, 'season_name': '2015/2016'}","{'home_team_id': 37, 'home_team_name': 'Newcastle United', 'home_team_gender': 'male', 'home_team_group': None, 'country': {'id': 68, 'name': 'England'}, 'managers': [{'id': 40, 'name': 'Steve McClaren', 'nickname': None, 'dob': '1961-05-03', 'country': {'id': 68, 'name': 'England'}}]}","{'away_team_id': 1, 'away_team_name': 'Arsenal', 'away_team_gender': 'male', 'away_team_group': None, 'country': {'id': 68, 'name': 'England'}, 'managers': [{'id': 577, 'name': 'Arsène Wenger', 'nickname': None, 'dob': '1949-10-22', 'country': {'id': 78, 'name': 'France'}}]}",0,1,available,scheduled,2022-07-08T22:20:35.172474,2021-06-13T16:17:31.694,"{'data_version': '1.1.0', 'shot_fidelity_version': '2', 'xy_fidelity_version': '2'}",4,"{'id': 1, 'name': 'Regular Season'}","{'id': 4674, 'name': ""St. James' Park"", 'country': {'id': 68, 'name': 'England'}}","{'id': 5, 'name': 'Andre Marriner', 'country': {'id': 68, 'name': 'England'}}",Newcastle United,Arsenal,Away Win,1,0,3
3754221,2015-08-30,17:00:00.000,"{'competition_id': 2, 'country_name': 'England', 'competition_name': 'Premier League'}","{'season_id': 27, 'season_name': '2015/2016'}","{'home_team_id': 26, 'home_team_name': 'Swansea City', 'home_team_gender': 'male', 'home_team_group': None, 'country': {'id': 249, 'name': 'Wales'}, 'managers': [{'id': 270, 'name': 'Garry Monk', 'nickname': None, 'dob': '1979-03-06', 'country': {'id': 68, 'name': 'England'}}]}","{'away_team_id': 39, 'away_team_name': 'Manchester United', 'away_team_gender': 'male', 'away_team_group': None, 'country': {'id': 68, 'name': 'England'}, 'managers': [{'id': 788, 'name': 'Louis van Gaal', 'nickname': None, 'dob': '1951-08-08', 'country': {'id': 160, 'name': 'Netherlands'}}]}",2,1,available,scheduled,2020-09-09T12:35:13.376459,2021-06-13T16:17:31.694,"{'data_version': '1.1.0', 'shot_fidelity_version': '2', 'xy_fidelity_version': '2'}",4,"{'id': 1, 'name': 'Regular Season'}","{'id': 45, 'name': 'Swansea.com Stadium', 'country': {'id': 249, 'name': 'Wales'}}","{'id': 4, 'name': 'Martin Atkinson', 'country': {'id': 68, 'name': 'England'}}",Swansea City,Manchester United,Home Win,1,3,0
3754198,2015-10-17,13:45:00.000,"{'competition_id': 2, 'country_name': 'England', 'competition_name': 'Premier League'}","{'season_id': 27, 'season_name': '2015/2016'}","{'home_team_id': 38, 'home_team_name': 'Tottenham Hotspur', 'home_team_gender': 'male', 'home_team_group': None, 'country': {'id': 68, 'name': 'England'}, 'managers': [{'id': 81, 'name': 'Mauricio Roberto Pochettino Trossero', 'nickname': 'Mauricio Pochettino', 'dob': '1972-03-02', 'country': {'id': 11, 'name': 'Argentina'}}]}","{'away_team_id': 24, 'away_team_name': 'Liverpool', 'away_team_gender': 'male', 'away_team_group': None, 'country': {'id': 68, 'name': 'England'}, 'managers': [{'id': 94, 'name': 'Jürgen Klopp', 'nickname': None, 'dob': '1967-06-16', 'country': {'id': 85, 'name': 'Germany'}}]}",0,0,available,scheduled,2020-08-13T15:17:06.709255,2021-06-13T16:17:31.694,"{'data_version': '1.1.0', 'shot_fidelity_version': '2', 'xy_fidelity_version': '2'}",9,"{'id': 1, 'name': 'Regular Season'}","{'id': 99148, 'name': 'White Hart Lane', 'country': {'id': 68, 'name': 'England'}}","{'id': 2, 'name': 'Craig Pawson', 'country': {'id': 68, 'name': 'England'}}",Tottenham Hotspur,Liverpool,Draw,0,1,1
3754193,2015-10-17,16:00:00.000,"{'competition_id': 2, 'country_name': 'England', 'competition_name': 'Premier League'}","{'season_id': 27, 'season_name': '2015/2016'}","{'home_team_id': 36, 'home_team_name': 'Manchester City', 'home_team_gender': 'male', 'home_team_group': None, 'country': {'id': 68, 'name': 'England'}, 'managers': [{'id': 733, 'name': 'Manuel Luis Pellegrini Ripamonti', 'nickname': 'Manuel Pellegrini', 'dob': '1953-09-16', 'country': {'id': 45, 'name': 'Chile'}}]}","{'away_team_id': 28, 'away_team_name': 'AFC Bournemouth', 'away_team_gender': 'male', 'away_team_group': None, 'country': {'id': 68, 'name': 'England'}, 'managers': [{'id': 38, 'name': 'Eddie Howe', 'nickname': None, 'dob': '1977-11-29', 'country': {'id': 68, 'name': 'England'}}]}",5,1,available,scheduled,2022-12-01T13:08:26.404246,2021-06-13T16:17:31.694,"{'data_version': '1.1.0', 'shot_fidelity_version': '2', 'xy_fidelity_version': '2'}",9,"{'id': 1, 'name': 'Regular Season'}","{'id': 4715, 'name': 'Etihad Stadium', 'country': {'id': 68, 'name': 'England'}}","{'id': 6, 'name': 'Mike Dean', 'country': {'id': 68, 'name': 'England'}}",Manchester City,AFC Bournemouth,Home Win,4,3,0
3754222,2015-09-20,14:30:00.000,"{'competition_id': 2, 'country_name': 'England', 'competition_name': 'Premier League'}","{'season_id': 27, 'season_name': '2015/2016'}","{'home_team_id': 38, 'home_team_name': 'Tottenham Hotspur', 'home_team_gender': 'male', 'home_team_group': None, 'country': {'id': 68, 'name': 'England'}, 'managers': [{'id': 81, 'name': 'Mauricio Roberto Pochettino Trossero', 'nickname': 'Mauricio Pochettino', 'dob': '1972-03-02', 'country': {'id': 11, 'name': 'Argentina'}}]}","{'away_team_id': 31, 'away_team_name': 'Crystal Palace', 'away_team_gender': 'male', 'away_team_group': None, 'country': {'id': 68, 'name': 'England'}, 'managers': [{'id': 382, 'name': 'Alan Pardew', 'nickname': None, 'dob': '1961-07-18', 'country': {'id': 68, 'name': 'England'}}]}",1,0,available,scheduled,2020-09-11T18:18:25.317407,2021-06-13T16:17:31.694,"{'data_version': '1.1.0', 'shot_fidelity_version': '2', 'xy_fidelity_version': '2'}",6,"{'id': 1, 'name': 'Regular Season'}","{'id': 99148, 'name': 'White Hart Lane', 'country': {'id': 68, 'name': 'England'}}","{'id': 1, 'name': 'Michael Oliver', 'country': {'id': 68, 'name': 'England'}}",Tottenham Hotspur,Crystal Palace,Home Win,1,3,0
3754213,2015-09-12,16:00:00.000,"{'competition_id': 2, 'country_name': 'England', 'competition_name': 'Premier League'}","{'season_id': 27, 'season_name': '2015/2016'}","{'home_team_id': 23, 'home_team_name': 'Watford', 'home_team_gender': 'male', 'home_team_group': None, 'country': {'id': 68, 'name': 'England'}, 'managers': [{'id': 236, 'name': 'Enrique Sánchez Flores', 'nickname': 'Quique Sánchez Flores', 'dob': '1965-02-05', 'country': {'id': 214, 'name': 'Spain'}}]}","{'away_team_id': 26, 'away_team_name': 'Swansea City', 'away_team_gender': 'male', 'away_team_group': None, 'country': {'id': 249, 'name': 'Wales'}, 'managers': [{'id': 270, 'name': 'Garry Monk', 'nickname': None, 'dob': '1979-03-06', 'country': {'id': 68, 'name': 'England'}}]}",1,0,available,scheduled,2020-11-29T14:07:50.969020,2021-06-13T16:17:31.694,"{'data_version': '1.1.0', 'shot_fidelity_version': '2', 'xy_fidelity_version': '2'}",5,"{'id': 1, 'name': 'Regular Season'}","{'id': 4589, 'name': 'Vicarage Road', 'country': {'id': 68, 'name': 'England'}}","{'id': 9, 'name': 'Robert Madley', 'country': {'id': 68, 'name': 'England'}}",Watford,Swansea City,Home Win,1,3,0
3754212,2015-09-26,16:00:00.000,"{'competition_id': 2, 'country_name': 'England', 'competition_name': 'Premier League'}","{'season_id': 27, 'season_name': '2015/2016'}","{'home_team_id': 24, 'home_team_name': 'Liverpool', 'home_team_gender': 'male', 'home_team_group': None, 'country': {'id': 68, 'name': 'England'}, 'managers': [{'id': 6, 'name': 'Brendan Rodgers', 'nickname': None, 'dob': '1973-01-26', 'country': {'id': 169, 'name': 'Northern Ireland'}}]}","{'away_team_id': 59, 'away_team_name': 'Aston Villa', 'away_team_gender': 'male', 'away_team_group': None, 'country': {'id': 68, 'name': 'England'}, 'managers': [{'id': 5003, 'name': 'Tim Sherwood', 'nickname': None, 'dob': '1969-02-06', 'country': {'id': 68, 'name': 'England'}}]}",3,2,available,scheduled,2022-12-01T12:55:05.393529,2021-06-13T16:17:31.694,"{'data_version': '1.1.0', 'shot_fidelity_version': '2', 'xy_fidelity_version': '2'}",7,"{'id': 1, 'name': 'Regular Season'}","{'id': 6, 'name': 'Anfield ', 'country': {'id': 68, 'name': 'England'}}","{'id': 3, 'name': 'Jonathan Moss', 'country': {'id': 68, 'name': 'England'}}",Liverpool,Aston Villa,Home Win,1,3,0
3754223,2015-10-31,16:00:00.000,"{'competition_id': 2, 'country_name': 'England', 'competition_name': 'Premier League'}","{'season_id': 27, 'season_name': '2015/2016'}","{'home_team_id': 31, 'home_team_name': 'Crystal Palace', 'home_team_gender': 'male', 'home_team_group': None, 'country': {'id': 68, 'name': 'England'}, 'managers': [{'id': 382, 'name': 'Alan Pardew', 'nickname': None, 'dob': '1961-07-18', 'country': {'id': 68, 'name': 'England'}}]}","{'away_team_id': 39, 'away_team_name': 'Manchester United', 'away_team_gender': 'male', 'away_team_group': None, 'country': {'id': 68, 'name': 'England'}, 'managers': [{'id': 788, 'name': 'Louis van Gaal', 'nickname': None, 'dob': '1951-08-08', 'country': {'id': 160, 'name': 'Netherlands'}}]}",0,0,available,scheduled,2022-12-01T13:17:21.322151,2021-06-13T16:17:31.694,"{'data_version': '1.1.0', 'shot_fidelity_version': '2', 'xy_fidelity_version': '2'}",11,"{'id': 1, 'name': 'Regular Season'}","{'id': 37, 'name': 'Selhurst Park', 'country': {'id': 68, 'name': 'England'}}","{'id': 14, 'name': 'Mike Jones', 'country': {'id': 68, 'name': 'England'}}",Crystal Palace,Manchester United,Draw,0,1,1
3754197,2015-09-26,13:45:00.000,"{'competition_id': 2, 'country_name': 'England', 'competition_name': 'Premier League'}","{'season_id': 27, 'season_name': '2015/2016'}","{'home_team_id': 38, 'home_team_name': 'Tottenham Hotspur', 'home_team_gender': 'male', 'home_team_group': None, 'country': {'id': 68, 'name': 'England'}, 'managers': [{'id': 81, 'name': 'Mauricio Roberto Pochettino Trossero', 'nickname': 'Mauricio Pochettino', 'dob': '1972-03-02', 'country': {'id': 11, 'name': 'Argentina'}}]}","{'away_team_id': 36, 'away_team_name': 'Manchester City', 'away_team_gender': 'male', 'away_team_group': None, 'country': {'id': 68, 'name': 'England'}, 'managers': [{'id': 733, 'name': 'Manuel Luis Pellegrini Ripamonti', 'nickname': 'Manuel Pellegrini', 'dob': '1953-09-16', 'country': {'id': 45, 'name': 'Chile'}}]}",4,1,available,scheduled,2022-12-01T12:57:02.570846,2021-06-13T16:17:31.694,"{'data_version': '1.1.0', 'shot_fidelity_version': '2', 'xy_fidelity_version': '2'}",7,"{'id': 1, 'name': 'Regular Season'}","{'id': 99148, 'name': 'White Hart Lane', 'country': {'id': 68, 'name': 'England'}}","{'id': 728, 'name': 'Mark Clattenburg', 'country': {'id': 68, 'name': 'England'}}",Tottenham Hotspur,Manchester City,Home Win,3,3,0
3754208,2015-11-21,18:30:00.000,"{'competition_id': 2, 'country_name': 'England', 'competition_name': 'Premier League'}","{'season_id': 27, 'season_name': '2015/2016'}","{'home_team_id': 36, 'home_team_name': 'Manchester City', 'home_team_gender': 'male', 'home_team_group': None, 'country': {'id': 68, 'name': 'England'}, 'managers': [{'id': 733, 'name': 'Manuel Luis Pellegrini Ripamonti', 'nickname': 'Manuel Pellegrini', 'dob': '1953-09-16', 'country': {'id': 45, 'name': 'Chile'}}]}","{'away_team_id': 24, 'away_team_name': 'Liverpool', 'away_team_gender': 'male', 'away_team_group': None, 'country': {'id': 68, 'name': 'England'}, 'managers': [{'id': 94, 'name': 'Jürgen Klopp', 'nickname': None, 'dob': '1967-06-16', 'country': {'id': 85, 'name': 'Germany'}}]}",1,4,available,scheduled,2020-09-26T23:55:49.315699,2021-06-13T16:17:31.694,"{'data_version': '1.1.0', 'shot_fidelity_version': '2', 'xy_fidelity_version': '2'}",13,"{'id': 1, 'name': 'Regular Season'}","{'id': 4715, 'name': 'Etihad Stadium', 'country': {'id': 68, 'name': 'England'}}","{'id': 3, 'name': 'Jonathan Moss', 'country': {'id': 68, 'name': 'England'}}",Manchester City,Liverpool,Away Win,3,0,3
3754204,2015-08-29,16:00:00.000,"{'competition_id': 2, 'country_name': 'England', 'competition_name': 'Premier League'}","{'season_id': 27, 'season_name': '2015/2016'}","{'home_team_id': 59, 'home_team_name': 'Aston Villa', 'home_team_gender': 'male', 'home_team_group': None, 'country': {'id': 68, 'name': 'England'}, 'managers': [{'id': 5003, 'name': 'Tim Sherwood', 'nickname': None, 'dob': '1969-02-06', 'country': {'id': 68, 'name': 'England'}}]}","{'away_team_id': 41, 'away_team_name': 'Sunderland', 'away_team_gender': 'male', 'away_team_group': None, 'country': {'id': 68, 'name': 'England'}, 'managers': [{'id': 453, 'name': 'Dick Advocaat', 'nickname': None, 'dob': '1947-09-27', 'country': {'id': 160, 'name': 'Netherlands'}}]}",2,2,available,scheduled,2020-10-01T07:40:32.450389,2021-06-13T16:17:31.694,"{'data_version': '1.1.0', 'shot_fidelity_version': '2', 'xy_fidelity_version': '2'}",4,"{'id': 1, 'name': 'Regular Season'}","{'id': 211, 'name': 'Villa Park', 'country': {'id': 68, 'name': 'England'}}","{'id': 9, 'name': 'Robert Madley', 'country': {'id': 68, 'name': 'England'}}",Aston Villa,Sunderland,Draw,0,1,1
3754194,2015-11-07,16:00:00.000,"{'competition_id': 2, 'country_name': 'England', 'competition_name': 'Premier League'}","{'season_id': 27, 'season_name': '2015/2016'}","{'home_team_id': 40, 'home_team_name': 'West Ham United', 'home_team_gender': 'male', 'home_team_group': None, 'country': {'id': 68, 'name': 'England'}, 'managers': [{'id': 150, 'name': 'Slaven Bilić', 'nickname': None, 'dob': '1968-09-11', 'country': {'id': 56, 'name': 'Croatia'}}]}","{'away_team_id': 29, 'away_team_name': 'Everton', 'away_team_gender': 'male', 'away_team_group': None, 'country': {'id': 68, 'name': 'England'}, 'managers': [{'id': 263, 'name': 'Roberto Martínez Montoliú', 'nickname': 'Roberto Martínez', 'dob': '1973-07-13', 'country': {'id': 214, 'name': 'Spain'}}]}",1,1,available,scheduled,2020-10-23T22:11:13.807088,2021-06-13T16:17:31.694,"{'data_version': '1.1.0', 'shot_fidelity_version': '2', 'xy_fidelity_version': '2'}",12,"{'id': 1, 'name': 'Regular Season'}","{'id': 115324, 'name': 'Boleyn Ground', 'country': {'id': 68, 'name': 'England'}}","{'id': 17, 'name': 'Paul Tierney', 'country': {'id': 68, 'name': 'England'}}",West Ham United,Everton,Draw,0,1,1
3754219,2015-12-19,16:00:00.000,"{'competition_id': 2, 'country_name': 'England', 'competition_name': 'Premier League'}","{'season_id': 27, 'season_name': '2015/2016'}","{'home_team_id': 27, 'home_team_name': 'West Bromwich Albion', 'home_team_gender': 'male', 'home_team_group': None, 'country': {'id': 68, 'name': 'England'}, 'managers': [{'id': 300, 'name': 'Tony Pulis', 'nickname': None, 'dob': '1958-01-16', 'country': {'id': 249, 'name': 'Wales'}}]}","{'away_team_id': 28, 'away_team_name': 'AFC Bournemouth', 'away_team_gender': 'male', 'away_team_group': None, 'country': {'id': 68, 'name': 'England'}, 'managers': [{'id': 38, 'name': 'Eddie Howe', 'nickname': None, 'dob': '1977-11-29', 'country': {'id': 68, 'name': 'England'}}]}",1,2,available,scheduled,2022-12-01T13:37:17.113631,2021-06-13T16:17:31.694,"{'data_version': '1.1.0', 'shot_fidelity_version': '2', 'xy_fidelity_version': '2'}",17,"{'id': 1, 'name': 'Regular Season'}","{'id': 33, 'name': 'The Hawthorns', 'country': {'id': 68, 'name': 'England'}}","{'id': 6, 'name': 'Mike Dean', 'country': {'id': 68, 'name': 'England'}}",West Bromwich Albion,AFC Bournemouth,Away Win,1,0,3
3754254,2015-08-22,13:45:00.000,"{'competition_id': 2, 'country_name': 'England', 'competition_name': 'Premier League'}","{'season_id': 27, 'season_name': '2015/2016'}","{'home_team_id': 39, 'home_team_name': 'Manchester United', 'home_team_gender': 'male', 'home_team_group': None, 'country': {'id': 68, 'name': 'England'}, 'managers': [{'id': 788, 'name': 'Louis van Gaal', 'nickname': None, 'dob': '1951-08-08', 'country': {'id': 160, 'name': 'Netherlands'}}]}","{'away_team_id': 37, 'away_team_name': 'Newcastle United', 'away_team_gender': 'male', 'away_team_group': None, 'country': {'id': 68, 'name': 'England'}, 'managers': [{'id': 40, 'name': 'Steve McClaren', 'nickname': None, 'dob': '1961-05-03', 'country': {'id': 68, 'name': 'England'}}]}",0,0,available,scheduled,2022-07-08T21:40:26.368774,2021-06-13T16:17:31.694,"{'data_version': '1.1.0', 'shot_fidelity_version': '2', 'xy_fidelity_version': '2'}",3,"{'id': 1, 'name': 'Regular Season'}","{'id': 2, 'name': 'Old Trafford', 'country': {'id': 68, 'name': 'England'}}","{'id': 2, 'name': 'Craig Pawson', 'country': {'id': 68, 'name': 'England'}}",Manchester United,Newcastle United,Draw,0,1,1
3754230,2015-10-25,17:15:00.000,"{'competition_id': 2, 'country_name': 'England', 'competition_name': 'Premier League'}","{'season_id': 27, 'season_name': '2015/2016'}","{'home_team_id': 24, 'home_team_name': 'Liverpool', 'home_team_gender': 'male', 'home_team_group': None, 'country': {'id': 68, 'name': 'England'}, 'managers': [{'id': 94, 'name': 'Jürgen Klopp', 'nickname': None, 'dob': '1967-06-16', 'country': {'id': 85, 'name': 'Germany'}}]}","{'away_team_id': 25, 'away_team_name': 'Southampton', 'away_team_gender': 'male', 'away_team_group': None, 'country': {'id': 68, 'name': 'England'}, 'managers': [{'id': 676, 'name': 'Ronald Koeman', 'nickname': None, 'dob': '1963-03-21', 'country': {'id': 160, 'name': 'Netherlands'}}]}",1,1,available,scheduled,2022-12-01T13:15:32.646389,2021-06-13T16:17:31.694,"{'data_version': '1.1.0', 'shot_fidelity_version': '2', 'xy_fidelity_version': '2'}",10,"{'id': 1, 'name': 'Regular Season'}","{'id': 6, 'name': 'Anfield ', 'country': {'id': 68, 'name': 'England'}}","{'id': 5, 'name': 'Andre Marriner', 'country': {'id': 68, 'name': 'England'}}",Liverpool,Southampton,Draw,0,1,1
3754285,2015-12-26,16:00:00.000,"{'competition_id': 2, 'country_name': 'England', 'competition_name': 'Premier League'}","{'season_id': 27, 'season_name': '2015/2016'}","{'home_team_id': 59, 'home_team_name': 'Aston Villa', 'home_team_gender': 'male', 'home_team_group': None, 'country': {'id': 68, 'name': 'England'}, 'managers': [{'id': 92, 'name': 'Rémi Garde', 'nickname': None, 'dob': '1966-04-03', 'country': {'id': 78, 'name': 'France'}}]}","{'away_team_id': 40, 'away_team_name': 'West Ham United', 'away_team_gender': 'male', 'away_team_group': None, 'country': {'id': 68, 'name': 'England'}, 'managers': [{'id': 150, 'name': 'Slaven Bilić', 'nickname': None, 'dob': '1968-09-11', 'country': {'id': 56, 'name': 'Croatia'}}]}",1,1,available,scheduled,2022-12-01T13:42:12.397086,2021-06-13T16:17:31.694,"{'data_version': '1.1.0', 'shot_fidelity_version': '2', 'xy_fidelity_version': '2'}",18,"{'id': 1, 'name': 'Regular Season'}","{'id': 211, 'name': 'Villa Park', 'country': {'id': 68, 'name': 'England'}}","{'id': 6, 'name': 'Mike Dean', 'country': {'id': 68, 'name': 'England'}}",Aston Villa,West Ham United,Draw,0,1,1
3754233,2015-08-23,17:00:00.000,"{'competition_id': 2, 'country_name': 'England', 'competition_name': 'Premier League'}","{'season_id': 27, 'season_name': '2015/2016'}","{'home_team_id': 29, 'home_team_name': 'Everton', 'home_team_gender': 'male', 'home_team_group': None, 'country': {'id': 68, 'name': 'England'}, 'managers': [{'id': 263, 'name': 'Roberto Martínez Montoliú', 'nickname': 'Roberto Martínez', 'dob': '1973-07-13', 'country': {'id': 214, 'name': 'Spain'}}]}","{'away_team_id': 36, 'away_team_name': 'Manchester City', 'away_team_gender': 'male', 'away_team_group': None, 'country': {'id': 68, 'name': 'England'}, 'managers': [{'id': 733, 'name': 'Manuel Luis Pellegrini Ripamonti', 'nickname': 'Manuel Pellegrini', 'dob': '1953-09-16', 'country': {'id': 45, 'name': 'Chile'}}]}",0,2,available,scheduled,2022-07-08T21:54:00.236975,2021-06-13T16:17:31.694,"{'data_version': '1.1.0', 'shot_fidelity_version': '2', 'xy_fidelity_version': '2'}",3,"{'id': 1, 'name': 'Regular Season'}","{'id': 12, 'name': 'Goodison Park', 'country': {'id': 68, 'name': 'England'}}","{'id': 8, 'name': 'Anthony Taylor', 'country': {'id': 68, 'name': 'England'}}",Everton,Manchester City,Away Win,2,0,3
3754270,2015-08-15,16:00:00.000,"{'competition_id': 2, 'country_name': 'England', 'competition_name': 'Premier League'}","{'season_id': 27, 'season_name': '2015/2016'}","{'home_team_id': 38, 'home_team_name': 'Tottenham Hotspur', 'home_team_gender': 'male', 'home_team_group': None, 'country': {'id': 68, 'name': 'England'}, 'managers': [{'id': 81, 'name': 'Mauricio Roberto Pochettino Trossero', 'nickname': 'Mauricio Pochettino', 'dob': '1972-03-02', 'country': {'id': 11, 'name': 'Argentina'}}]}","{'away_team_id': 30, 'away_team_name': 'Stoke City', 'away_team_gender': 'male', 'away_team_group': None, 'country': {'id': 68, 'name': 'England'}, 'managers': [{'id': 55, 'name': 'Mark Hughes', 'nickname': None, 'dob': '1963-11-01', 'country': {'id': 249, 'name': 'Wales'}}]}",2,2,available,scheduled,2022-07-08T21:04:37.806798,2021-06-13T16:17:31.694,"{'data_version': '1.1.0', 'shot_fidelity_version': '2', 'xy_fidelity_version': '2'}",2,"{'id': 1, 'name': 'Regular Season'}","{'id': 99148, 'name': 'White Hart Lane', 'country': {'id': 68, 'name': 'England'}}","{'id': 9, 'name': 'Robert Madley', 'country': {'id': 68, 'name': 'England'}}",Tottenham Hotspur,Stoke City,Draw,0,1,1
3754237,2015-08-08,16:00:00.000,"{'competition_id': 2, 'country_name': 'England', 'competition_name': 'Premier League'}","{'season_id': 27, 'season_name': '2015/2016'}","{'home_team_id': 22, 'home_team_name': 'Leicester City', 'home_team_gender': 'male', 'home_team_group': None, 'country': {'id': 68, 'name': 'England'}, 'managers': [{'id': 60, 'name': 'Claudio Ranieri', 'nickname': None, 'dob': '1951-10-20', 'country': {'id': 112, 'name': 'Italy'}}]}","{'away_team_id': 41, 'away_team_name': 'Sunderland', 'away_team_gender': 'male', 'away_team_group': None, 'country': {'id': 68, 'name': 'England'}, 'managers': [{'id': 453, 'name': 'Dick Advocaat', 'nickname': None, 'dob': '1947-09-27', 'country': {'id': 160, 'name': 'Netherlands'}}]}",4,2,available,scheduled,2022-07-08T20:43:17.249927,2021-06-13T16:17:31.694,"{'data_version': '1.1.0', 'shot_fidelity_version': '2', 'xy_fidelity_version': '2'}",1,"{'id': 1, 'name': 'Regular Season'}","{'id': 20, 'name': 'King Power Stadium ', 'country': {'id': 68, 'name': 'England'}}","{'id': 10, 'name': 'Lee Mason', 'country': {'id': 68, 'name': 'England'}}",Leicester City,Sunderland,Home Win,2,3,0
3754257,2015-09-12,16:00:00.000,"{'competition_id': 2, 'country_name': 'England', 'competition_name': 'Premier League'}","{'season_id': 27, 'season_name': '2015/2016'}","{'home_team_id': 31, 'home_team_name': 'Crystal Palace', 'home_team_gender': 'male', 'home_team_group': None, 'country': {'id': 68, 'name': 'England'}, 'managers': [{'id': 382, 'name': 'Alan Pardew', 'nickname': None, 'dob': '1961-07-18', 'country': {'id': 68, 'name': 'England'}}]}","{'away_team_id': 36, 'away_team_name': 'Manchester City', 'away_team_gender': 'male', 'away_team_group': None, 'country': {'id': 68, 'name': 'England'}, 'managers': [{'id': 733, 'name': 'Manuel Luis Pellegrini Ripamonti', 'nickname': 'Manuel Pellegrini', 'dob': '1953-09-16', 'country': {'id': 45, 'name': 'Chile'}}]}",0,1,available,scheduled,2022-07-08T22:35:00.516676,2021-06-13T16:17:31.694,"{'data_version': '1.1.0', 'shot_fidelity_version': '2', 'xy_fidelity_version': '2'}",5,"{'id': 1, 'name': 'Regular Season'}","{'id': 37, 'name': 'Selhurst Park', 'country': {'id': 68, 'name': 'England'}}","{'id': 14, 'name': 'Mike Jones', 'country': {'id': 68, 'name': 'England'}}",Crystal Palace,Manchester City,Away Win,1,0,3
3754266,2015-09-27,17:00:00.000,"{'competition_id': 2, 'country_name': 'England', 'competition_name': 'Premier League'}","{'season_id': 27, 'season_name': '2015/2016'}","{'home_team_id': 23, 'home_team_name': 'Watford', 'home_team_gender': 'male', 'home_team_group': None, 'country': {'id': 68, 'name': 'England'}, 'managers': [{'id': 236, 'name': 'Enrique Sánchez Flores', 'nickname': 'Quique Sánchez Flores', 'dob': '1965-02-05', 'country': {'id': 214, 'name': 'Spain'}}]}","{'away_team_id': 31, 'away_team_name': 'Crystal Palace', 'away_team_gender': 'male', 'away_team_group': None, 'country': {'id': 68, 'name': 'England'}, 'managers': [{'id': 382, 'name': 'Alan Pardew', 'nickname': None, 'dob': '1961-07-18', 'country': {'id': 68, 'name': 'England'}}]}",0,1,available,scheduled,2020-08-10T22:04:56.027298,2021-06-13T16:17:31.694,"{'data_version': '1.1.0', 'shot_fidelity_version': '2', 'xy_fidelity_version': '2'}",7,"{'id': 1, 'name': 'Regular Season'}","{'id': 4589, 'name': 'Vicarage Road', 'country': {'id': 68, 'name': 'England'}}","{'id': 8, 'name': 'Anthony Taylor', 'country': {'id': 68, 'name': 'England'}}",Watford,Crystal Palace,Away Win,1,0,3
3754256,2015-10-17,16:00:00.000,"{'competition_id': 2, 'country_name': 'England', 'competition_name': 'Premier League'}","{'season_id': 27, 'season_name': '2015/2016'}","{'home_team_id': 29, 'home_team_name': 'Everton', 'home_team_gender': 'male', 'home_team_group': None, 'country': {'id': 68, 'name': 'England'}, 'managers': [{'id': 263, 'name': 'Roberto Martínez Montoliú', 'nickname': 'Roberto Martínez', 'dob': '1973-07-13', 'country': {'id': 214, 'name': 'Spain'}}]}","{'away_team_id': 39, 'away_team_name': 'Manchester United', 'away_team_gender': 'male', 'away_team_group': None, 'country': {'id': 68, 'name': 'England'}, 'managers': [{'id': 788, 'name': 'Louis van Gaal', 'nickname': None, 'dob': '1951-08-08', 'country': {'id': 160, 'name': 'Netherlands'}}]}",0,3,available,scheduled,2022-12-01T13:07:26.074985,2021-06-13T16:17:31.694,"{'data_version': '1.1.0', 'shot_fidelity_version': '2', 'xy_fidelity_version': '2'}",9,"{'id': 1, 'name': 'Regular Season'}","{'id': 12, 'name': 'Goodison Park', 'country': {'id': 68, 'name': 'England'}}","{'id': 3, 'name': 'Jonathan Moss', 'country': {'id': 68, 'name': 'England'}}",Everton,Manchester United,Away Win,3,0,3
3754288,2015-10-24,16:00:00.000,"{'competition_id': 2, 'country_name': 'England', 'competition_name': 'Premier League'}","{'season_id': 27, 'season_name': '2015/2016'}","{'home_team_id': 40, 'home_team_name': 'West Ham United', 'home_team_gender': 'male', 'home_team_group': None, 'country': {'id': 68, 'name': 'England'}, 'managers': [{'id': 150, 'name': 'Slaven Bilić', 'nickname': None, 'dob': '1968-09-11', 'country': {'id': 56, 'name': 'Croatia'}}]}","{'away_team_id': 33, 'away_team_name': 'Chelsea', 'away_team_gender': 'male', 'away_team_group': None, 'country': {'id': 68, 'name': 'England'}, 'managers': [{'id': 383, 'name': 'José Mario Felix dos Santos Mourinho', 'nickname': 'José Mourinho', 'dob': '1963-01-26', 'country': {'id': 183, 'name': 'Portugal'}}]}",2,1,available,scheduled,2022-12-01T13:11:00.286464,2021-06-13T16:17:31.694,"{'data_version': '1.1.0', 'shot_fidelity_version': '2', 'xy_fidelity_version': '2'}",10,"{'id': 1, 'name': 'Regular Season'}","{'id': 115324, 'name': 'Boleyn Ground', 'country': {'id': 68, 'name': 'England'}}","{'id': 3, 'name': 'Jonathan Moss', 'country': {'id': 68, 'name': 'England'}}",West Ham United,Chelsea,Home Win,1,3,0
3754238,2015-11-07,13:45:00.000,"{'competition_id': 2, 'country_name': 'England', 'competition_name': 'Premier League'}","{'season_id': 27, 'season_name': '2015/2016'}","{'home_team_id': 28, 'home_team_name': 'AFC Bournemouth', 'home_team_gender': 'male', 'home_team_group': None, 'country': {'id': 68, 'name': 'England'}, 'managers': [{'id': 38, 'name': 'Eddie Howe', 'nickname': None, 'dob': '1977-11-29', 'country': {'id': 68, 'name': 'England'}}]}","{'away_team_id': 37, 'away_team_name': 'Newcastle United', 'away_team_gender': 'male', 'away_team_group': None, 'country': {'id': 68, 'name': 'England'}, 'managers': [{'id': 40, 'name': 'Steve McClaren', 'nickname': None, 'dob': '1961-05-03', 'country': {'id': 68, 'name': 'England'}}]}",0,1,available,scheduled,2020-09-18T13:16:12.825671,2021-06-13T16:17:31.694,"{'data_version': '1.1.0', 'shot_fidelity_version': '2', 'xy_fidelity_version': '2'}",12,"{'id': 1, 'name': 'Regular Season'}","{'id': 71, 'name': 'Vitality Stadium', 'country': {'id': 68, 'name': 'England'}}","{'id': 10, 'name': 'Lee Mason', 'country': {'id': 68, 'name': 'England'}}",AFC Bournemouth,Newcastle United,Away Win,1,0,3
3754269,2015-10-19,21:00:00.000,"{'competition_id': 2, 'country_name': 'England', 'competition_name': 'Premier League'}","{'season_id': 27, 'season_name': '2015/2016'}","{'home_team_id': 26, 'home_team_name': 'Swansea City', 'home_team_gender': 'male', 'home_team_group': None, 'country': {'id': 249, 'name': 'Wales'}, 'managers': [{'id': 270, 'name': 'Garry Monk', 'nickname': None, 'dob': '1979-03-06', 'country': {'id': 68, 'name': 'England'}}]}","{'away_team_id': 30, 'away_team_name': 'Stoke City', 'away_team_gender': 'male', 'away_team_group': None, 'country': {'id': 68, 'name': 'England'}, 'managers': [{'id': 55, 'name': 'Mark Hughes', 'nickname': None, 'dob': '1963-11-01', 'country': {'id': 249, 'name': 'Wales'}}]}",0,1,available,scheduled,2020-09-29T22:20:51.346007,2021-06-13T16:17:31.694,"{'data_version': '1.1.0', 'shot_fidelity_version': '2', 'xy_fidelity_version': '2'}",9,"{'id': 1, 'name': 'Regular Season'}","{'id': 45, 'name': 'Swansea.com Stadium', 'country': {'id': 249, 'name': 'Wales'}}","{'id': 9, 'name': 'Robert Madley', 'country': {'id': 68, 'name': 'England'}}",Swansea City,Stoke City,Away Win,1,0,3
3754234,2015-10-25,15:05:00.000,"{'competition_id': 2, 'country_name': 'England', 'competition_name': 'Premier League'}","{'season_id': 27, 'season_name': '2015/2016'}","{'home_team_id': 28, 'home_team_name': 'AFC Bournemouth', 'home_team_gender': 'male', 'home_team_group': None, 'country': {'id': 68, 'name': 'England'}, 'managers': [{'id': 38, 'name': 'Eddie Howe', 'nickname': None, 'dob': '1977-11-29', 'country': {'id': 68, 'name': 'England'}}]}","{'away_team_id': 38, 'away_team_name': 'Tottenham Hotspur', 'away_team_gender': 'male', 'away_team_group': None, 'country': {'id': 68, 'name': 'England'}, 'managers': [{'id': 81, 'name': 'Mauricio Roberto Pochettino Trossero', 'nickname': 'Mauricio Pochettino', 'dob': '1972-03-02', 'country': {'id': 11, 'name': 'Argentina'}}]}",1,5,available,scheduled,2020-10-11T16:17:39.015539,2021-06-13T16:17:31.694,"{'data_version': '1.1.0', 'shot_fidelity_version': '2', 'xy_fidelity_version': '2'}",10,"{'id': 1, 'name': 'Regular Season'}","{'id': 71, 'name': 'Vitality Stadium', 'country': {'id': 68, 'name': 'England'}}","{'id': 13, 'name': 'Roger East', 'country': {'id': 68, 'name': 'England'}}",AFC Bournemouth,Tottenham Hotspur,Away Win,4,0,3
3754246,2015-08-29,16:00:00.000,"{'competition_id': 2, 'country_name': 'England', 'competition_name': 'Premier League'}","{'season_id': 27, 'season_name': '2015/2016'}","{'home_team_id': 36, 'home_team_name': 'Manchester City', 'home_team_gender': 'male', 'home_team_group': None, 'country': {'id': 68, 'name': 'England'}, 'managers': [{'id': 733, 'name': 'Manuel Luis Pellegrini Ripamonti', 'nickname': 'Manuel Pellegrini', 'dob': '1953-09-16', 'country': {'id': 45, 'name': 'Chile'}}]}","{'away_team_id': 23, 'away_team_name': 'Watford', 'away_team_gender': 'male', 'away_team_group': None, 'country': {'id': 68, 'name': 'England'}, 'managers': [{'id': 236, 'name': 'Enrique Sánchez Flores', 'nickname': 'Quique Sánchez Flores', 'dob': '1965-02-05', 'country': {'id': 214, 'name': 'Spain'}}]}",2,0,available,scheduled,2020-11-29T14:07:50.969020,2021-06-13T16:17:31.694,"{'data_version': '1.1.0', 'shot_fidelity_version': '2', 'xy_fidelity_version': '2'}",4,"{'id': 1, 'name': 'Regular Season'}","{'id': 4715, 'name': 'Etihad Stadium', 'country': {'id': 68, 'name': 'England'}}","{'id': 728, 'name': 'Mark Clattenburg', 'country': {'id': 68, 'name': 'England'}}",Manchester City,Watford,Home Win,2,3,0
3754273,2015-10-31,16:00:00.000,"{'competition_id': 2, 'country_name': 'England', 'competition_name': 'Premier League'}","{'season_id': 27, 'season_name': '2015/2016'}","{'home_team_id': 23, 'home_team_name': 'Watford', 'home_team_gender': 'male', 'home_team_group': None, 'country': {'id': 68, 'name': 'England'}, 'managers': [{'id': 236, 'name': 'Enrique Sánchez Flores', 'nickname': 'Quique Sánchez Flores', 'dob': '1965-02-05', 'country': {'id': 214, 'name': 'Spain'}}]}","{'away_team_id': 40, 'away_team_name': 'West Ham United', 'away_team_gender': 'male', 'away_team_group': None, 'country': {'id': 68, 'name': 'England'}, 'managers': [{'id': 150, 'name': 'Slaven Bilić', 'nickname': None, 'dob': '1968-09-11', 'country': {'id': 56, 'name': 'Croatia'}}]}",2,0,available,scheduled,2020-09-20T02:24:11.414760,2021-06-13T16:17:31.694,"{'data_version': '1.1.0', 'shot_fidelity_version': '2', 'xy_fidelity_version': '2'}",11,"{'id': 1, 'name': 'Regular Season'}","{'id': 4589, 'name': 'Vicarage Road', 'country': {'id': 68, 'name': 'England'}}","{'id': 50, 'name': 'Keith Stroud', 'country': {'id': 68, 'name': 'England'}}",Watford,West Ham United,Home Win,2,3,0
3754263,2015-10-24,16:00:00.000,"{'competition_id': 2, 'country_name': 'England', 'competition_name': 'Premier League'}","{'season_id': 27, 'season_name': '2015/2016'}","{'home_team_id': 22, 'home_team_name': 'Leicester City', 'home_team_gender': 'male', 'home_team_group': None, 'country': {'id': 68, 'name': 'England'}, 'managers': [{'id': 60, 'name': 'Claudio Ranieri', 'nickname': None, 'dob': '1951-10-20', 'country': {'id': 112, 'name': 'Italy'}}]}","{'away_team_id': 31, 'away_team_name': 'Crystal Palace', 'away_team_gender': 'male', 'away_team_group': None, 'country': {'id': 68, 'name': 'England'}, 'managers': [{'id': 382, 'name': 'Alan Pardew', 'nickname': None, 'dob': '1961-07-18', 'country': {'id': 68, 'name': 'England'}}]}",1,0,available,scheduled,2022-12-01T13:11:49.163406,2021-06-13T16:17:31.694,"{'data_version': '1.1.0', 'shot_fidelity_version': '2', 'xy_fidelity_version': '2'}",10,"{'id': 1, 'name': 'Regular Season'}","{'id': 20, 'name': 'King Power Stadium ', 'country': {'id': 68, 'name': 'England'}}","{'id': 6, 'name': 'Mike Dean', 'country': {'id': 68, 'name': 'England'}}",Leicester City,Crystal Palace,Home Win,1,3,0
3754268,2015-08-29,18:30:00.000,"{'competition_id': 2, 'country_name': 'England', 'competition_name': 'Premier League'}","{'season_id': 27, 'season_name': '2015/2016'}","{'home_team_id': 38, 'home_team_name': 'Tottenham Hotspur', 'home_team_gender': 'male', 'home_team_group': None, 'country': {'id': 68, 'name': 'England'}, 'managers': [{'id': 81, 'name': 'Mauricio Roberto Pochettino Trossero', 'nickname': 'Mauricio Pochettino', 'dob': '1972-03-02', 'country': {'id': 11, 'name': 'Argentina'}}]}","{'away_team_id': 29, 'away_team_name': 'Everton', 'away_team_gender': 'male', 'away_team_group': None, 'country': {'id': 68, 'name': 'England'}, 'managers': [{'id': 263, 'name': 'Roberto Martínez Montoliú', 'nickname': 'Roberto Martínez', 'dob': '1973-07-13', 'country': {'id': 214, 'name': 'Spain'}}]}",0,0,available,scheduled,2020-09-11T18:18:25.317407,2021-06-13T16:17:31.694,"{'data_version': '1.1.0', 'shot_fidelity_version': '2', 'xy_fidelity_version': '2'}",4,"{'id': 1, 'name': 'Regular Season'}","{'id': 99148, 'name': 'White Hart Lane', 'country': {'id': 68, 'name': 'England'}}","{'id': 14, 'name': 'Mike Jones', 'country': {'id': 68, 'name': 'England'}}",Tottenham Hotspur,Everton,Draw,0,1,1
3754286,2015-12-05,16:00:00.000,"{'competition_id': 2, 'country_name': 'England', 'competition_name': 'Premier League'}","{'season_id': 27, 'season_name': '2015/2016'}","{'home_team_id': 23, 'home_team_name': 'Watford', 'home_team_gender': 'male', 'home_team_group': None, 'country': {'id': 68, 'name': 'England'}, 'managers': [{'id': 236, 'name': 'Enrique Sánchez Flores', 'nickname': 'Quique Sánchez Flores', 'dob': '1965-02-05', 'country': {'id': 214, 'name': 'Spain'}}]}","{'away_team_id': 56, 'away_team_name': 'Norwich City', 'away_team_gender': 'male', 'away_team_group': None, 'country': {'id': 68, 'name': 'England'}, 'managers': [{'id': 41, 'name': 'Alex Neil', 'nickname': None, 'dob': '1981-06-09', 'country': {'id': 201, 'name': 'Scotland'}}]}",2,0,available,scheduled,2020-10-13T14:16:54.852458,2021-06-13T16:17:31.694,"{'data_version': '1.1.0', 'shot_fidelity_version': '2', 'xy_fidelity_version': '2'}",15,"{'id': 1, 'name': 'Regular Season'}","{'id': 4589, 'name': 'Vicarage Road', 'country': {'id': 68, 'name': 'England'}}","{'id': 6, 'name': 'Mike Dean', 'country': {'id': 68, 'name': 'England'}}",Watford,Norwich City,Home Win,2,3,0
3754291,2015-12-28,16:00:00.000,"{'competition_id': 2, 'country_name': 'England', 'competition_name': 'Premier League'}","{'season_id': 27, 'season_name': '2015/2016'}","{'home_team_id': 23, 'home_team_name': 'Watford', 'home_team_gender': 'male', 'home_team_group': None, 'country': {'id': 68, 'name': 'England'}, 'managers': [{'id': 236, 'name': 'Enrique Sánchez Flores', 'nickname': 'Quique Sánchez Flores', 'dob': '1965-02-05', 'country': {'id': 214, 'name': 'Spain'}}]}","{'away_team_id': 38, 'away_team_name': 'Tottenham Hotspur', 'away_team_gender': 'male', 'away_team_group': None, 'country': {'id': 68, 'name': 'England'}, 'managers': [{'id': 81, 'name': 'Mauricio Roberto Pochettino Trossero', 'nickname': 'Mauricio Pochettino', 'dob': '1972-03-02', 'country': {'id': 11, 'name': 'Argentina'}}]}",1,2,available,scheduled,2020-11-03T09:05:58.027121,2021-06-13T16:17:31.694,"{'data_version': '1.1.0', 'shot_fidelity_version': '2', 'xy_fidelity_version': '2'}",19,"{'id': 1, 'name': 'Regular Season'}","{'id': 4589, 'name': 'Vicarage Road', 'country': {'id': 68, 'name': 'England'}}","{'id': 8, 'name': 'Anthony Taylor', 'country': {'id': 68, 'name': 'England'}}",Watford,Tottenham Hotspur,Away Win,1,0,3
3754283,2015-11-21,16:00:00.000,"{'competition_id': 2, 'country_name': 'England', 'competition_name': 'Premier League'}","{'season_id': 27, 'season_name': '2015/2016'}","{'home_team_id': 29, 'home_team_name': 'Everton', 'home_team_gender': 'male', 'home_team_group': None, 'country': {'id': 68, 'name': 'England'}, 'managers': [{'id': 263, 'name': 'Roberto Martínez Montoliú', 'nickname': 'Roberto Martínez', 'dob': '1973-07-13', 'country': {'id': 214, 'name': 'Spain'}}]}","{'away_team_id': 59, 'away_team_name': 'Aston Villa', 'away_team_gender': 'male', 'away_team_group': None, 'country': {'id': 68, 'name': 'England'}, 'managers': [{'id': 92, 'name': 'Rémi Garde', 'nickname': None, 'dob': '1966-04-03', 'country': {'id': 78, 'name': 'France'}}]}",4,0,available,scheduled,2023-11-14T11:25:33.476498,2021-06-13T16:17:31.694,"{'data_version': '1.1.0', 'shot_fidelity_version': '2', 'xy_fidelity_version': '2'}",13,"{'id': 1, 'name': 'Regular Season'}","{'id': 12, 'name': 'Goodison Park', 'country': {'id': 68, 'name': 'England'}}","{'id': 1, 'name': 'Michael Oliver', 'country': {'id': 68, 'name': 'England'}}",Everton,Aston Villa,Home Win,4,3,0
3754235,2015-11-29,15:05:00.000,"{'competition_id': 2, 'country_name': 'England', 'competition_name': 'Premier League'}","{'season_id': 27, 'season_name': '2015/2016'}","{'home_team_id': 40, 'home_team_name': 'West Ham United', 'home_team_gender': 'male', 'home_team_group': None, 'country': {'id': 68, 'name': 'England'}, 'managers': [{'id': 150, 'name': 'Slaven Bilić', 'nickname': None, 'dob': '1968-09-11', 'country': {'id': 56, 'name': 'Croatia'}}]}","{'away_team_id': 27, 'away_team_name': 'West Bromwich Albion', 'away_team_gender': 'male', 'away_team_group': None, 'country': {'id': 68, 'name': 'England'}, 'managers': [{'id': 300, 'name': 'Tony Pulis', 'nickname': None, 'dob': '1958-01-16', 'country': {'id': 249, 'name': 'Wales'}}]}",1,1,available,scheduled,2020-10-14T06:04:11.885071,2021-06-13T16:17:31.694,"{'data_version': '1.1.0', 'shot_fidelity_version': '2', 'xy_fidelity_version': '2'}",14,"{'id': 1, 'name': 'Regular Season'}","{'id': 115324, 'name': 'Boleyn Ground', 'country': {'id': 68, 'name': 'England'}}","{'id': 4, 'name': 'Martin Atkinson', 'country': {'id': 68, 'name': 'England'}}",West Ham United,West Bromwich Albion,Draw,0,1,1
3754279,2015-12-26,16:00:00.000,"{'competition_id': 2, 'country_name': 'England', 'competition_name': 'Premier League'}","{'season_id': 27, 'season_name': '2015/2016'}","{'home_team_id': 26, 'home_team_name': 'Swansea City', 'home_team_gender': 'male', 'home_team_group': None, 'country': {'id': 249, 'name': 'Wales'}, 'managers': [{'id': 4711, 'name': 'Alan Curtis', 'nickname': None, 'dob': '1954-04-16', 'country': {'id': 249, 'name': 'Wales'}}]}","{'away_team_id': 27, 'away_team_name': 'West Bromwich Albion', 'away_team_gender': 'male', 'away_team_group': None, 'country': {'id': 68, 'name': 'England'}, 'managers': [{'id': 300, 'name': 'Tony Pulis', 'nickname': None, 'dob': '1958-01-16', 'country': {'id': 249, 'name': 'Wales'}}]}",1,0,available,scheduled,2020-10-15T19:24:22.649656,2021-06-13T16:17:31.694,"{'data_version': '1.1.0', 'shot_fidelity_version': '2', 'xy_fidelity_version': '2'}",18,"{'id': 1, 'name': 'Regular Season'}","{'id': 45, 'name': 'Swansea.com Stadium', 'country': {'id': 249, 'name': 'Wales'}}","{'id': 13, 'name': 'Roger East', 'country': {'id': 68, 'name': 'England'}}",Swansea City,West Bromwich Albion,Home Win,1,3,0
3754276,2015-12-13,17:00:00.000,"{'competition_id': 2, 'country_name': 'England', 'competition_name': 'Premier League'}","{'season_id': 27, 'season_name': '2015/2016'}","{'home_team_id': 38, 'home_team_name': 'Tottenham Hotspur', 'home_team_gender': 'male', 'home_team_group': None, 'country': {'id': 68, 'name': 'England'}, 'managers': [{'id': 81, 'name': 'Mauricio Roberto Pochettino Trossero', 'nickname': 'Mauricio Pochettino', 'dob': '1972-03-02', 'country': {'id': 11, 'name': 'Argentina'}}]}","{'away_team_id': 37, 'away_team_name': 'Newcastle United', 'away_team_gender': 'male', 'away_team_group': None, 'country': {'id': 68, 'name': 'England'}, 'managers': [{'id': 40, 'name': 'Steve McClaren', 'nickname': None, 'dob': '1961-05-03', 'country': {'id': 68, 'name': 'England'}}]}",1,2,available,scheduled,2022-12-01T13:36:29.024,2021-06-13T16:17:31.694,"{'data_version': '1.1.0', 'shot_fidelity_version': '2', 'xy_fidelity_version': '2'}",16,"{'id': 1, 'name': 'Regular Season'}","{'id': 99148, 'name': 'White Hart Lane', 'country': {'id': 68, 'name': 'England'}}","{'id': 13, 'name': 'Roger East', 'country': {'id': 68, 'name': 'England'}}",Tottenham Hotspur,Newcastle United,Away Win,1,0,3
3754287,2015-12-26,16:00:00.000,"{'competition_id': 2, 'country_name': 'England', 'competition_name': 'Premier League'}","{'season_id': 27, 'season_name': '2015/2016'}","{'home_team_id': 33, 'home_team_name': 'Chelsea', 'home_team_gender': 'male', 'home_team_group': None, 'country': {'id': 68, 'name': 'England'}, 'managers': [{'id': 3608, 'name': 'Guus Hiddink', 'nickname': None, 'dob': '1946-11-08', 'country': {'id': 160, 'name': 'Netherlands'}}]}","{'away_team_id': 23, 'away_team_name': 'Watford', 'away_team_gender': 'male', 'away_team_group': None, 'country': {'id': 68, 'name': 'England'}, 'managers': [{'id': 236, 'name': 'Enrique Sánchez Flores', 'nickname': 'Quique Sánchez Flores', 'dob': '1965-02-05', 'country': {'id': 214, 'name': 'Spain'}}]}",2,2,available,scheduled,2022-12-01T13:41:22.730115,2021-06-13T16:17:31.694,"{'data_version': '1.1.0', 'shot_fidelity_version': '2', 'xy_fidelity_version': '2'}",18,"{'id': 1, 'name': 'Regular Season'}","{'id': 10, 'name': 'Stamford Bridge', 'country': {'id': 68, 'name': 'England'}}","{'id': 5, 'name': 'Andre Marriner', 'country': {'id': 68, 'name': 'England'}}",Chelsea,Watford,Draw,0,1,1
3754259,2015-12-20,17:00:00.000,"{'competition_id': 2, 'country_name': 'England', 'competition_name': 'Premier League'}","{'season_id': 27, 'season_name': '2015/2016'}","{'home_team_id': 26, 'home_team_name': 'Swansea City', 'home_team_gender': 'male', 'home_team_group': None, 'country': {'id': 249, 'name': 'Wales'}, 'managers': [{'id': 4711, 'name': 'Alan Curtis', 'nickname': None, 'dob': '1954-04-16', 'country': {'id': 249, 'name': 'Wales'}}]}","{'away_team_id': 40, 'away_team_name': 'West Ham United', 'away_team_gender': 'male', 'away_team_group': None, 'country': {'id': 68, 'name': 'England'}, 'managers': [{'id': 150, 'name': 'Slaven Bilić', 'nickname': None, 'dob': '1968-09-11', 'country': {'id': 56, 'name': 'Croatia'}}]}",0,0,available,scheduled,2022-12-01T13:38:55.900315,2021-06-13T16:17:31.694,"{'data_version': '1.1.0', 'shot_fidelity_version': '2', 'xy_fidelity_version': '2'}",17,"{'id': 1, 'name': 'Regular Season'}","{'id': 45, 'name': 'Swansea.com Stadium', 'country': {'id': 249, 'name': 'Wales'}}","{'id': 10, 'name': 'Lee Mason', 'country': {'id': 68, 'name': 'England'}}",Swansea City,West Ham United,Draw,0,1,1
3754335,2015-10-03,16:00:00.000,"{'competition_id': 2, 'country_name': 'England', 'competition_name': 'Premier League'}","{'season_id': 27, 'season_name': '2015/2016'}","{'home_team_id': 56, 'home_team_name': 'Norwich City', 'home_team_gender': 'male', 'home_team_group': None, 'country': {'id': 68, 'name': 'England'}, 'managers': [{'id': 41, 'name': 'Alex Neil', 'nickname': None, 'dob': '1981-06-09', 'country': {'id': 201, 'name': 'Scotland'}}]}","{'away_team_id': 22, 'away_team_name': 'Leicester City', 'away_team_gender': 'male', 'away_team_group': None, 'country': {'id': 68, 'name': 'England'}, 'managers': [{'id': 60, 'name': 'Claudio Ranieri', 'nickname': None, 'dob': '1951-10-20', 'country': {'id': 112, 'name': 'Italy'}}]}",1,2,available,scheduled,2022-12-01T12:59:42.486076,2021-06-13T16:17:31.694,"{'data_version': '1.1.0', 'shot_fidelity_version': '2', 'xy_fidelity_version': '2'}",8,"{'id': 1, 'name': 'Regular Season'}","{'id': 220, 'name': 'Carrow Road', 'country': {'id': 68, 'name': 'England'}}","{'id': 728, 'name': 'Mark Clattenburg', 'country': {'id': 68, 'name': 'England'}}",Norwich City,Leicester City,Away Win,1,0,3
3754298,2015-09-19,16:00:00.000,"{'competition_id': 2, 'country_name': 'England', 'competition_name': 'Premier League'}","{'season_id': 27, 'season_name': '2015/2016'}","{'home_team_id': 26, 'home_team_name': 'Swansea City', 'home_team_gender': 'male', 'home_team_group': None, 'country': {'id': 249, 'name': 'Wales'}, 'managers': [{'id': 270, 'name': 'Garry Monk', 'nickname': None, 'dob': '1979-03-06', 'country': {'id': 68, 'name': 'England'}}]}","{'away_team_id': 29, 'away_team_name': 'Everton', 'away_team_gender': 'male', 'away_team_group': None, 'country': {'id': 68, 'name': 'England'}, 'managers': [{'id': 263, 'name': 'Roberto Martínez Montoliú', 'nickname': 'Roberto Martínez', 'dob': '1973-07-13', 'country': {'id': 214, 'name': 'Spain'}}]}",0,0,available,scheduled,2020-09-09T11:03:23.049831,2021-06-13T16:17:31.694,"{'data_version': '1.1.0', 'shot_fidelity_version': '2', 'xy_fidelity_version': '2'}",6,"{'id': 1, 'name': 'Regular Season'}","{'id': 45, 'name': 'Swansea.com Stadium', 'country': {'id': 249, 'name': 'Wales'}}","{'id': 16, 'name': 'Stuart Attwell', 'country': {'id': 68, 'name': 'England'}}",Swansea City,Everton,Draw,0,1,1
3754315,2015-09-12,16:00:00.000,"{'competition_id': 2, 'country_name': 'England', 'competition_name': 'Premier League'}","{'season_id': 27, 'season_name': '2015/2016'}","{'home_team_id': 56, 'home_team_name': 'Norwich City', 'home_team_gender': 'male', 'home_team_group': None, 'country': {'id': 68, 'name': 'England'}, 'managers': [{'id': 41, 'name': 'Alex Neil', 'nickname': None, 'dob': '1981-06-09', 'country': {'id': 201, 'name': 'Scotland'}}]}","{'away_team_id': 28, 'away_team_name': 'AFC Bournemouth', 'away_team_gender': 'male', 'away_team_group': None, 'country': {'id': 68, 'name': 'England'}, 'managers': [{'id': 38, 'name': 'Eddie Howe', 'nickname': None, 'dob': '1977-11-29', 'country': {'id': 68, 'name': 'England'}}]}",3,1,available,scheduled,2022-07-08T22:41:23.251003,2021-06-13T16:17:31.694,"{'data_version': '1.1.0', 'shot_fidelity_version': '2', 'xy_fidelity_version': '2'}",5,"{'id': 1, 'name': 'Regular Season'}","{'id': 220, 'name': 'Carrow Road', 'country': {'id': 68, 'name': 'England'}}","{'id': 4, 'name': 'Martin Atkinson', 'country': {'id': 68, 'name': 'England'}}",Norwich City,AFC Bournemouth,Home Win,2,3,0
3754330,2015-10-03,16:00:00.000,"{'competition_id': 2, 'country_name': 'England', 'competition_name': 'Premier League'}","{'season_id': 27, 'season_name': '2015/2016'}","{'home_team_id': 59, 'home_team_name': 'Aston Villa', 'home_team_gender': 'male', 'home_team_group': None, 'country': {'id': 68, 'name': 'England'}, 'managers': [{'id': 5003, 'name': 'Tim Sherwood', 'nickname': None, 'dob': '1969-02-06', 'country': {'id': 68, 'name': 'England'}}]}","{'away_team_id': 30, 'away_team_name': 'Stoke City', 'away_team_gender': 'male', 'away_team_group': None, 'country': {'id': 68, 'name': 'England'}, 'managers': [{'id': 55, 'name': 'Mark Hughes', 'nickname': None, 'dob': '1963-11-01', 'country': {'id': 249, 'name': 'Wales'}}]}",0,1,available,scheduled,2022-12-01T13:01:32.365486,2021-06-13T16:17:31.694,"{'data_version': '1.1.0', 'shot_fidelity_version': '2', 'xy_fidelity_version': '2'}",8,"{'id': 1, 'name': 'Regular Season'}","{'id': 211, 'name': 'Villa Park', 'country': {'id': 68, 'name': 'England'}}","{'id': 14, 'name': 'Mike Jones', 'country': {'id': 68, 'name': 'England'}}",Aston Villa,Stoke City,Away Win,1,0,3
3754337,2015-08-30,14:30:00.000,"{'competition_id': 2, 'country_name': 'England', 'competition_name': 'Premier League'}","{'season_id': 27, 'season_name': '2015/2016'}","{'home_team_id': 25, 'home_team_name': 'Southampton', 'home_team_gender': 'male', 'home_team_group': None, 'country': {'id': 68, 'name': 'England'}, 'managers': [{'id': 676, 'name': 'Ronald Koeman', 'nickname': None, 'dob': '1963-03-21', 'country': {'id': 160, 'name': 'Netherlands'}}]}","{'away_team_id': 56, 'away_team_name': 'Norwich City', 'away_team_gender': 'male', 'away_team_group': None, 'country': {'id': 68, 'name': 'England'}, 'managers': [{'id': 41, 'name': 'Alex Neil', 'nickname': None, 'dob': '1981-06-09', 'country': {'id': 201, 'name': 'Scotland'}}]}",3,0,available,scheduled,2022-07-08T22:27:40.959830,2021-06-13T16:17:31.694,"{'data_version': '1.1.0', 'shot_fidelity_version': '2', 'xy_fidelity_version': '2'}",4,"{'id': 1, 'name': 'Regular Season'}","{'id': 4591, 'name': ""St. Mary's Stadium"", 'country': {'id': 68, 'name': 'England'}}","{'id': 3, 'name': 'Jonathan Moss', 'country': {'id': 68, 'name': 'England'}}",Southampton,Norwich City,Home Win,3,3,0
3754297,2015-11-07,16:00:00.000,"{'competition_id': 2, 'country_name': 'England', 'competition_name': 'Premier League'}","{'season_id': 27, 'season_name': '2015/2016'}","{'home_team_id': 39, 'home_team_name': 'Manchester United', 'home_team_gender': 'male', 'home_team_group': None, 'country': {'id': 68, 'name': 'England'}, 'managers': [{'id': 788, 'name': 'Louis van Gaal', 'nickname': None, 'dob': '1951-08-08', 'country': {'id': 160, 'name': 'Netherlands'}}]}","{'away_team_id': 27, 'away_team_name': 'West Bromwich Albion', 'away_team_gender': 'male', 'away_team_group': None, 'country': {'id': 68, 'name': 'England'}, 'managers': [{'id': 300, 'name': 'Tony Pulis', 'nickname': None, 'dob': '1958-01-16', 'country': {'id': 249, 'name': 'Wales'}}]}",2,0,available,scheduled,2020-09-18T13:16:12.825671,2021-06-13T16:17:31.694,"{'data_version': '1.1.0', 'shot_fidelity_version': '2', 'xy_fidelity_version': '2'}",12,"{'id': 1, 'name': 'Regular Season'}","{'id': 2, 'name': 'Old Trafford', 'country': {'id': 68, 'name': 'England'}}","{'id': 6, 'name': 'Mike Dean', 'country': {'id': 68, 'name': 'England'}}",Manchester United,West Bromwich Albion,Home Win,2,3,0
3754301,2015-11-21,16:00:00.000,"{'competition_id': 2, 'country_name': 'England', 'competition_name': 'Premier League'}","{'season_id': 27, 'season_name': '2015/2016'}","{'home_team_id': 27, 'home_team_name': 'West Bromwich Albion', 'home_team_gender': 'male', 'home_team_group': None, 'country': {'id': 68, 'name': 'England'}, 'managers': [{'id': 300, 'name': 'Tony Pulis', 'nickname': None, 'dob': '1958-01-16', 'country': {'id': 249, 'name': 'Wales'}}]}","{'away_team_id': 1, 'away_team_name': 'Arsenal', 'away_team_gender': 'male', 'away_team_group': None, 'country': {'id': 68, 'name': 'England'}, 'managers': [{'id': 577, 'name': 'Arsène Wenger', 'nickname': None, 'dob': '1949-10-22', 'country': {'id': 78, 'name': 'France'}}]}",2,1,available,scheduled,2020-09-26T08:14:24.985389,2021-06-13T16:17:31.694,"{'data_version': '1.1.0', 'shot_fidelity_version': '2', 'xy_fidelity_version': '2'}",13,"{'id': 1, 'name': 'Regular Season'}","{'id': 33, 'name': 'The Hawthorns', 'country': {'id': 68, 'name': 'England'}}","{'id': 728, 'name': 'Mark Clattenburg', 'country': {'id': 68, 'name': 'England'}}",West Bromwich Albion,Arsenal,Home Win,1,3,0
3754323,2015-09-26,16:00:00.000,"{'competition_id': 2, 'country_name': 'England', 'competition_name': 'Premier League'}","{'season_id': 27, 'season_name': '2015/2016'}","{'home_team_id': 40, 'home_team_name': 'West Ham United', 'home_team_gender': 'male', 'home_team_group': None, 'country': {'id': 68, 'name': 'England'}, 'managers': [{'id': 150, 'name': 'Slaven Bilić', 'nickname': None, 'dob': '1968-09-11', 'country': {'id': 56, 'name': 'Croatia'}}]}","{'away_team_id': 56, 'away_team_name': 'Norwich City', 'away_team_gender': 'male', 'away_team_group': None, 'country': {'id': 68, 'name': 'England'}, 'managers': [{'id': 41, 'name': 'Alex Neil', 'nickname': None, 'dob': '1981-06-09', 'country': {'id': 201, 'name': 'Scotland'}}]}",2,2,available,scheduled,2020-08-11T20:15:07.909939,2021-06-13T16:17:31.694,"{'data_version': '1.1.0', 'shot_fidelity_version': '2', 'xy_fidelity_version': '2'}",7,"{'id': 1, 'name': 'Regular Season'}","{'id': 115324, 'name': 'Boleyn Ground', 'country': {'id': 68, 'name': 'England'}}","{'id': 6, 'name': 'Mike Dean', 'country': {'id': 68, 'name': 'England'}}",West Ham United,Norwich City,Draw,0,1,1
3754304,2015-11-28,16:00:00.000,"{'competition_id': 2, 'country_name': 'England', 'competition_name': 'Premier League'}","{'season_id': 27, 'season_name': '2015/2016'}","{'home_team_id': 31, 'home_team_name': 'Crystal Palace', 'home_team_gender': 'male', 'home_team_group': None, 'country': {'id': 68, 'name': 'England'}, 'managers': [{'id': 382, 'name': 'Alan Pardew', 'nickname': None, 'dob': '1961-07-18', 'country': {'id': 68, 'name': 'England'}}]}","{'away_team_id': 37, 'away_team_name': 'Newcastle United', 'away_team_gender': 'male', 'away_team_group': None, 'country': {'id': 68, 'name': 'England'}, 'managers': [{'id': 40, 'name': 'Steve McClaren', 'nickname': None, 'dob': '1961-05-03', 'country': {'id': 68, 'name': 'England'}}]}",5,1,available,scheduled,2020-10-13T09:05:20.626305,2021-06-13T16:17:31.694,"{'data_version': '1.1.0', 'shot_fidelity_version': '2', 'xy_fidelity_version': '2'}",14,"{'id': 1, 'name': 'Regular Season'}","{'id': 37, 'name': 'Selhurst Park', 'country': {'id': 68, 'name': 'England'}}","{'id': 16, 'name': 'Stuart Attwell', 'country': {'id': 68, 'name': 'England'}}",Crystal Palace,Newcastle United,Home Win,4,3,0
3754311,2015-11-07,16:00:00.000,"{'competition_id': 2, 'country_name': 'England', 'competition_name': 'Premier League'}","{'season_id': 27, 'season_name': '2015/2016'}","{'home_team_id': 56, 'home_team_name': 'Norwich City', 'home_team_gender': 'male', 'home_team_group': None, 'country': {'id': 68, 'name': 'England'}, 'managers': [{'id': 41, 'name': 'Alex Neil', 'nickname': None, 'dob': '1981-06-09', 'country': {'id': 201, 'name': 'Scotland'}}]}","{'away_team_id': 26, 'away_team_name': 'Swansea City', 'away_team_gender': 'male', 'away_team_group': None, 'country': {'id': 249, 'name': 'Wales'}, 'managers': [{'id': 270, 'name': 'Garry Monk', 'nickname': None, 'dob': '1979-03-06', 'country': {'id': 68, 'name': 'England'}}]}",1,0,available,scheduled,2020-09-22T13:40:59.994112,2021-06-13T16:17:31.694,"{'data_version': '1.1.0', 'shot_fidelity_version': '2', 'xy_fidelity_version': '2'}",12,"{'id': 1, 'name': 'Regular Season'}","{'id': 220, 'name': 'Carrow Road', 'country': {'id': 68, 'name': 'England'}}","{'id': 728, 'name': 'Mark Clattenburg', 'country': {'id': 68, 'name': 'England'}}",Norwich City,Swansea City,Home Win,1,3,0
3754328,2015-12-12,16:00:00.000,"{'competition_id': 2, 'country_name': 'England', 'competition_name': 'Premier League'}","{'season_id': 27, 'season_name': '2015/2016'}","{'home_team_id': 36, 'home_team_name': 'Manchester City', 'home_team_gender': 'male', 'home_team_group': None, 'country': {'id': 68, 'name': 'England'}, 'managers': [{'id': 733, 'name': 'Manuel Luis Pellegrini Ripamonti', 'nickname': 'Manuel Pellegrini', 'dob': '1953-09-16', 'country': {'id': 45, 'name': 'Chile'}}]}","{'away_team_id': 26, 'away_team_name': 'Swansea City', 'away_team_gender': 'male', 'away_team_group': None, 'country': {'id': 249, 'name': 'Wales'}, 'managers': [{'id': 4711, 'name': 'Alan Curtis', 'nickname': None, 'dob': '1954-04-16', 'country': {'id': 249, 'name': 'Wales'}}]}",2,1,available,scheduled,2022-12-01T13:33:16.801896,2021-06-13T16:17:31.694,"{'data_version': '1.1.0', 'shot_fidelity_version': '2', 'xy_fidelity_version': '2'}",16,"{'id': 1, 'name': 'Regular Season'}","{'id': 4715, 'name': 'Etihad Stadium', 'country': {'id': 68, 'name': 'England'}}","{'id': 9, 'name': 'Robert Madley', 'country': {'id': 68, 'name': 'England'}}",Manchester City,Swansea City,Home Win,1,3,0
3754325,2015-09-12,16:00:00.000,"{'competition_id': 2, 'country_name': 'England', 'competition_name': 'Premier League'}","{'season_id': 27, 'season_name': '2015/2016'}","{'home_team_id': 27, 'home_team_name': 'West Bromwich Albion', 'home_team_gender': 'male', 'home_team_group': None, 'country': {'id': 68, 'name': 'England'}, 'managers': [{'id': 300, 'name': 'Tony Pulis', 'nickname': None, 'dob': '1958-01-16', 'country': {'id': 249, 'name': 'Wales'}}]}","{'away_team_id': 25, 'away_team_name': 'Southampton', 'away_team_gender': 'male', 'away_team_group': None, 'country': {'id': 68, 'name': 'England'}, 'managers': [{'id': 676, 'name': 'Ronald Koeman', 'nickname': None, 'dob': '1963-03-21', 'country': {'id': 160, 'name': 'Netherlands'}}]}",0,0,available,scheduled,2020-09-09T12:35:13.376459,2021-06-13T16:17:31.694,"{'data_version': '1.1.0', 'shot_fidelity_version': '2', 'xy_fidelity_version': '2'}",5,"{'id': 1, 'name': 'Regular Season'}","{'id': 33, 'name': 'The Hawthorns', 'country': {'id': 68, 'name': 'England'}}","{'id': 16, 'name': 'Stuart Attwell', 'country': {'id': 68, 'name': 'England'}}",West Bromwich Albion,Southampton,Draw,0,1,1
3754329,2015-09-14,21:00:00.000,"{'competition_id': 2, 'country_name': 'England', 'competition_name': 'Premier League'}","{'season_id': 27, 'season_name': '2015/2016'}","{'home_team_id': 40, 'home_team_name': 'West Ham United', 'home_team_gender': 'male', 'home_team_group': None, 'country': {'id': 68, 'name': 'England'}, 'managers': [{'id': 150, 'name': 'Slaven Bilić', 'nickname': None, 'dob': '1968-09-11', 'country': {'id': 56, 'name': 'Croatia'}}]}","{'away_team_id': 37, 'away_team_name': 'Newcastle United', 'away_team_gender': 'male', 'away_team_group': None, 'country': {'id': 68, 'name': 'England'}, 'managers': [{'id': 40, 'name': 'Steve McClaren', 'nickname': None, 'dob': '1961-05-03', 'country': {'id': 68, 'name': 'England'}}]}",2,0,available,scheduled,2020-09-09T12:35:13.376459,2021-06-13T16:17:31.694,"{'data_version': '1.1.0', 'shot_fidelity_version': '2', 'xy_fidelity_version': '2'}",5,"{'id': 1, 'name': 'Regular Season'}","{'id': 115324, 'name': 'Boleyn Ground', 'country': {'id': 68, 'name': 'England'}}","{'id': 8, 'name': 'Anthony Taylor', 'country': {'id': 68, 'name': 'England'}}",West Ham United,Newcastle United,Home Win,2,3,0
3754302,2015-10-17,16:00:00.000,"{'competition_id': 2, 'country_name': 'England', 'competition_name': 'Premier League'}","{'season_id': 27, 'season_name': '2015/2016'}","{'home_team_id': 25, 'home_team_name': 'Southampton', 'home_team_gender': 'male', 'home_team_group': None, 'country': {'id': 68, 'name': 'England'}, 'managers': [{'id': 676, 'name': 'Ronald Koeman', 'nickname': None, 'dob': '1963-03-21', 'country': {'id': 160, 'name': 'Netherlands'}}]}","{'away_team_id': 22, 'away_team_name': 'Leicester City', 'away_team_gender': 'male', 'away_team_group': None, 'country': {'id': 68, 'name': 'England'}, 'managers': [{'id': 60, 'name': 'Claudio Ranieri', 'nickname': None, 'dob': '1951-10-20', 'country': {'id': 112, 'name': 'Italy'}}]}",2,2,available,scheduled,2020-11-29T14:07:50.969020,2021-06-13T16:17:31.694,"{'data_version': '1.1.0', 'shot_fidelity_version': '2', 'xy_fidelity_version': '2'}",9,"{'id': 1, 'name': 'Regular Season'}","{'id': 4591, 'name': ""St. Mary's Stadium"", 'country': {'id': 68, 'name': 'England'}}","{'id': 17, 'name': 'Paul Tierney', 'country': {'id': 68, 'name': 'England'}}",Southampton,Leicester City,Draw,0,1,1
3754013,2015-12-14,21:00:00.000,"{'competition_id': 2, 'country_name': 'England', 'competition_name': 'Premier League'}","{'season_id': 27, 'season_name': '2015/2016'}","{'home_team_id': 22, 'home_team_name': 'Leicester City', 'home_team_gender': 'male', 'home_team_group': None, 'country': {'id': 68, 'name': 'England'}, 'managers': [{'id': 60, 'name': 'Claudio Ranieri', 'nickname': None, 'dob': '1951-10-20', 'country': {'id': 112, 'name': 'Italy'}}]}","{'away_team_id': 33, 'away_team_name': 'Chelsea', 'away_team_gender': 'male', 'away_team_group': None, 'country': {'id': 68, 'name': 'England'}, 'managers': [{'id': 383, 'name': 'José Mario Felix dos Santos Mourinho', 'nickname': 'José Mourinho', 'dob': '1963-01-26', 'country': {'id': 183, 'name': 'Portugal'}}]}",2,1,available,scheduled,2020-10-14T00:06:51.149330,2021-06-13T16:17:31.694,"{'data_version': '1.1.0', 'shot_fidelity_version': '2', 'xy_fidelity_version': '2'}",16,"{'id': 1, 'name': 'Regular Season'}","{'id': 20, 'name': 'King Power Stadium ', 'country': {'id': 68, 'name': 'England'}}","{'id': 728, 'name': 'Mark Clattenburg', 'country': {'id': 68, 'name': 'England'}}",Leicester City,Chelsea,Home Win,1,3,0
3754044,2015-12-19,16:00:00.000,"{'competition_id': 2, 'country_name': 'England', 'competition_name': 'Premier League'}","{'season_id': 27, 'season_name': '2015/2016'}","{'home_team_id': 39, 'home_team_name': 'Manchester United', 'home_team_gender': 'male', 'home_team_group': None, 'country': {'id': 68, 'name': 'England'}, 'managers': [{'id': 788, 'name': 'Louis van Gaal', 'nickname': None, 'dob': '1951-08-08', 'country': {'id': 160, 'name': 'Netherlands'}}]}","{'away_team_id': 56, 'away_team_name': 'Norwich City', 'away_team_gender': 'male', 'away_team_group': None, 'country': {'id': 68, 'name': 'England'}, 'managers': [{'id': 41, 'name': 'Alex Neil', 'nickname': None, 'dob': '1981-06-09', 'country': {'id': 201, 'name': 'Scotland'}}]}",1,2,available,scheduled,2020-10-14T00:06:51.149330,2021-06-13T16:17:31.694,"{'data_version': '1.1.0', 'shot_fidelity_version': '2', 'xy_fidelity_version': '2'}",17,"{'id': 1, 'name': 'Regular Season'}","{'id': 2, 'name': 'Old Trafford', 'country': {'id': 68, 'name': 'England'}}","{'id': 1, 'name': 'Michael Oliver', 'country': {'id': 68, 'name': 'England'}}",Manchester United,Norwich City,Away Win,1,0,3
3754351,2015-11-08,17:00:00.000,"{'competition_id': 2, 'country_name': 'England', 'competition_name': 'Premier League'}","{'season_id': 27, 'season_name': '2015/2016'}","{'home_team_id': 24, 'home_team_name': 'Liverpool', 'home_team_gender': 'male', 'home_team_group': None, 'country': {'id': 68, 'name': 'England'}, 'managers': [{'id': 94, 'name': 'Jürgen Klopp', 'nickname': None, 'dob': '1967-06-16', 'country': {'id': 85, 'name': 'Germany'}}]}","{'away_team_id': 31, 'away_team_name': 'Crystal Palace', 'away_team_gender': 'male', 'away_team_group': None, 'country': {'id': 68, 'name': 'England'}, 'managers': [{'id': 382, 'name': 'Alan Pardew', 'nickname': None, 'dob': '1961-07-18', 'country': {'id': 68, 'name': 'England'}}]}",1,2,available,scheduled,2022-12-01T13:22:27.433540,2021-06-13T16:17:31.694,"{'data_version': '1.1.0', 'shot_fidelity_version': '2', 'xy_fidelity_version': '2'}",12,"{'id': 1, 'name': 'Regular Season'}","{'id': 6, 'name': 'Anfield ', 'country': {'id': 68, 'name': 'England'}}","{'id': 7, 'name': 'Neil Swarbrick', 'country': {'id': 68, 'name': 'England'}}",Liverpool,Crystal Palace,Away Win,1,0,3
3754343,2015-12-26,16:00:00.000,"{'competition_id': 2, 'country_name': 'England', 'competition_name': 'Premier League'}","{'season_id': 27, 'season_name': '2015/2016'}","{'home_team_id': 24, 'home_team_name': 'Liverpool', 'home_team_gender': 'male', 'home_team_group': None, 'country': {'id': 68, 'name': 'England'}, 'managers': [{'id': 94, 'name': 'Jürgen Klopp', 'nickname': None, 'dob': '1967-06-16', 'country': {'id': 85, 'name': 'Germany'}}]}","{'away_team_id': 22, 'away_team_name': 'Leicester City', 'away_team_gender': 'male', 'away_team_group': None, 'country': {'id': 68, 'name': 'England'}, 'managers': [{'id': 60, 'name': 'Claudio Ranieri', 'nickname': None, 'dob': '1951-10-20', 'country': {'id': 112, 'name': 'Italy'}}]}",1,0,available,scheduled,2020-10-15T02:13:03.665870,2021-06-13T16:17:31.694,"{'data_version': '1.1.0', 'shot_fidelity_version': '2', 'xy_fidelity_version': '2'}",18,"{'id': 1, 'name': 'Regular Season'}","{'id': 6, 'name': 'Anfield ', 'country': {'id': 68, 'name': 'England'}}","{'id': 4, 'name': 'Martin Atkinson', 'country': {'id': 68, 'name': 'England'}}",Liverpool,Leicester City,Home Win,1,3,0
3754109,2015-11-22,17:00:00.000,"{'competition_id': 2, 'country_name': 'England', 'competition_name': 'Premier League'}","{'season_id': 27, 'season_name': '2015/2016'}","{'home_team_id': 38, 'home_team_name': 'Tottenham Hotspur', 'home_team_gender': 'male', 'home_team_group': None, 'country': {'id': 68, 'name': 'England'}, 'managers': [{'id': 81, 'name': 'Mauricio Roberto Pochettino Trossero', 'nickname': 'Mauricio Pochettino', 'dob': '1972-03-02', 'country': {'id': 11, 'name': 'Argentina'}}]}","{'away_team_id': 40, 'away_team_name': 'West Ham United', 'away_team_gender': 'male', 'away_team_group': None, 'country': {'id': 68, 'name': 'England'}, 'managers': [{'id': 150, 'name': 'Slaven Bilić', 'nickname': None, 'dob': '1968-09-11', 'country': {'id': 56, 'name': 'Croatia'}}]}",4,1,available,scheduled,2022-12-01T13:26:59.952260,2021-06-13T16:17:31.694,"{'data_version': '1.1.0', 'shot_fidelity_version': '2', 'xy_fidelity_version': '2'}",13,"{'id': 1, 'name': 'Regular Season'}","{'id': 99148, 'name': 'White Hart Lane', 'country': {'id': 68, 'name': 'England'}}","{'id': 8, 'name': 'Anthony Taylor', 'country': {'id': 68, 'name': 'England'}}",Tottenham Hotspur,West Ham United,Home Win,3,3,0
3754182,2015-12-12,13:45:00.000,"{'competition_id': 2, 'country_name': 'England', 'competition_name': 'Premier League'}","{'season_id': 27, 'season_name': '2015/2016'}","{'home_team_id': 56, 'home_team_name': 'Norwich City', 'home_team_gender': 'male', 'home_team_group': None, 'country': {'id': 68, 'name': 'England'}, 'managers': [{'id': 41, 'name': 'Alex Neil', 'nickname': None, 'dob': '1981-06-09', 'country': {'id': 201, 'name': 'Scotland'}}]}","{'away_team_id': 29, 'away_team_name': 'Everton', 'away_team_gender': 'male', 'away_team_group': None, 'country': {'id': 68, 'name': 'England'}, 'managers': [{'id': 263, 'name': 'Roberto Martínez Montoliú', 'nickname': 'Roberto Martínez', 'dob': '1973-07-13', 'country': {'id': 214, 'name': 'Spain'}}]}",1,1,available,scheduled,2022-12-01T13:34:06.852736,2021-06-13T16:17:31.694,"{'data_version': '1.1.0', 'shot_fidelity_version': '2', 'xy_fidelity_version': '2'}",16,"{'id': 1, 'name': 'Regular Season'}","{'id': 220, 'name': 'Carrow Road', 'country': {'id': 68, 'name': 'England'}}","{'id': 4, 'name': 'Martin Atkinson', 'country': {'id': 68, 'name': 'England'}}",Norwich City,Everton,Draw,0,1,1
3754240,2015-09-12,16:00:00.000,"{'competition_id': 2, 'country_name': 'England', 'competition_name': 'Premier League'}","{'season_id': 27, 'season_name': '2015/2016'}","{'home_team_id': 1, 'home_team_name': 'Arsenal', 'home_team_gender': 'male', 'home_team_group': None, 'country': {'id': 68, 'name': 'England'}, 'managers': [{'id': 577, 'name': 'Arsène Wenger', 'nickname': None, 'dob': '1949-10-22', 'country': {'id': 78, 'name': 'France'}}]}","{'away_team_id': 30, 'away_team_name': 'Stoke City', 'away_team_gender': 'male', 'away_team_group': None, 'country': {'id': 68, 'name': 'England'}, 'managers': [{'id': 55, 'name': 'Mark Hughes', 'nickname': None, 'dob': '1963-11-01', 'country': {'id': 249, 'name': 'Wales'}}]}",2,0,available,scheduled,2022-07-08T22:57:01.835889,2021-06-13T16:17:31.694,"{'data_version': '1.1.0', 'shot_fidelity_version': '2', 'xy_fidelity_version': '2'}",5,"{'id': 1, 'name': 'Regular Season'}","{'id': 3, 'name': 'Emirates Stadium', 'country': {'id': 68, 'name': 'England'}}","{'id': 3, 'name': 'Jonathan Moss', 'country': {'id': 68, 'name': 'England'}}",Arsenal,Stoke City,Home Win,2,3,0
3754336,2015-09-12,13:45:00.000,"{'competition_id': 2, 'country_name': 'England', 'competition_name': 'Premier League'}","{'season_id': 27, 'season_name': '2015/2016'}","{'home_team_id': 29, 'home_team_name': 'Everton', 'home_team_gender': 'male', 'home_team_group': None, 'country': {'id': 68, 'name': 'England'}, 'managers': [{'id': 263, 'name': 'Roberto Martínez Montoliú', 'nickname': 'Roberto Martínez', 'dob': '1973-07-13', 'country': {'id': 214, 'name': 'Spain'}}]}","{'away_team_id': 33, 'away_team_name': 'Chelsea', 'away_team_gender': 'male', 'away_team_group': None, 'country': {'id': 68, 'name': 'England'}, 'managers': [{'id': 383, 'name': 'José Mario Felix dos Santos Mourinho', 'nickname': 'José Mourinho', 'dob': '1963-01-26', 'country': {'id': 183, 'name': 'Portugal'}}]}",3,1,available,scheduled,2022-07-08T22:48:42.385840,2021-06-13T16:17:31.694,"{'data_version': '1.1.0', 'shot_fidelity_version': '2', 'xy_fidelity_version': '2'}",5,"{'id': 1, 'name': 'Regular Season'}","{'id': 12, 'name': 'Goodison Park', 'country': {'id': 68, 'name': 'England'}}","{'id': 5, 'name': 'Andre Marriner', 'country': {'id': 68, 'name': 'England'}}",Everton,Chelsea,Home Win,2,3,0
3754247,2015-11-21,16:00:00.000,"{'competition_id': 2, 'country_name': 'England', 'competition_name': 'Premier League'}","{'season_id': 27, 'season_name': '2015/2016'}","{'home_team_id': 25, 'home_team_name': 'Southampton', 'home_team_gender': 'male', 'home_team_group': None, 'country': {'id': 68, 'name': 'England'}, 'managers': [{'id': 676, 'name': 'Ronald Koeman', 'nickname': None, 'dob': '1963-03-21', 'country': {'id': 160, 'name': 'Netherlands'}}]}","{'away_team_id': 30, 'away_team_name': 'Stoke City', 'away_team_gender': 'male', 'away_team_group': None, 'country': {'id': 68, 'name': 'England'}, 'managers': [{'id': 55, 'name': 'Mark Hughes', 'nickname': None, 'dob': '1963-11-01', 'country': {'id': 249, 'name': 'Wales'}}]}",0,1,available,scheduled,2022-12-01T13:26:07.236764,2021-06-13T16:17:31.694,"{'data_version': '1.1.0', 'shot_fidelity_version': '2', 'xy_fidelity_version': '2'}",13,"{'id': 1, 'name': 'Regular Season'}","{'id': 4591, 'name': ""St. Mary's Stadium"", 'country': {'id': 68, 'name': 'England'}}","{'id': 10, 'name': 'Lee Mason', 'country': {'id': 68, 'name': 'England'}}",Southampton,Stoke City,Away Win,1,0,3
3754156,2015-11-07,16:00:00.000,"{'competition_id': 2, 'country_name': 'England', 'competition_name': 'Premier League'}","{'season_id': 27, 'season_name': '2015/2016'}","{'home_team_id': 22, 'home_team_name': 'Leicester City', 'home_team_gender': 'male', 'home_team_group': None, 'country': {'id': 68, 'name': 'England'}, 'managers': [{'id': 60, 'name': 'Claudio Ranieri', 'nickname': None, 'dob': '1951-10-20', 'country': {'id': 112, 'name': 'Italy'}}]}","{'away_team_id': 23, 'away_team_name': 'Watford', 'away_team_gender': 'male', 'away_team_group': None, 'country': {'id': 68, 'name': 'England'}, 'managers': [{'id': 236, 'name': 'Enrique Sánchez Flores', 'nickname': 'Quique Sánchez Flores', 'dob': '1965-02-05', 'country': {'id': 214, 'name': 'Spain'}}]}",2,1,available,scheduled,2022-12-01T13:19:54.288015,2021-06-13T16:17:31.694,"{'data_version': '1.1.0', 'shot_fidelity_version': '2', 'xy_fidelity_version': '2'}",12,"{'id': 1, 'name': 'Regular Season'}","{'id': 20, 'name': 'King Power Stadium ', 'country': {'id': 68, 'name': 'England'}}","{'id': 13, 'name': 'Roger East', 'country': {'id': 68, 'name': 'England'}}",Leicester City,Watford,Home Win,1,3,0
3754265,2015-11-08,17:00:00.000,"{'competition_id': 2, 'country_name': 'England', 'competition_name': 'Premier League'}","{'season_id': 27, 'season_name': '2015/2016'}","{'home_team_id': 1, 'home_team_name': 'Arsenal', 'home_team_gender': 'male', 'home_team_group': None, 'country': {'id': 68, 'name': 'England'}, 'managers': [{'id': 577, 'name': 'Arsène Wenger', 'nickname': None, 'dob': '1949-10-22', 'country': {'id': 78, 'name': 'France'}}]}","{'away_team_id': 38, 'away_team_name': 'Tottenham Hotspur', 'away_team_gender': 'male', 'away_team_group': None, 'country': {'id': 68, 'name': 'England'}, 'managers': [{'id': 81, 'name': 'Mauricio Roberto Pochettino Trossero', 'nickname': 'Mauricio Pochettino', 'dob': '1972-03-02', 'country': {'id': 11, 'name': 'Argentina'}}]}",1,1,available,scheduled,2020-12-13T13:43:21.659558,2021-06-13T16:17:31.694,"{'data_version': '1.1.0', 'shot_fidelity_version': '2', 'xy_fidelity_version': '2'}",12,"{'id': 1, 'name': 'Regular Season'}","{'id': 3, 'name': 'Emirates Stadium', 'country': {'id': 68, 'name': 'England'}}","{'id': 4, 'name': 'Martin Atkinson', 'country': {'id': 68, 'name': 'England'}}",Arsenal,Tottenham Hotspur,Draw,0,1,1
3754000,2015-11-07,16:00:00.000,"{'competition_id': 2, 'country_name': 'England', 'competition_name': 'Premier League'}","{'season_id': 27, 'season_name': '2015/2016'}","{'home_team_id': 41, 'home_team_name': 'Sunderland', 'home_team_gender': 'male', 'home_team_group': None, 'country': {'id': 68, 'name': 'England'}, 'managers': [{'id': 561, 'name': 'Sam Allardyce', 'nickname': None, 'dob': '1954-10-19', 'country': {'id': 68, 'name': 'England'}}]}","{'away_team_id': 25, 'away_team_name': 'Southampton', 'away_team_gender': 'male', 'away_team_group': None, 'country': {'id': 68, 'name': 'England'}, 'managers': [{'id': 676, 'name': 'Ronald Koeman', 'nickname': None, 'dob': '1963-03-21', 'country': {'id': 160, 'name': 'Netherlands'}}]}",0,1,available,scheduled,2020-09-23T09:20:01.640438,2021-06-13T16:17:31.694,"{'data_version': '1.1.0', 'shot_fidelity_version': '2', 'xy_fidelity_version': '2'}",12,"{'id': 1, 'name': 'Regular Season'}","{'id': 210, 'name': 'Stadium of Light', 'country': {'id': 68, 'name': 'England'}}","{'id': 14, 'name': 'Mike Jones', 'country': {'id': 68, 'name': 'England'}}",Sunderland,Southampton,Away Win,1,0,3
3754003,2015-09-12,18:30:00.000,"{'competition_id': 2, 'country_name': 'England', 'competition_name': 'Premier League'}","{'season_id': 27, 'season_name': '2015/2016'}","{'home_team_id': 39, 'home_team_name': 'Manchester United', 'home_team_gender': 'male', 'home_team_group': None, 'country': {'id': 68, 'name': 'England'}, 'managers': [{'id': 788, 'name': 'Louis van Gaal', 'nickname': None, 'dob': '1951-08-08', 'country': {'id': 160, 'name': 'Netherlands'}}]}","{'away_team_id': 24, 'away_team_name': 'Liverpool', 'away_team_gender': 'male', 'away_team_group': None, 'country': {'id': 68, 'name': 'England'}, 'managers': [{'id': 6, 'name': 'Brendan Rodgers', 'nickname': None, 'dob': '1973-01-26', 'country': {'id': 169, 'name': 'Northern Ireland'}}]}",3,1,available,scheduled,2020-11-18T19:11:14.486895,2021-06-13T16:17:31.694,"{'data_version': '1.1.0', 'shot_fidelity_version': '2', 'xy_fidelity_version': '2'}",5,"{'id': 1, 'name': 'Regular Season'}","{'id': 2, 'name': 'Old Trafford', 'country': {'id': 68, 'name': 'England'}}","{'id': 1, 'name': 'Michael Oliver', 'country': {'id': 68, 'name': 'England'}}",Manchester United,Liverpool,Home Win,2,3,0
3754344,2015-08-15,16:00:00.000,"{'competition_id': 2, 'country_name': 'England', 'competition_name': 'Premier League'}","{'season_id': 27, 'season_name': '2015/2016'}","{'home_team_id': 26, 'home_team_name': 'Swansea City', 'home_team_gender': 'male', 'home_team_group': None, 'country': {'id': 249, 'name': 'Wales'}, 'managers': [{'id': 270, 'name': 'Garry Monk', 'nickname': None, 'dob': '1979-03-06', 'country': {'id': 68, 'name': 'England'}}]}","{'away_team_id': 37, 'away_team_name': 'Newcastle United', 'away_team_gender': 'male', 'away_team_group': None, 'country': {'id': 68, 'name': 'England'}, 'managers': [{'id': 40, 'name': 'Steve McClaren', 'nickname': None, 'dob': '1961-05-03', 'country': {'id': 68, 'name': 'England'}}]}",2,0,available,scheduled,2020-07-29T05:00,2021-06-13T16:17:31.694,"{'data_version': '1.1.0', 'shot_fidelity_version': '2', 'xy_fidelity_version': '2'}",2,"{'id': 1, 'name': 'Regular Season'}","{'id': 45, 'name': 'Swansea.com Stadium', 'country': {'id': 249, 'name': 'Wales'}}","{'id': 14, 'name': 'Mike Jones', 'country': {'id': 68, 'name': 'England'}}",Swansea City,Newcastle United,Home Win,2,3,0
3754131,2015-08-22,16:00:00.000,"{'competition_id': 2, 'country_name': 'England', 'competition_name': 'Premier League'}","{'season_id': 27, 'season_name': '2015/2016'}","{'home_team_id': 40, 'home_team_name': 'West Ham United', 'home_team_gender': 'male', 'home_team_group': None, 'country': {'id': 68, 'name': 'England'}, 'managers': [{'id': 150, 'name': 'Slaven Bilić', 'nickname': None, 'dob': '1968-09-11', 'country': {'id': 56, 'name': 'Croatia'}}]}","{'away_team_id': 28, 'away_team_name': 'AFC Bournemouth', 'away_team_gender': 'male', 'away_team_group': None, 'country': {'id': 68, 'name': 'England'}, 'managers': [{'id': 38, 'name': 'Eddie Howe', 'nickname': None, 'dob': '1977-11-29', 'country': {'id': 68, 'name': 'England'}}]}",3,4,available,scheduled,2022-07-08T21:47:04.550288,2021-06-13T16:17:31.694,"{'data_version': '1.1.0', 'shot_fidelity_version': '2', 'xy_fidelity_version': '2'}",3,"{'id': 1, 'name': 'Regular Season'}","{'id': 115324, 'name': 'Boleyn Ground', 'country': {'id': 68, 'name': 'England'}}","{'id': 3, 'name': 'Jonathan Moss', 'country': {'id': 68, 'name': 'England'}}",West Ham United,AFC Bournemouth,Away Win,1,0,3
3754300,2015-08-08,16:00:00.000,"{'competition_id': 2, 'country_name': 'England', 'competition_name': 'Premier League'}","{'season_id': 27, 'season_name': '2015/2016'}","{'home_team_id': 29, 'home_team_name': 'Everton', 'home_team_gender': 'male', 'home_team_group': None, 'country': {'id': 68, 'name': 'England'}, 'managers': [{'id': 263, 'name': 'Roberto Martínez Montoliú', 'nickname': 'Roberto Martínez', 'dob': '1973-07-13', 'country': {'id': 214, 'name': 'Spain'}}]}","{'away_team_id': 23, 'away_team_name': 'Watford', 'away_team_gender': 'male', 'away_team_group': None, 'country': {'id': 68, 'name': 'England'}, 'managers': [{'id': 236, 'name': 'Enrique Sánchez Flores', 'nickname': 'Quique Sánchez Flores', 'dob': '1965-02-05', 'country': {'id': 214, 'name': 'Spain'}}]}",2,2,available,scheduled,2022-07-08T20:36:27.023798,2021-06-13T16:17:31.694,"{'data_version': '1.1.0', 'shot_fidelity_version': '2', 'xy_fidelity_version': '2'}",1,"{'id': 1, 'name': 'Regular Season'}","{'id': 12, 'name': 'Goodison Park', 'country': {'id': 68, 'name': 'England'}}","{'id': 14, 'name': 'Mike Jones', 'country': {'id': 68, 'name': 'England'}}",Everton,Watford,Draw,0,1,1
3754312,2015-08-16,14:30:00.000,"{'competition_id': 2, 'country_name': 'England', 'competition_name': 'Premier League'}","{'season_id': 27, 'season_name': '2015/2016'}","{'home_team_id': 31, 'home_team_name': 'Crystal Palace', 'home_team_gender': 'male', 'home_team_group': None, 'country': {'id': 68, 'name': 'England'}, 'managers': [{'id': 382, 'name': 'Alan Pardew', 'nickname': None, 'dob': '1961-07-18', 'country': {'id': 68, 'name': 'England'}}]}","{'away_team_id': 1, 'away_team_name': 'Arsenal', 'away_team_gender': 'male', 'away_team_group': None, 'country': {'id': 68, 'name': 'England'}, 'managers': [{'id': 577, 'name': 'Arsène Wenger', 'nickname': None, 'dob': '1949-10-22', 'country': {'id': 78, 'name': 'France'}}]}",1,2,available,scheduled,2022-07-08T21:19:24.217693,2021-06-13T16:17:31.694,"{'data_version': '1.1.0', 'shot_fidelity_version': '2', 'xy_fidelity_version': '2'}",2,"{'id': 1, 'name': 'Regular Season'}","{'id': 37, 'name': 'Selhurst Park', 'country': {'id': 68, 'name': 'England'}}","{'id': 10, 'name': 'Lee Mason', 'country': {'id': 68, 'name': 'England'}}",Crystal Palace,Arsenal,Away Win,1,0,3
3754138,2015-08-08,16:00:00.000,"{'competition_id': 2, 'country_name': 'England', 'competition_name': 'Premier League'}","{'season_id': 27, 'season_name': '2015/2016'}","{'home_team_id': 56, 'home_team_name': 'Norwich City', 'home_team_gender': 'male', 'home_team_group': None, 'country': {'id': 68, 'name': 'England'}, 'managers': [{'id': 41, 'name': 'Alex Neil', 'nickname': None, 'dob': '1981-06-09', 'country': {'id': 201, 'name': 'Scotland'}}]}","{'away_team_id': 31, 'away_team_name': 'Crystal Palace', 'away_team_gender': 'male', 'away_team_group': None, 'country': {'id': 68, 'name': 'England'}, 'managers': [{'id': 382, 'name': 'Alan Pardew', 'nickname': None, 'dob': '1961-07-18', 'country': {'id': 68, 'name': 'England'}}]}",1,3,available,scheduled,2020-07-29T05:00,2021-06-13T16:17:31.694,"{'data_version': '1.1.0', 'shot_fidelity_version': '2', 'xy_fidelity_version': '2'}",1,"{'id': 1, 'name': 'Regular Season'}","{'id': 220, 'name': 'Carrow Road', 'country': {'id': 68, 'name': 'England'}}","{'id': 74, 'name': 'Simon Hooper', 'country': {'id': 68, 'name': 'England'}}",Norwich City,Crystal Palace,Away Win,2,0,3
3754203,2015-08-15,16:00:00.000,"{'competition_id': 2, 'country_name': 'England', 'competition_name': 'Premier League'}","{'season_id': 27, 'season_name': '2015/2016'}","{'home_team_id': 40, 'home_team_name': 'West Ham United', 'home_team_gender': 'male', 'home_team_group': None, 'country': {'id': 68, 'name': 'England'}, 'managers': [{'id': 150, 'name': 'Slaven Bilić', 'nickname': None, 'dob': '1968-09-11', 'country': {'id': 56, 'name': 'Croatia'}}]}","{'away_team_id': 22, 'away_team_name': 'Leicester City', 'away_team_gender': 'male', 'away_team_group': None, 'country': {'id': 68, 'name': 'England'}, 'managers': [{'id': 60, 'name': 'Claudio Ranieri', 'nickname': None, 'dob': '1951-10-20', 'country': {'id': 112, 'name': 'Italy'}}]}",1,2,available,scheduled,2020-07-29T05:00,2021-06-13T16:17:31.694,"{'data_version': '1.1.0', 'shot_fidelity_version': '2', 'xy_fidelity_version': '2'}",2,"{'id': 1, 'name': 'Regular Season'}","{'id': 115324, 'name': 'Boleyn Ground', 'country': {'id': 68, 'name': 'England'}}","{'id': 8, 'name': 'Anthony Taylor', 'country': {'id': 68, 'name': 'England'}}",West Ham United,Leicester City,Away Win,1,0,3
3754190,2015-08-22,16:00:00.000,"{'competition_id': 2, 'country_name': 'England', 'competition_name': 'Premier League'}","{'season_id': 27, 'season_name': '2015/2016'}","{'home_team_id': 31, 'home_team_name': 'Crystal Palace', 'home_team_gender': 'male', 'home_team_group': None, 'country': {'id': 68, 'name': 'England'}, 'managers': [{'id': 382, 'name': 'Alan Pardew', 'nickname': None, 'dob': '1961-07-18', 'country': {'id': 68, 'name': 'England'}}]}","{'away_team_id': 59, 'away_team_name': 'Aston Villa', 'away_team_gender': 'male', 'away_team_group': None, 'country': {'id': 68, 'name': 'England'}, 'managers': [{'id': 5003, 'name': 'Tim Sherwood', 'nickname': None, 'dob': '1969-02-06', 'country': {'id': 68, 'name': 'England'}}]}",2,1,available,scheduled,2022-07-08T21:33:09.238697,2021-06-13T16:17:31.694,"{'data_version': '1.1.0', 'shot_fidelity_version': '2', 'xy_fidelity_version': '2'}",3,"{'id': 1, 'name': 'Regular Season'}","{'id': 37, 'name': 'Selhurst Park', 'country': {'id': 68, 'name': 'England'}}","{'id': 50, 'name': 'Keith Stroud', 'country': {'id': 68, 'name': 'England'}}",Crystal Palace,Aston Villa,Home Win,1,3,0
3754066,2015-08-16,17:00:00.000,"{'competition_id': 2, 'country_name': 'England', 'competition_name': 'Premier League'}","{'season_id': 27, 'season_name': '2015/2016'}","{'home_team_id': 36, 'home_team_name': 'Manchester City', 'home_team_gender': 'male', 'home_team_group': None, 'country': {'id': 68, 'name': 'England'}, 'managers': [{'id': 733, 'name': 'Manuel Luis Pellegrini Ripamonti', 'nickname': 'Manuel Pellegrini', 'dob': '1953-09-16', 'country': {'id': 45, 'name': 'Chile'}}]}","{'away_team_id': 33, 'away_team_name': 'Chelsea', 'away_team_gender': 'male', 'away_team_group': None, 'country': {'id': 68, 'name': 'England'}, 'managers': [{'id': 383, 'name': 'José Mario Felix dos Santos Mourinho', 'nickname': 'José Mourinho', 'dob': '1963-01-26', 'country': {'id': 183, 'name': 'Portugal'}}]}",3,0,available,scheduled,2020-07-29T05:00,2021-06-13T16:17:31.694,"{'data_version': '1.1.0', 'shot_fidelity_version': '2', 'xy_fidelity_version': '2'}",2,"{'id': 1, 'name': 'Regular Season'}","{'id': 4715, 'name': 'Etihad Stadium', 'country': {'id': 68, 'name': 'England'}}","{'id': 4, 'name': 'Martin Atkinson', 'country': {'id': 68, 'name': 'England'}}",Manchester City,Chelsea,Home Win,3,3,0
3754034,2015-08-15,13:45:00.000,"{'competition_id': 2, 'country_name': 'England', 'competition_name': 'Premier League'}","{'season_id': 27, 'season_name': '2015/2016'}","{'home_team_id': 25, 'home_team_name': 'Southampton', 'home_team_gender': 'male', 'home_team_group': None, 'country': {'id': 68, 'name': 'England'}, 'managers': [{'id': 676, 'name': 'Ronald Koeman', 'nickname': None, 'dob': '1963-03-21', 'country': {'id': 160, 'name': 'Netherlands'}}]}","{'away_team_id': 29, 'away_team_name': 'Everton', 'away_team_gender': 'male', 'away_team_group': None, 'country': {'id': 68, 'name': 'England'}, 'managers': [{'id': 263, 'name': 'Roberto Martínez Montoliú', 'nickname': 'Roberto Martínez', 'dob': '1973-07-13', 'country': {'id': 214, 'name': 'Spain'}}]}",0,3,available,scheduled,2020-07-29T05:00,2021-06-13T16:17:31.694,"{'data_version': '1.1.0', 'shot_fidelity_version': '2', 'xy_fidelity_version': '2'}",2,"{'id': 1, 'name': 'Regular Season'}","{'id': 4591, 'name': ""St. Mary's Stadium"", 'country': {'id': 68, 'name': 'England'}}","{'id': 1, 'name': 'Michael Oliver', 'country': {'id': 68, 'name': 'England'}}",Southampton,Everton,Away Win,3,0,3
3753985,2015-08-09,17:00:00.000,"{'competition_id': 2, 'country_name': 'England', 'competition_name': 'Premier League'}","{'season_id': 27, 'season_name': '2015/2016'}","{'home_team_id': 30, 'home_team_name': 'Stoke City', 'home_team_gender': 'male', 'home_team_group': None, 'country': {'id': 68, 'name': 'England'}, 'managers': [{'id': 55, 'name': 'Mark Hughes', 'nickname': None, 'dob': '1963-11-01', 'country': {'id': 249, 'name': 'Wales'}}]}","{'away_team_id': 24, 'away_team_name': 'Liverpool', 'away_team_gender': 'male', 'away_team_group': None, 'country': {'id': 68, 'name': 'England'}, 'managers': [{'id': 6, 'name': 'Brendan Rodgers', 'nickname': None, 'dob': '1973-01-26', 'country': {'id': 169, 'name': 'Northern Ireland'}}]}",0,1,available,scheduled,2020-09-11T15:40:15.523254,2021-06-13T16:17:31.694,"{'data_version': '1.1.0', 'shot_fidelity_version': '2', 'xy_fidelity_version': '2'}",1,"{'id': 1, 'name': 'Regular Season'}","{'id': 29, 'name': 'bet365 Stadium', 'country': {'id': 68, 'name': 'England'}}","{'id': 8, 'name': 'Anthony Taylor', 'country': {'id': 68, 'name': 'England'}}",Stoke City,Liverpool,Away Win,1,0,3
3753987,2015-08-22,16:00:00.000,"{'competition_id': 2, 'country_name': 'England', 'competition_name': 'Premier League'}","{'season_id': 27, 'season_name': '2015/2016'}","{'home_team_id': 22, 'home_team_name': 'Leicester City', 'home_team_gender': 'male', 'home_team_group': None, 'country': {'id': 68, 'name': 'England'}, 'managers': [{'id': 60, 'name': 'Claudio Ranieri', 'nickname': None, 'dob': '1951-10-20', 'country': {'id': 112, 'name': 'Italy'}}]}","{'away_team_id': 38, 'away_team_name': 'Tottenham Hotspur', 'away_team_gender': 'male', 'away_team_group': None, 'country': {'id': 68, 'name': 'England'}, 'managers': [{'id': 81, 'name': 'Mauricio Roberto Pochettino Trossero', 'nickname': 'Mauricio Pochettino', 'dob': '1972-03-02', 'country': {'id': 11, 'name': 'Argentina'}}]}",1,1,available,scheduled,2020-07-29T05:00,2021-06-13T16:17:31.694,"{'data_version': '1.1.0', 'shot_fidelity_version': '2', 'xy_fidelity_version': '2'}",3,"{'id': 1, 'name': 'Regular Season'}","{'id': 20, 'name': 'King Power Stadium ', 'country': {'id': 68, 'name': 'England'}}","{'id': 4, 'name': 'Martin Atkinson', 'country': {'id': 68, 'name': 'England'}}",Leicester City,Tottenham Hotspur,Draw,0,1,1
3754189,2015-08-23,17:00:00.000,"{'competition_id': 2, 'country_name': 'England', 'competition_name': 'Premier League'}","{'season_id': 27, 'season_name': '2015/2016'}","{'home_team_id': 23, 'home_team_name': 'Watford', 'home_team_gender': 'male', 'home_team_group': None, 'country': {'id': 68, 'name': 'England'}, 'managers': [{'id': 236, 'name': 'Enrique Sánchez Flores', 'nickname': 'Quique Sánchez Flores', 'dob': '1965-02-05', 'country': {'id': 214, 'name': 'Spain'}}]}","{'away_team_id': 25, 'away_team_name': 'Southampton', 'away_team_gender': 'male', 'away_team_group': None, 'country': {'id': 68, 'name': 'England'}, 'managers': [{'id': 676, 'name': 'Ronald Koeman', 'nickname': None, 'dob': '1963-03-21', 'country': {'id': 160, 'name': 'Netherlands'}}]}",0,0,available,scheduled,2020-09-11T15:40:15.523254,2021-06-13T16:17:31.694,"{'data_version': '1.1.0', 'shot_fidelity_version': '2', 'xy_fidelity_version': '2'}",3,"{'id': 1, 'name': 'Regular Season'}","{'id': 4589, 'name': 'Vicarage Road', 'country': {'id': 68, 'name': 'England'}}","{'id': 5, 'name': 'Andre Marriner', 'country': {'id': 68, 'name': 'England'}}",Watford,Southampton,Draw,0,1,1
3754180,2015-08-22,16:00:00.000,"{'competition_id': 2, 'country_name': 'England', 'competition_name': 'Premier League'}","{'season_id': 27, 'season_name': '2015/2016'}","{'home_team_id': 41, 'home_team_name': 'Sunderland', 'home_team_gender': 'male', 'home_team_group': None, 'country': {'id': 68, 'name': 'England'}, 'managers': [{'id': 453, 'name': 'Dick Advocaat', 'nickname': None, 'dob': '1947-09-27', 'country': {'id': 160, 'name': 'Netherlands'}}]}","{'away_team_id': 26, 'away_team_name': 'Swansea City', 'away_team_gender': 'male', 'away_team_group': None, 'country': {'id': 249, 'name': 'Wales'}, 'managers': [{'id': 270, 'name': 'Garry Monk', 'nickname': None, 'dob': '1979-03-06', 'country': {'id': 68, 'name': 'England'}}]}",1,1,available,scheduled,2020-09-08T15:05:48.912600,2021-06-13T16:17:31.694,"{'data_version': '1.1.0', 'shot_fidelity_version': '2', 'xy_fidelity_version': '2'}",3,"{'id': 1, 'name': 'Regular Season'}","{'id': 210, 'name': 'Stadium of Light', 'country': {'id': 68, 'name': 'England'}}","{'id': 7, 'name': 'Neil Swarbrick', 'country': {'id': 68, 'name': 'England'}}",Sunderland,Swansea City,Draw,0,1,1
3754059,2015-08-23,14:30:00.000,"{'competition_id': 2, 'country_name': 'England', 'competition_name': 'Premier League'}","{'season_id': 27, 'season_name': '2015/2016'}","{'home_team_id': 27, 'home_team_name': 'West Bromwich Albion', 'home_team_gender': 'male', 'home_team_group': None, 'country': {'id': 68, 'name': 'England'}, 'managers': [{'id': 300, 'name': 'Tony Pulis', 'nickname': None, 'dob': '1958-01-16', 'country': {'id': 249, 'name': 'Wales'}}]}","{'away_team_id': 33, 'away_team_name': 'Chelsea', 'away_team_gender': 'male', 'away_team_group': None, 'country': {'id': 68, 'name': 'England'}, 'managers': [{'id': 383, 'name': 'José Mario Felix dos Santos Mourinho', 'nickname': 'José Mourinho', 'dob': '1963-01-26', 'country': {'id': 183, 'name': 'Portugal'}}]}",2,3,available,scheduled,2022-07-08T22:01:09.024376,2021-06-13T16:17:31.694,"{'data_version': '1.1.0', 'shot_fidelity_version': '2', 'xy_fidelity_version': '2'}",3,"{'id': 1, 'name': 'Regular Season'}","{'id': 33, 'name': 'The Hawthorns', 'country': {'id': 68, 'name': 'England'}}","{'id': 728, 'name': 'Mark Clattenburg', 'country': {'id': 68, 'name': 'England'}}",West Bromwich Albion,Chelsea,Away Win,1,0,3
3754064,2016-03-20,14:30:00.000,"{'competition_id': 2, 'country_name': 'England', 'competition_name': 'Premier League'}","{'season_id': 27, 'season_name': '2015/2016'}","{'home_team_id': 25, 'home_team_name': 'Southampton', 'home_team_gender': 'male', 'home_team_group': None, 'country': {'id': 68, 'name': 'England'}, 'managers': [{'id': 676, 'name': 'Ronald Koeman', 'nickname': None, 'dob': '1963-03-21', 'country': {'id': 160, 'name': 'Netherlands'}}]}","{'away_team_id': 24, 'away_team_name': 'Liverpool', 'away_team_gender': 'male', 'away_team_group': None, 'country': {'id': 68, 'name': 'England'}, 'managers': [{'id': 94, 'name': 'Jürgen Klopp', 'nickname': None, 'dob': '1967-06-16', 'country': {'id': 85, 'name': 'Germany'}}]}",3,2,available,processing,2021-07-19T14:06:30.168,2021-06-12T16:17:31.694,"{'data_version': '1.1.0', 'shot_fidelity_version': '2', 'xy_fidelity_version': '2'}",31,"{'id': 1, 'name': 'Regular Season'}","{'id': 4591, 'name': ""St. Mary's Stadium"", 'country': {'id': 68, 'name': 'England'}}","{'id': 13, 'name': 'Roger East', 'country': {'id': 68, 'name': 'England'}}",Southampton,Liverpool,Home Win,1,3,0
3754065,2016-01-13,21:00:00.000,"{'competition_id': 2, 'country_name': 'England', 'competition_name': 'Premier League'}","{'season_id': 27, 'season_name': '2015/2016'}","{'home_team_id': 38, 'home_team_name': 'Tottenham Hotspur', 'home_team_gender': 'male', 'home_team_group': None, 'country': {'id': 68, 'name': 'England'}, 'managers': [{'id': 81, 'name': 'Mauricio Roberto Pochettino Trossero', 'nickname': 'Mauricio Pochettino', 'dob': '1972-03-02', 'country': {'id': 11, 'name': 'Argentina'}}]}","{'away_team_id': 22, 'away_team_name': 'Leicester City', 'away_team_gender': 'male', 'away_team_group': None, 'country': {'id': 68, 'name': 'England'}, 'managers': [{'id': 60, 'name': 'Claudio Ranieri', 'nickname': None, 'dob': '1951-10-20', 'country': {'id': 112, 'name': 'Italy'}}]}",0,1,available,processing,2022-12-01T13:52:39.998252,2021-06-12T16:17:31.694,"{'data_version': '1.1.0', 'shot_fidelity_version': '2', 'xy_fidelity_version': '2'}",21,"{'id': 1, 'name': 'Regular Season'}","{'id': 99148, 'name': 'White Hart Lane', 'country': {'id': 68, 'name': 'England'}}","{'id': 10, 'name': 'Lee Mason', 'country': {'id': 68, 'name': 'England'}}",Tottenham Hotspur,Leicester City,Away Win,1,0,3
3754173,2015-12-28,16:30:00.000,"{'competition_id': 2, 'country_name': 'England', 'competition_name': 'Premier League'}","{'season_id': 27, 'season_name': '2015/2016'}","{'home_team_id': 1, 'home_team_name': 'Arsenal', 'home_team_gender': 'male', 'home_team_group': None, 'country': {'id': 68, 'name': 'England'}, 'managers': [{'id': 577, 'name': 'Arsène Wenger', 'nickname': None, 'dob': '1949-10-22', 'country': {'id': 78, 'name': 'France'}}]}","{'away_team_id': 28, 'away_team_name': 'AFC Bournemouth', 'away_team_gender': 'male', 'away_team_group': None, 'country': {'id': 68, 'name': 'England'}, 'managers': [{'id': 38, 'name': 'Eddie Howe', 'nickname': None, 'dob': '1977-11-29', 'country': {'id': 68, 'name': 'England'}}]}",2,0,available,processing,2025-12-16T17:01:18.621799,2021-06-12T16:17:31.694,"{'data_version': '1.1.0', 'shot_fidelity_version': '2', 'xy_fidelity_version': '2'}",19,"{'id': 1, 'name': 'Regular Season'}","{'id': 3, 'name': 'Emirates Stadium', 'country': {'id': 68, 'name': 'England'}}","{'id': 13, 'name': 'Roger East', 'country': {'id': 68, 'name': 'England'}}",Arsenal,AFC Bournemouth,Home Win,2,3,0
3754175,2016-04-02,16:00:00.000,"{'competition_id': 2, 'country_name': 'England', 'competition_name': 'Premier League'}","{'season_id': 27, 'season_name': '2015/2016'}","{'home_team_id': 41, 'home_team_name': 'Sunderland', 'home_team_gender': 'male', 'home_team_group': None, 'country': {'id': 68, 'name': 'England'}, 'managers': [{'id': 561, 'name': 'Sam Allardyce', 'nickname': None, 'dob': '1954-10-19', 'country': {'id': 68, 'name': 'England'}}]}","{'away_team_id': 27, 'away_team_name': 'West Bromwich Albion', 'away_team_gender': 'male', 'away_team_group': None, 'country': {'id': 68, 'name': 'England'}, 'managers': [{'id': 300, 'name': 'Tony Pulis', 'nickname': None, 'dob': '1958-01-16', 'country': {'id': 249, 'name': 'Wales'}}]}",0,0,available,processing,2022-12-01T14:19:33.110706,2021-06-12T16:17:31.694,"{'data_version': '1.1.0', 'shot_fidelity_version': '2', 'xy_fidelity_version': '2'}",32,"{'id': 1, 'name': 'Regular Season'}","{'id': 210, 'name': 'Stadium of Light', 'country': {'id': 68, 'name': 'England'}}","{'id': 13, 'name': 'Roger East', 'country': {'id': 68, 'name': 'England'}}",Sunderland,West Bromwich Albion,Draw,0,1,1
3753973,2016-03-19,16:00:00.000,"{'competition_id': 2, 'country_name': 'England', 'competition_name': 'Premier League'}","{'season_id': 27, 'season_name': '2015/2016'}","{'home_team_id': 33, 'home_team_name': 'Chelsea', 'home_team_gender': 'male', 'home_team_group': None, 'country': {'id': 68, 'name': 'England'}, 'managers': [{'id': 3608, 'name': 'Guus Hiddink', 'nickname': None, 'dob': '1946-11-08', 'country': {'id': 160, 'name': 'Netherlands'}}]}","{'away_team_id': 40, 'away_team_name': 'West Ham United', 'away_team_gender': 'male', 'away_team_group': None, 'country': {'id': 68, 'name': 'England'}, 'managers': [{'id': 150, 'name': 'Slaven Bilić', 'nickname': None, 'dob': '1968-09-11', 'country': {'id': 56, 'name': 'Croatia'}}]}",2,2,available,processing,2021-11-04T18:39:32.323670,2021-06-12T16:17:31.694,"{'data_version': '1.1.0', 'shot_fidelity_version': '2', 'xy_fidelity_version': '2'}",31,"{'id': 1, 'name': 'Regular Season'}","{'id': 10, 'name': 'Stamford Bridge', 'country': {'id': 68, 'name': 'England'}}","{'id': 9, 'name': 'Robert Madley', 'country': {'id': 68, 'name': 'England'}}",Chelsea,West Ham United,Draw,0,1,1
3753975,2016-01-23,16:00:00.000,"{'competition_id': 2, 'country_name': 'England', 'competition_name': 'Premier League'}","{'season_id': 27, 'season_name': '2015/2016'}","{'home_team_id': 41, 'home_team_name': 'Sunderland', 'home_team_gender': 'male', 'home_team_group': None, 'country': {'id': 68, 'name': 'England'}, 'managers': [{'id': 561, 'name': 'Sam Allardyce', 'nickname': None, 'dob': '1954-10-19', 'country': {'id': 68, 'name': 'England'}}]}","{'away_team_id': 28, 'away_team_name': 'AFC Bournemouth', 'away_team_gender': 'male', 'away_team_group': None, 'country': {'id': 68, 'name': 'England'}, 'managers': [{'id': 38, 'name': 'Eddie Howe', 'nickname': None, 'dob': '1977-11-29', 'country': {'id': 68, 'name': 'England'}}]}",1,1,available,processing,2021-10-30T01:04:27.321884,2021-06-12T16:17:31.694,"{'data_version': '1.1.0', 'shot_fidelity_version': '2', 'xy_fidelity_version': '2'}",23,"{'id': 1, 'name': 'Regular Season'}","{'id': 210, 'name': 'Stadium of Light', 'country': {'id': 68, 'name': 'England'}}","{'id': 13, 'name': 'Roger East', 'country': {'id': 68, 'name': 'England'}}",Sunderland,AFC Bournemouth,Draw,0,1,1
3753976,2016-03-02,20:45:00.000,"{'competition_id': 2, 'country_name': 'England', 'competition_name': 'Premier League'}","{'season_id': 27, 'season_name': '2015/2016'}","{'home_team_id': 1, 'home_team_name': 'Arsenal', 'home_team_gender': 'male', 'home_team_group': None, 'country': {'id': 68, 'name': 'England'}, 'managers': [{'id': 577, 'name': 'Arsène Wenger', 'nickname': None, 'dob': '1949-10-22', 'country': {'id': 78, 'name': 'France'}}]}","{'away_team_id': 26, 'away_team_name': 'Swansea City', 'away_team_gender': 'male', 'away_team_group': None, 'country': {'id': 249, 'name': 'Wales'}, 'managers': [{'id': 3626, 'name': 'Francesco Guidolin', 'nickname': None, 'dob': '1955-10-03', 'country': {'id': 112, 'name': 'Italy'}}]}",1,2,available,processing,2022-12-01T14:10:40.492137,2021-06-12T16:17:31.694,"{'data_version': '1.1.0', 'shot_fidelity_version': '2', 'xy_fidelity_version': '2'}",28,"{'id': 1, 'name': 'Regular Season'}","{'id': 3, 'name': 'Emirates Stadium', 'country': {'id': 68, 'name': 'England'}}","{'id': 9, 'name': 'Robert Madley', 'country': {'id': 68, 'name': 'England'}}",Arsenal,Swansea City,Away Win,1,0,3
3753977,2016-03-19,16:00:00.000,"{'competition_id': 2, 'country_name': 'England', 'competition_name': 'Premier League'}","{'season_id': 27, 'season_name': '2015/2016'}","{'home_team_id': 23, 'home_team_name': 'Watford', 'home_team_gender': 'male', 'home_team_group': None, 'country': {'id': 68, 'name': 'England'}, 'managers': [{'id': 236, 'name': 'Enrique Sánchez Flores', 'nickname': 'Quique Sánchez Flores', 'dob': '1965-02-05', 'country': {'id': 214, 'name': 'Spain'}}]}","{'away_team_id': 30, 'away_team_name': 'Stoke City', 'away_team_gender': 'male', 'away_team_group': None, 'country': {'id': 68, 'name': 'England'}, 'managers': [{'id': 55, 'name': 'Mark Hughes', 'nickname': None, 'dob': '1963-11-01', 'country': {'id': 249, 'name': 'Wales'}}]}",1,2,available,processing,2021-11-04T18:33:47.376278,2021-06-12T16:17:31.694,"{'data_version': '1.1.0', 'shot_fidelity_version': '2', 'xy_fidelity_version': '2'}",31,"{'id': 1, 'name': 'Regular Season'}","{'id': 4589, 'name': 'Vicarage Road', 'country': {'id': 68, 'name': 'England'}}","{'id': 2, 'name': 'Craig Pawson', 'country': {'id': 68, 'name': 'England'}}",Watford,Stoke City,Away Win,1,0,3
3753980,2016-03-19,11:45:00.000,"{'competition_id': 2, 'country_name': 'England', 'competition_name': 'Premier League'}","{'season_id': 27, 'season_name': '2015/2016'}","{'home_team_id': 29, 'home_team_name': 'Everton', 'home_team_gender': 'male', 'home_team_group': None, 'country': {'id': 68, 'name': 'England'}, 'managers': [{'id': 263, 'name': 'Roberto Martínez Montoliú', 'nickname': 'Roberto Martínez', 'dob': '1973-07-13', 'country': {'id': 214, 'name': 'Spain'}}]}","{'away_team_id': 1, 'away_team_name': 'Arsenal', 'away_team_gender': 'male', 'away_team_group': None, 'country': {'id': 68, 'name': 'England'}, 'managers': [{'id': 577, 'name': 'Arsène Wenger', 'nickname': None, 'dob': '1949-10-22', 'country': {'id': 78, 'name': 'France'}}]}",0,2,available,processing,2025-12-17T12:02:11.462356,2021-06-12T16:17:31.694,"{'data_version': '1.1.0', 'shot_fidelity_version': '2', 'xy_fidelity_version': '2'}",31,"{'id': 1, 'name': 'Regular Season'}","{'id': 12, 'name': 'Goodison Park', 'country': {'id': 68, 'name': 'England'}}","{'id': 728, 'name': 'Mark Clattenburg', 'country': {'id': 68, 'name': 'England'}}",Everton,Arsenal,Away Win,2,0,3
3753981,2016-01-12,20:45:00.000,"{'competition_id': 2, 'country_name': 'England', 'competition_name': 'Premier League'}","{'season_id': 27, 'season_name': '2015/2016'}","{'home_team_id': 59, 'home_team_name': 'Aston Villa', 'home_team_gender': 'male', 'home_team_group': None, 'country': {'id': 68, 'name': 'England'}, 'managers': [{'id': 92, 'name': 'Rémi Garde', 'nickname': None, 'dob': '1966-04-03', 'country': {'id': 78, 'name': 'France'}}]}","{'away_team_id': 31, 'away_team_name': 'Crystal Palace', 'away_team_gender': 'male', 'away_team_group': None, 'country': {'id': 68, 'name': 'England'}, 'managers': [{'id': 382, 'name': 'Alan Pardew', 'nickname': None, 'dob': '1961-07-18', 'country': {'id': 68, 'name': 'England'}}]}",1,0,available,processing,2021-07-02T13:56:21.986,2021-06-12T16:17:31.694,"{'data_version': '1.1.0', 'shot_fidelity_version': '2', 'xy_fidelity_version': '2'}",21,"{'id': 1, 'name': 'Regular Season'}","{'id': 211, 'name': 'Villa Park', 'country': {'id': 68, 'name': 'England'}}","{'id': 728, 'name': 'Mark Clattenburg', 'country': {'id': 68, 'name': 'England'}}",Aston Villa,Crystal Palace,Home Win,1,3,0
3753982,2016-04-03,14:30:00.000,"{'competition_id': 2, 'country_name': 'England', 'competition_name': 'Premier League'}","{'season_id': 27, 'season_name': '2015/2016'}","{'home_team_id': 22, 'home_team_name': 'Leicester City', 'home_team_gender': 'male', 'home_team_group': None, 'country': {'id': 68, 'name': 'England'}, 'managers': [{'id': 60, 'name': 'Claudio Ranieri', 'nickname': None, 'dob': '1951-10-20', 'country': {'id': 112, 'name': 'Italy'}}]}","{'away_team_id': 25, 'away_team_name': 'Southampton', 'away_team_gender': 'male', 'away_team_group': None, 'country': {'id': 68, 'name': 'England'}, 'managers': [{'id': 676, 'name': 'Ronald Koeman', 'nickname': None, 'dob': '1963-03-21', 'country': {'id': 160, 'name': 'Netherlands'}}]}",1,0,available,processing,2022-12-01T14:21:21.913761,2021-06-12T16:17:31.694,"{'data_version': '1.1.0', 'shot_fidelity_version': '2', 'xy_fidelity_version': '2'}",32,"{'id': 1, 'name': 'Regular Season'}","{'id': 20, 'name': 'King Power Stadium ', 'country': {'id': 68, 'name': 'England'}}","{'id': 1, 'name': 'Michael Oliver', 'country': {'id': 68, 'name': 'England'}}",Leicester City,Southampton,Home Win,1,3,0
3753986,2016-04-10,17:00:00.000,"{'competition_id': 2, 'country_name': 'England', 'competition_name': 'Premier League'}","{'season_id': 27, 'season_name': '2015/2016'}","{'home_team_id': 24, 'home_team_name': 'Liverpool', 'home_team_gender': 'male', 'home_team_group': None, 'country': {'id': 68, 'name': 'England'}, 'managers': [{'id': 94, 'name': 'Jürgen Klopp', 'nickname': None, 'dob': '1967-06-16', 'country': {'id': 85, 'name': 'Germany'}}]}","{'away_team_id': 30, 'away_team_name': 'Stoke City', 'away_team_gender': 'male', 'away_team_group': None, 'country': {'id': 68, 'name': 'England'}, 'managers': [{'id': 55, 'name': 'Mark Hughes', 'nickname': None, 'dob': '1963-11-01', 'country': {'id': 249, 'name': 'Wales'}}]}",4,1,available,processing,2021-07-12T14:40:22.094,2021-06-12T16:17:31.694,"{'data_version': '1.1.0', 'shot_fidelity_version': '2', 'xy_fidelity_version': '2'}",33,"{'id': 1, 'name': 'Regular Season'}","{'id': 6, 'name': 'Anfield ', 'country': {'id': 68, 'name': 'England'}}","{'id': 728, 'name': 'Mark Clattenburg', 'country': {'id': 68, 'name': 'England'}}",Liverpool,Stoke City,Home Win,3,3,0
3753988,2016-03-12,16:00:00.000,"{'competition_id': 2, 'country_name': 'England', 'competition_name': 'Premier League'}","{'season_id': 27, 'season_name': '2015/2016'}","{'home_team_id': 28, 'home_team_name': 'AFC Bournemouth', 'home_team_gender': 'male', 'home_team_group': None, 'country': {'id': 68, 'name': 'England'}, 'managers': [{'id': 38, 'name': 'Eddie Howe', 'nickname': None, 'dob': '1977-11-29', 'country': {'id': 68, 'name': 'England'}}]}","{'away_team_id': 26, 'away_team_name': 'Swansea City', 'away_team_gender': 'male', 'away_team_group': None, 'country': {'id': 249, 'name': 'Wales'}, 'managers': [{'id': 4711, 'name': 'Alan Curtis', 'nickname': None, 'dob': '1954-04-16', 'country': {'id': 249, 'name': 'Wales'}}, {'id': 3626, 'name': 'Francesco Guidolin', 'nickname': None, 'dob': '1955-10-03', 'country': {'id': 112, 'name': 'Italy'}}]}",3,2,available,processing,2021-07-31T22:31:15.067,2021-06-12T16:17:31.694,"{'data_version': '1.1.0', 'shot_fidelity_version': '2', 'xy_fidelity_version': '2'}",30,"{'id': 1, 'name': 'Regular Season'}","{'id': 71, 'name': 'Vitality Stadium', 'country': {'id': 68, 'name': 'England'}}","{'id': 13, 'name': 'Roger East', 'country': {'id': 68, 'name': 'England'}}",AFC Bournemouth,Swansea City,Home Win,1,3,0
3753989,2016-05-11,20:45:00.000,"{'competition_id': 2, 'country_name': 'England', 'competition_name': 'Premier League'}","{'season_id': 27, 'season_name': '2015/2016'}","{'home_team_id': 41, 'home_team_name': 'Sunderland', 'home_team_gender': 'male', 'home_team_group': None, 'country': {'id': 68, 'name': 'England'}, 'managers': [{'id': 561, 'name': 'Sam Allardyce', 'nickname': None, 'dob': '1954-10-19', 'country': {'id': 68, 'name': 'England'}}]}","{'away_team_id': 29, 'away_team_name': 'Everton', 'away_team_gender': 'male', 'away_team_group': None, 'country': {'id': 68, 'name': 'England'}, 'managers': [{'id': 263, 'name': 'Roberto Martínez Montoliú', 'nickname': 'Roberto Martínez', 'dob': '1973-07-13', 'country': {'id': 214, 'name': 'Spain'}}]}",3,0,available,processing,2022-12-01T14:48:06.624347,2021-06-12T16:17:31.694,"{'data_version': '1.1.0', 'shot_fidelity_version': '2', 'xy_fidelity_version': '2'}",30,"{'id': 1, 'name': 'Regular Season'}","{'id': 210, 'name': 'Stadium of Light', 'country': {'id': 68, 'name': 'England'}}","{'id': 8, 'name': 'Anthony Taylor', 'country': {'id': 68, 'name': 'England'}}",Sunderland,Everton,Home Win,3,3,0
3753990,2016-04-24,15:05:00.000,"{'competition_id': 2, 'country_name': 'England', 'competition_name': 'Premier League'}","{'season_id': 27, 'season_name': '2015/2016'}","{'home_team_id': 41, 'home_team_name': 'Sunderland', 'home_team_gender': 'male', 'home_team_group': None, 'country': {'id': 68, 'name': 'England'}, 'managers': [{'id': 561, 'name': 'Sam Allardyce', 'nickname': None, 'dob': '1954-10-19', 'country': {'id': 68, 'name': 'England'}}]}","{'away_team_id': 1, 'away_team_name': 'Arsenal', 'away_team_gender': 'male', 'away_team_group': None, 'country': {'id': 68, 'name': 'England'}, 'managers': [{'id': 577, 'name': 'Arsène Wenger', 'nickname': None, 'dob': '1949-10-22', 'country': {'id': 78, 'name': 'France'}}]}",0,0,available,processing,2022-12-01T14:33:38.963070,2021-06-12T16:17:31.694,"{'data_version': '1.1.0', 'shot_fidelity_version': '2', 'xy_fidelity_version': '2'}",35,"{'id': 1, 'name': 'Regular Season'}","{'id': 210, 'name': 'Stadium of Light', 'country': {'id': 68, 'name': 'England'}}","{'id': 6, 'name': 'Mike Dean', 'country': {'id': 68, 'name': 'England'}}",Sunderland,Arsenal,Draw,0,1,1
3753991,2016-03-02,21:00:00.000,"{'competition_id': 2, 'country_name': 'England', 'competition_name': 'Premier League'}","{'season_id': 27, 'season_name': '2015/2016'}","{'home_team_id': 24, 'home_team_name': 'Liverpool', 'home_team_gender': 'male', 'home_team_group': None, 'country': {'id': 68, 'name': 'England'}, 'managers': [{'id': 94, 'name': 'Jürgen Klopp', 'nickname': None, 'dob': '1967-06-16', 'country': {'id': 85, 'name': 'Germany'}}]}","{'away_team_id': 36, 'away_team_name': 'Manchester City', 'away_team_gender': 'male', 'away_team_group': None, 'country': {'id': 68, 'name': 'England'}, 'managers': [{'id': 733, 'name': 'Manuel Luis Pellegrini Ripamonti', 'nickname': 'Manuel Pellegrini', 'dob': '1953-09-16', 'country': {'id': 45, 'name': 'Chile'}}]}",3,0,available,processing,2021-07-03T20:34:48.662,2021-06-12T16:17:31.694,"{'data_version': '1.1.0', 'shot_fidelity_version': '2', 'xy_fidelity_version': '2'}",28,"{'id': 1, 'name': 'Regular Season'}","{'id': 6, 'name': 'Anfield ', 'country': {'id': 68, 'name': 'England'}}","{'id': 4, 'name': 'Martin Atkinson', 'country': {'id': 68, 'name': 'England'}}",Liverpool,Manchester City,Home Win,3,3,0
3753992,2016-05-08,14:30:00.000,"{'competition_id': 2, 'country_name': 'England', 'competition_name': 'Premier League'}","{'season_id': 27, 'season_name': '2015/2016'}","{'home_team_id': 38, 'home_team_name': 'Tottenham Hotspur', 'home_team_gender': 'male', 'home_team_group': None, 'country': {'id': 68, 'name': 'England'}, 'managers': [{'id': 81, 'name': 'Mauricio Roberto Pochettino Trossero', 'nickname': 'Mauricio Pochettino', 'dob': '1972-03-02', 'country': {'id': 11, 'name': 'Argentina'}}]}","{'away_team_id': 25, 'away_team_name': 'Southampton', 'away_team_gender': 'male', 'away_team_group': None, 'country': {'id': 68, 'name': 'England'}, 'managers': [{'id': 676, 'name': 'Ronald Koeman', 'nickname': None, 'dob': '1963-03-21', 'country': {'id': 160, 'name': 'Netherlands'}}]}",1,2,available,processing,2021-07-07T18:31:46.070,2021-06-12T16:17:31.694,"{'data_version': '1.1.0', 'shot_fidelity_version': '2', 'xy_fidelity_version': '2'}",37,"{'id': 1, 'name': 'Regular Season'}","{'id': 99148, 'name': 'White Hart Lane', 'country': {'id': 68, 'name': 'England'}}","{'id': 3, 'name': 'Jonathan Moss', 'country': {'id': 68, 'name': 'England'}}",Tottenham Hotspur,Southampton,Away Win,1,0,3
3753994,2016-05-15,16:00:00.000,"{'competition_id': 2, 'country_name': 'England', 'competition_name': 'Premier League'}","{'season_id': 27, 'season_name': '2015/2016'}","{'home_team_id': 25, 'home_team_name': 'Southampton', 'home_team_gender': 'male', 'home_team_group': None, 'country': {'id': 68, 'name': 'England'}, 'managers': [{'id': 676, 'name': 'Ronald Koeman', 'nickname': None, 'dob': '1963-03-21', 'country': {'id': 160, 'name': 'Netherlands'}}]}","{'away_team_id': 31, 'away_team_name': 'Crystal Palace', 'away_team_gender': 'male', 'away_team_group': None, 'country': {'id': 68, 'name': 'England'}, 'managers': [{'id': 382, 'name': 'Alan Pardew', 'nickname': None, 'dob': '1961-07-18', 'country': {'id': 68, 'name': 'England'}}]}",4,1,available,processing,2022-12-01T14:49:20.201110,2021-06-12T16:17:31.694,"{'data_version': '1.1.0', 'shot_fidelity_version': '2', 'xy_fidelity_version': '2'}",38,"{'id': 1, 'name': 'Regular Season'}","{'id': 4591, 'name': ""St. Mary's Stadium"", 'country': {'id': 68, 'name': 'England'}}","{'id': 1, 'name': 'Michael Oliver', 'country': {'id': 68, 'name': 'England'}}",Southampton,Crystal Palace,Home Win,3,3,0
3753997,2016-02-02,20:45:00.000,"{'competition_id': 2, 'country_name': 'England', 'competition_name': 'Premier League'}","{'season_id': 27, 'season_name': '2015/2016'}","{'home_team_id': 40, 'home_team_name': 'West Ham United', 'home_team_gender': 'male', 'home_team_group': None, 'country': {'id': 68, 'name': 'England'}, 'managers': [{'id': 150, 'name': 'Slaven Bilić', 'nickname': None, 'dob': '1968-09-11', 'country': {'id': 56, 'name': 'Croatia'}}]}","{'away_team_id': 59, 'away_team_name': 'Aston Villa', 'away_team_gender': 'male', 'away_team_group': None, 'country': {'id': 68, 'name': 'England'}, 'managers': [{'id': 92, 'name': 'Rémi Garde', 'nickname': None, 'dob': '1966-04-03', 'country': {'id': 78, 'name': 'France'}}]}",2,0,available,processing,2021-06-30T21:03:02.583,2021-06-12T16:17:31.694,"{'data_version': '1.1.0', 'shot_fidelity_version': '2', 'xy_fidelity_version': '2'}",24,"{'id': 1, 'name': 'Regular Season'}","{'id': 115324, 'name': 'Boleyn Ground', 'country': {'id': 68, 'name': 'England'}}","{'id': 3, 'name': 'Jonathan Moss', 'country': {'id': 68, 'name': 'England'}}",West Ham United,Aston Villa,Home Win,2,3,0
3753998,2015-12-28,18:30:00.000,"{'competition_id': 2, 'country_name': 'England', 'competition_name': 'Premier League'}","{'season_id': 27, 'season_name': '2015/2016'}","{'home_team_id': 40, 'home_team_name': 'West Ham United', 'home_team_gender': 'male', 'home_team_group': None, 'country': {'id': 68, 'name': 'England'}, 'managers': [{'id': 150, 'name': 'Slaven Bilić', 'nickname': None, 'dob': '1968-09-11', 'country': {'id': 56, 'name': 'Croatia'}}]}","{'away_team_id': 25, 'away_team_name': 'Southampton', 'away_team_gender': 'male', 'away_team_group': None, 'country': {'id': 68, 'name': 'England'}, 'managers': [{'id': 676, 'name': 'Ronald Koeman', 'nickname': None, 'dob': '1963-03-21', 'country': {'id': 160, 'name': 'Netherlands'}}]}",2,1,available,processing,2022-12-01T13:47:15.525094,2021-06-12T16:17:31.694,"{'data_version': '1.1.0', 'shot_fidelity_version': '2', 'xy_fidelity_version': '2'}",19,"{'id': 1, 'name': 'Regular Season'}","{'id': 115324, 'name': 'Boleyn Ground', 'country': {'id': 68, 'name': 'England'}}","{'id': 1, 'name': 'Michael Oliver', 'country': {'id': 68, 'name': 'England'}}",West Ham United,Southampton,Home Win,1,3,0
3754002,2016-03-14,21:00:00.000,"{'competition_id': 2, 'country_name': 'England', 'competition_name': 'Premier League'}","{'season_id': 27, 'season_name': '2015/2016'}","{'home_team_id': 22, 'home_team_name': 'Leicester City', 'home_team_gender': 'male', 'home_team_group': None, 'country': {'id': 68, 'name': 'England'}, 'managers': [{'id': 60, 'name': 'Claudio Ranieri', 'nickname': None, 'dob': '1951-10-20', 'country': {'id': 112, 'name': 'Italy'}}]}","{'away_team_id': 37, 'away_team_name': 'Newcastle United', 'away_team_gender': 'male', 'away_team_group': None, 'country': {'id': 68, 'name': 'England'}, 'managers': [{'id': 148, 'name': 'Rafael Benítez Maudes', 'nickname': 'Rafael Benítez', 'dob': '1960-04-16', 'country': {'id': 214, 'name': 'Spain'}}]}",1,0,available,processing,2021-07-31T22:35:04.431,2021-06-12T16:17:31.694,"{'data_version': '1.1.0', 'shot_fidelity_version': '2', 'xy_fidelity_version': '2'}",30,"{'id': 1, 'name': 'Regular Season'}","{'id': 20, 'name': 'King Power Stadium ', 'country': {'id': 68, 'name': 'England'}}","{'id': 2, 'name': 'Craig Pawson', 'country': {'id': 68, 'name': 'England'}}",Leicester City,Newcastle United,Home Win,1,3,0
3754004,2016-01-16,16:00:00.000,"{'competition_id': 2, 'country_name': 'England', 'competition_name': 'Premier League'}","{'season_id': 27, 'season_name': '2015/2016'}","{'home_team_id': 28, 'home_team_name': 'AFC Bournemouth', 'home_team_gender': 'male', 'home_team_group': None, 'country': {'id': 68, 'name': 'England'}, 'managers': [{'id': 38, 'name': 'Eddie Howe', 'nickname': None, 'dob': '1977-11-29', 'country': {'id': 68, 'name': 'England'}}]}","{'away_team_id': 56, 'away_team_name': 'Norwich City', 'away_team_gender': 'male', 'away_team_group': None, 'country': {'id': 68, 'name': 'England'}, 'managers': [{'id': 41, 'name': 'Alex Neil', 'nickname': None, 'dob': '1981-06-09', 'country': {'id': 201, 'name': 'Scotland'}}]}",3,0,available,processing,2022-12-01T13:53:26.687758,2021-06-12T16:17:31.694,"{'data_version': '1.1.0', 'shot_fidelity_version': '2', 'xy_fidelity_version': '2'}",22,"{'id': 1, 'name': 'Regular Season'}","{'id': 71, 'name': 'Vitality Stadium', 'country': {'id': 68, 'name': 'England'}}","{'id': 9, 'name': 'Robert Madley', 'country': {'id': 68, 'name': 'England'}}",AFC Bournemouth,Norwich City,Home Win,3,3,0
3754005,2016-03-02,20:45:00.000,"{'competition_id': 2, 'country_name': 'England', 'competition_name': 'Premier League'}","{'season_id': 27, 'season_name': '2015/2016'}","{'home_team_id': 30, 'home_team_name': 'Stoke City', 'home_team_gender': 'male', 'home_team_group': None, 'country': {'id': 68, 'name': 'England'}, 'managers': [{'id': 55, 'name': 'Mark Hughes', 'nickname': None, 'dob': '1963-11-01', 'country': {'id': 249, 'name': 'Wales'}}]}","{'away_team_id': 37, 'away_team_name': 'Newcastle United', 'away_team_gender': 'male', 'away_team_group': None, 'country': {'id': 68, 'name': 'England'}, 'managers': [{'id': 40, 'name': 'Steve McClaren', 'nickname': None, 'dob': '1961-05-03', 'country': {'id': 68, 'name': 'England'}}]}",1,0,available,processing,2021-11-04T18:06:52.081837,2021-06-12T16:17:31.694,"{'data_version': '1.1.0', 'shot_fidelity_version': '2', 'xy_fidelity_version': '2'}",28,"{'id': 1, 'name': 'Regular Season'}","{'id': 29, 'name': 'bet365 Stadium', 'country': {'id': 68, 'name': 'England'}}","{'id': 7, 'name': 'Neil Swarbrick', 'country': {'id': 68, 'name': 'England'}}",Stoke City,Newcastle United,Home Win,1,3,0
3754009,2016-04-17,17:00:00.000,"{'competition_id': 2, 'country_name': 'England', 'competition_name': 'Premier League'}","{'season_id': 27, 'season_name': '2015/2016'}","{'home_team_id': 1, 'home_team_name': 'Arsenal', 'home_team_gender': 'male', 'home_team_group': None, 'country': {'id': 68, 'name': 'England'}, 'managers': [{'id': 577, 'name': 'Arsène Wenger', 'nickname': None, 'dob': '1949-10-22', 'country': {'id': 78, 'name': 'France'}}]}","{'away_team_id': 31, 'away_team_name': 'Crystal Palace', 'away_team_gender': 'male', 'away_team_group': None, 'country': {'id': 68, 'name': 'England'}, 'managers': [{'id': 382, 'name': 'Alan Pardew', 'nickname': None, 'dob': '1961-07-18', 'country': {'id': 68, 'name': 'England'}}]}",1,1,available,processing,2021-07-06T18:04:40.541,2021-06-12T16:17:31.694,"{'data_version': '1.1.0', 'shot_fidelity_version': '2', 'xy_fidelity_version': '2'}",34,"{'id': 1, 'name': 'Regular Season'}","{'id': 3, 'name': 'Emirates Stadium', 'country': {'id': 68, 'name': 'England'}}","{'id': 13, 'name': 'Roger East', 'country': {'id': 68, 'name': 'England'}}",Arsenal,Crystal Palace,Draw,0,1,1
3754012,2016-02-27,16:00:00.000,"{'competition_id': 2, 'country_name': 'England', 'competition_name': 'Premier League'}","{'season_id': 27, 'season_name': '2015/2016'}","{'home_team_id': 25, 'home_team_name': 'Southampton', 'home_team_gender': 'male', 'home_team_group': None, 'country': {'id': 68, 'name': 'England'}, 'managers': [{'id': 676, 'name': 'Ronald Koeman', 'nickname': None, 'dob': '1963-03-21', 'country': {'id': 160, 'name': 'Netherlands'}}]}","{'away_team_id': 33, 'away_team_name': 'Chelsea', 'away_team_gender': 'male', 'away_team_group': None, 'country': {'id': 68, 'name': 'England'}, 'managers': [{'id': 3608, 'name': 'Guus Hiddink', 'nickname': None, 'dob': '1946-11-08', 'country': {'id': 160, 'name': 'Netherlands'}}]}",1,2,available,processing,2022-12-01T14:04:25.572886,2021-06-12T16:17:31.694,"{'data_version': '1.1.0', 'shot_fidelity_version': '2', 'xy_fidelity_version': '2'}",27,"{'id': 1, 'name': 'Regular Season'}","{'id': 4591, 'name': ""St. Mary's Stadium"", 'country': {'id': 68, 'name': 'England'}}","{'id': 4, 'name': 'Martin Atkinson', 'country': {'id': 68, 'name': 'England'}}",Southampton,Chelsea,Away Win,1,0,3
3754016,2016-04-09,16:00:00.000,"{'competition_id': 2, 'country_name': 'England', 'competition_name': 'Premier League'}","{'season_id': 27, 'season_name': '2015/2016'}","{'home_team_id': 25, 'home_team_name': 'Southampton', 'home_team_gender': 'male', 'home_team_group': None, 'country': {'id': 68, 'name': 'England'}, 'managers': [{'id': 676, 'name': 'Ronald Koeman', 'nickname': None, 'dob': '1963-03-21', 'country': {'id': 160, 'name': 'Netherlands'}}]}","{'away_team_id': 37, 'away_team_name': 'Newcastle United', 'away_team_gender': 'male', 'away_team_group': None, 'country': {'id': 68, 'name': 'England'}, 'managers': [{'id': 148, 'name': 'Rafael Benítez Maudes', 'nickname': 'Rafael Benítez', 'dob': '1960-04-16', 'country': {'id': 214, 'name': 'Spain'}}]}",3,1,available,processing,2022-12-01T14:23:18.027982,2021-06-12T16:17:31.694,"{'data_version': '1.1.0', 'shot_fidelity_version': '2', 'xy_fidelity_version': '2'}",33,"{'id': 1, 'name': 'Regular Season'}","{'id': 4591, 'name': ""St. Mary's Stadium"", 'country': {'id': 68, 'name': 'England'}}","{'id': 9, 'name': 'Robert Madley', 'country': {'id': 68, 'name': 'England'}}",Southampton,Newcastle United,Home Win,2,3,0
3754018,2016-05-01,13:00:00.000,"{'competition_id': 2, 'country_name': 'England', 'competition_name': 'Premier League'}","{'season_id': 27, 'season_name': '2015/2016'}","{'home_team_id': 26, 'home_team_name': 'Swansea City', 'home_team_gender': 'male', 'home_team_group': None, 'country': {'id': 249, 'name': 'Wales'}, 'managers': [{'id': 3626, 'name': 'Francesco Guidolin', 'nickname': None, 'dob': '1955-10-03', 'country': {'id': 112, 'name': 'Italy'}}]}","{'away_team_id': 24, 'away_team_name': 'Liverpool', 'away_team_gender': 'male', 'away_team_group': None, 'country': {'id': 68, 'name': 'England'}, 'managers': [{'id': 94, 'name': 'Jürgen Klopp', 'nickname': None, 'dob': '1967-06-16', 'country': {'id': 85, 'name': 'Germany'}}]}",3,1,available,processing,2021-11-04T19:13:36.181897,2021-06-12T16:17:31.694,"{'data_version': '1.1.0', 'shot_fidelity_version': '2', 'xy_fidelity_version': '2'}",36,"{'id': 1, 'name': 'Regular Season'}","{'id': 45, 'name': 'Swansea.com Stadium', 'country': {'id': 249, 'name': 'Wales'}}","{'id': 13, 'name': 'Roger East', 'country': {'id': 68, 'name': 'England'}}",Swansea City,Liverpool,Home Win,2,3,0
3754019,2015-12-28,18:30:00.000,"{'competition_id': 2, 'country_name': 'England', 'competition_name': 'Premier League'}","{'season_id': 27, 'season_name': '2015/2016'}","{'home_team_id': 39, 'home_team_name': 'Manchester United', 'home_team_gender': 'male', 'home_team_group': None, 'country': {'id': 68, 'name': 'England'}, 'managers': [{'id': 788, 'name': 'Louis van Gaal', 'nickname': None, 'dob': '1951-08-08', 'country': {'id': 160, 'name': 'Netherlands'}}]}","{'away_team_id': 33, 'away_team_name': 'Chelsea', 'away_team_gender': 'male', 'away_team_group': None, 'country': {'id': 68, 'name': 'England'}, 'managers': [{'id': 3608, 'name': 'Guus Hiddink', 'nickname': None, 'dob': '1946-11-08', 'country': {'id': 160, 'name': 'Netherlands'}}]}",0,0,available,processing,2021-10-29T23:36:51.546904,2021-06-12T16:17:31.694,"{'data_version': '1.1.0', 'shot_fidelity_version': '2', 'xy_fidelity_version': '2'}",19,"{'id': 1, 'name': 'Regular Season'}","{'id': 2, 'name': 'Old Trafford', 'country': {'id': 68, 'name': 'England'}}","{'id': 4, 'name': 'Martin Atkinson', 'country': {'id': 68, 'name': 'England'}}",Manchester United,Chelsea,Draw,0,1,1
3754021,2016-01-12,20:45:00.000,"{'competition_id': 2, 'country_name': 'England', 'competition_name': 'Premier League'}","{'season_id': 27, 'season_name': '2015/2016'}","{'home_team_id': 28, 'home_team_name': 'AFC Bournemouth', 'home_team_gender': 'male', 'home_team_group': None, 'country': {'id': 68, 'name': 'England'}, 'managers': [{'id': 38, 'name': 'Eddie Howe', 'nickname': None, 'dob': '1977-11-29', 'country': {'id': 68, 'name': 'England'}}]}","{'away_team_id': 40, 'away_team_name': 'West Ham United', 'away_team_gender': 'male', 'away_team_group': None, 'country': {'id': 68, 'name': 'England'}, 'managers': [{'id': 150, 'name': 'Slaven Bilić', 'nickname': None, 'dob': '1968-09-11', 'country': {'id': 56, 'name': 'Croatia'}}]}",1,3,available,processing,2021-10-30T00:13:49.011466,2021-06-12T16:17:31.694,"{'data_version': '1.1.0', 'shot_fidelity_version': '2', 'xy_fidelity_version': '2'}",21,"{'id': 1, 'name': 'Regular Season'}","{'id': 71, 'name': 'Vitality Stadium', 'country': {'id': 68, 'name': 'England'}}","{'id': 4, 'name': 'Martin Atkinson', 'country': {'id': 68, 'name': 'England'}}",AFC Bournemouth,West Ham United,Away Win,2,0,3
3754022,2016-04-09,16:00:00.000,"{'competition_id': 2, 'country_name': 'England', 'competition_name': 'Premier League'}","{'season_id': 27, 'season_name': '2015/2016'}","{'home_team_id': 31, 'home_team_name': 'Crystal Palace', 'home_team_gender': 'male', 'home_team_group': None, 'country': {'id': 68, 'name': 'England'}, 'managers': [{'id': 382, 'name': 'Alan Pardew', 'nickname': None, 'dob': '1961-07-18', 'country': {'id': 68, 'name': 'England'}}]}","{'away_team_id': 56, 'away_team_name': 'Norwich City', 'away_team_gender': 'male', 'away_team_group': None, 'country': {'id': 68, 'name': 'England'}, 'managers': [{'id': 41, 'name': 'Alex Neil', 'nickname': None, 'dob': '1981-06-09', 'country': {'id': 201, 'name': 'Scotland'}}]}",1,0,available,processing,2022-12-01T14:23:40.009813,2021-06-12T16:17:31.694,"{'data_version': '1.1.0', 'shot_fidelity_version': '2', 'xy_fidelity_version': '2'}",33,"{'id': 1, 'name': 'Regular Season'}","{'id': 37, 'name': 'Selhurst Park', 'country': {'id': 68, 'name': 'England'}}","{'id': 1, 'name': 'Michael Oliver', 'country': {'id': 68, 'name': 'England'}}",Crystal Palace,Norwich City,Home Win,1,3,0
3754024,2016-04-16,16:00:00.000,"{'competition_id': 2, 'country_name': 'England', 'competition_name': 'Premier League'}","{'season_id': 27, 'season_name': '2015/2016'}","{'home_team_id': 37, 'home_team_name': 'Newcastle United', 'home_team_gender': 'male', 'home_team_group': None, 'country': {'id': 68, 'name': 'England'}, 'managers': [{'id': 148, 'name': 'Rafael Benítez Maudes', 'nickname': 'Rafael Benítez', 'dob': '1960-04-16', 'country': {'id': 214, 'name': 'Spain'}}]}","{'away_team_id': 26, 'away_team_name': 'Swansea City', 'away_team_gender': 'male', 'away_team_group': None, 'country': {'id': 249, 'name': 'Wales'}, 'managers': [{'id': 3626, 'name': 'Francesco Guidolin', 'nickname': None, 'dob': '1955-10-03', 'country': {'id': 112, 'name': 'Italy'}}]}",3,0,available,processing,2022-12-01T14:28:06.773103,2021-06-12T16:17:31.694,"{'data_version': '1.1.0', 'shot_fidelity_version': '2', 'xy_fidelity_version': '2'}",34,"{'id': 1, 'name': 'Regular Season'}","{'id': 4674, 'name': ""St. James' Park"", 'country': {'id': 68, 'name': 'England'}}","{'id': 10, 'name': 'Lee Mason', 'country': {'id': 68, 'name': 'England'}}",Newcastle United,Swansea City,Home Win,3,3,0
3754026,2016-05-07,16:00:00.000,"{'competition_id': 2, 'country_name': 'England', 'competition_name': 'Premier League'}","{'season_id': 27, 'season_name': '2015/2016'}","{'home_team_id': 31, 'home_team_name': 'Crystal Palace', 'home_team_gender': 'male', 'home_team_group': None, 'country': {'id': 68, 'name': 'England'}, 'managers': [{'id': 382, 'name': 'Alan Pardew', 'nickname': None, 'dob': '1961-07-18', 'country': {'id': 68, 'name': 'England'}}]}","{'away_team_id': 30, 'away_team_name': 'Stoke City', 'away_team_gender': 'male', 'away_team_group': None, 'country': {'id': 68, 'name': 'England'}, 'managers': [{'id': 55, 'name': 'Mark Hughes', 'nickname': None, 'dob': '1963-11-01', 'country': {'id': 249, 'name': 'Wales'}}]}",2,1,available,processing,2021-07-07T18:12:56.866,2021-06-12T16:17:31.694,"{'data_version': '1.1.0', 'shot_fidelity_version': '2', 'xy_fidelity_version': '2'}",37,"{'id': 1, 'name': 'Regular Season'}","{'id': 37, 'name': 'Selhurst Park', 'country': {'id': 68, 'name': 'England'}}","{'id': 12, 'name': 'Kevin Friend', 'country': {'id': 68, 'name': 'England'}}",Crystal Palace,Stoke City,Home Win,1,3,0
3754027,2016-01-16,13:45:00.000,"{'competition_id': 2, 'country_name': 'England', 'competition_name': 'Premier League'}","{'season_id': 27, 'season_name': '2015/2016'}","{'home_team_id': 38, 'home_team_name': 'Tottenham Hotspur', 'home_team_gender': 'male', 'home_team_group': None, 'country': {'id': 68, 'name': 'England'}, 'managers': [{'id': 81, 'name': 'Mauricio Roberto Pochettino Trossero', 'nickname': 'Mauricio Pochettino', 'dob': '1972-03-02', 'country': {'id': 11, 'name': 'Argentina'}}]}","{'away_team_id': 41, 'away_team_name': 'Sunderland', 'away_team_gender': 'male', 'away_team_group': None, 'country': {'id': 68, 'name': 'England'}, 'managers': [{'id': 561, 'name': 'Sam Allardyce', 'nickname': None, 'dob': '1954-10-19', 'country': {'id': 68, 'name': 'England'}}]}",4,1,available,processing,2021-10-30T00:42:32.910320,2021-06-12T16:17:31.694,"{'data_version': '1.1.0', 'shot_fidelity_version': '2', 'xy_fidelity_version': '2'}",22,"{'id': 1, 'name': 'Regular Season'}","{'id': 99148, 'name': 'White Hart Lane', 'country': {'id': 68, 'name': 'England'}}","{'id': 6, 'name': 'Mike Dean', 'country': {'id': 68, 'name': 'England'}}",Tottenham Hotspur,Sunderland,Home Win,3,3,0
3754030,2016-04-09,16:00:00.000,"{'competition_id': 2, 'country_name': 'England', 'competition_name': 'Premier League'}","{'season_id': 27, 'season_name': '2015/2016'}","{'home_team_id': 23, 'home_team_name': 'Watford', 'home_team_gender': 'male', 'home_team_group': None, 'country': {'id': 68, 'name': 'England'}, 'managers': [{'id': 236, 'name': 'Enrique Sánchez Flores', 'nickname': 'Quique Sánchez Flores', 'dob': '1965-02-05', 'country': {'id': 214, 'name': 'Spain'}}]}","{'away_team_id': 29, 'away_team_name': 'Everton', 'away_team_gender': 'male', 'away_team_group': None, 'country': {'id': 68, 'name': 'England'}, 'managers': [{'id': 263, 'name': 'Roberto Martínez Montoliú', 'nickname': 'Roberto Martínez', 'dob': '1973-07-13', 'country': {'id': 214, 'name': 'Spain'}}]}",1,1,available,processing,2021-07-06T20:37:57.613,2021-06-12T16:17:31.694,"{'data_version': '1.1.0', 'shot_fidelity_version': '2', 'xy_fidelity_version': '2'}",33,"{'id': 1, 'name': 'Regular Season'}","{'id': 4589, 'name': 'Vicarage Road', 'country': {'id': 68, 'name': 'England'}}","{'id': 12, 'name': 'Kevin Friend', 'country': {'id': 68, 'name': 'England'}}",Watford,Everton,Draw,0,1,1
3754031,2016-02-13,13:45:00.000,"{'competition_id': 2, 'country_name': 'England', 'competition_name': 'Premier League'}","{'season_id': 27, 'season_name': '2015/2016'}","{'home_team_id': 41, 'home_team_name': 'Sunderland', 'home_team_gender': 'male', 'home_team_group': None, 'country': {'id': 68, 'name': 'England'}, 'managers': [{'id': 561, 'name': 'Sam Allardyce', 'nickname': None, 'dob': '1954-10-19', 'country': {'id': 68, 'name': 'England'}}]}","{'away_team_id': 39, 'away_team_name': 'Manchester United', 'away_team_gender': 'male', 'away_team_group': None, 'country': {'id': 68, 'name': 'England'}, 'managers': [{'id': 788, 'name': 'Louis van Gaal', 'nickname': None, 'dob': '1951-08-08', 'country': {'id': 160, 'name': 'Netherlands'}}]}",2,1,available,processing,2022-12-01T14:01:31.142811,2021-06-12T16:17:31.694,"{'data_version': '1.1.0', 'shot_fidelity_version': '2', 'xy_fidelity_version': '2'}",26,"{'id': 1, 'name': 'Regular Season'}","{'id': 210, 'name': 'Stadium of Light', 'country': {'id': 68, 'name': 'England'}}","{'id': 5, 'name': 'Andre Marriner', 'country': {'id': 68, 'name': 'England'}}",Sunderland,Manchester United,Home Win,1,3,0
3754032,2016-01-13,20:45:00.000,"{'competition_id': 2, 'country_name': 'England', 'competition_name': 'Premier League'}","{'season_id': 27, 'season_name': '2015/2016'}","{'home_team_id': 30, 'home_team_name': 'Stoke City', 'home_team_gender': 'male', 'home_team_group': None, 'country': {'id': 68, 'name': 'England'}, 'managers': [{'id': 55, 'name': 'Mark Hughes', 'nickname': None, 'dob': '1963-11-01', 'country': {'id': 249, 'name': 'Wales'}}]}","{'away_team_id': 56, 'away_team_name': 'Norwich City', 'away_team_gender': 'male', 'away_team_group': None, 'country': {'id': 68, 'name': 'England'}, 'managers': [{'id': 41, 'name': 'Alex Neil', 'nickname': None, 'dob': '1981-06-09', 'country': {'id': 201, 'name': 'Scotland'}}]}",3,1,available,processing,2021-07-23T13:01:16.684,2021-06-12T16:17:31.694,"{'data_version': '1.1.0', 'shot_fidelity_version': '2', 'xy_fidelity_version': '2'}",21,"{'id': 1, 'name': 'Regular Season'}","{'id': 29, 'name': 'bet365 Stadium', 'country': {'id': 68, 'name': 'England'}}","{'id': 7, 'name': 'Neil Swarbrick', 'country': {'id': 68, 'name': 'England'}}",Stoke City,Norwich City,Home Win,2,3,0
3754033,2016-05-07,18:30:00.000,"{'competition_id': 2, 'country_name': 'England', 'competition_name': 'Premier League'}","{'season_id': 27, 'season_name': '2015/2016'}","{'home_team_id': 22, 'home_team_name': 'Leicester City', 'home_team_gender': 'male', 'home_team_group': None, 'country': {'id': 68, 'name': 'England'}, 'managers': [{'id': 60, 'name': 'Claudio Ranieri', 'nickname': None, 'dob': '1951-10-20', 'country': {'id': 112, 'name': 'Italy'}}]}","{'away_team_id': 29, 'away_team_name': 'Everton', 'away_team_gender': 'male', 'away_team_group': None, 'country': {'id': 68, 'name': 'England'}, 'managers': [{'id': 263, 'name': 'Roberto Martínez Montoliú', 'nickname': 'Roberto Martínez', 'dob': '1973-07-13', 'country': {'id': 214, 'name': 'Spain'}}]}",3,1,available,processing,2024-01-25T11:45:53.333860,2021-06-12T16:17:31.694,"{'data_version': '1.1.0', 'shot_fidelity_version': '2', 'xy_fidelity_version': '2'}",37,"{'id': 1, 'name': 'Regular Season'}","{'id': 20, 'name': 'King Power Stadium ', 'country': {'id': 68, 'name': 'England'}}","{'id': 5, 'name': 'Andre Marriner', 'country': {'id': 68, 'name': 'England'}}",Leicester City,Everton,Home Win,2,3,0
3754035,2016-04-09,18:30:00.000,"{'competition_id': 2, 'country_name': 'England', 'competition_name': 'Premier League'}","{'season_id': 27, 'season_name': '2015/2016'}","{'home_team_id': 36, 'home_team_name': 'Manchester City', 'home_team_gender': 'male', 'home_team_group': None, 'country': {'id': 68, 'name': 'England'}, 'managers': [{'id': 733, 'name': 'Manuel Luis Pellegrini Ripamonti', 'nickname': 'Manuel Pellegrini', 'dob': '1953-09-16', 'country': {'id': 45, 'name': 'Chile'}}]}","{'away_team_id': 27, 'away_team_name': 'West Bromwich Albion', 'away_team_gender': 'male', 'away_team_group': None, 'country': {'id': 68, 'name': 'England'}, 'managers': [{'id': 300, 'name': 'Tony Pulis', 'nickname': None, 'dob': '1958-01-16', 'country': {'id': 249, 'name': 'Wales'}}]}",2,1,available,processing,2022-12-01T14:25:35.775533,2021-06-12T16:17:31.694,"{'data_version': '1.1.0', 'shot_fidelity_version': '2', 'xy_fidelity_version': '2'}",33,"{'id': 1, 'name': 'Regular Season'}","{'id': 4715, 'name': 'Etihad Stadium', 'country': {'id': 68, 'name': 'England'}}","{'id': 14, 'name': 'Mike Jones', 'country': {'id': 68, 'name': 'England'}}",Manchester City,West Bromwich Albion,Home Win,1,3,0
3754036,2016-01-02,16:00:00.000,"{'competition_id': 2, 'country_name': 'England', 'competition_name': 'Premier League'}","{'season_id': 27, 'season_name': '2015/2016'}","{'home_team_id': 41, 'home_team_name': 'Sunderland', 'home_team_gender': 'male', 'home_team_group': None, 'country': {'id': 68, 'name': 'England'}, 'managers': [{'id': 561, 'name': 'Sam Allardyce', 'nickname': None, 'dob': '1954-10-19', 'country': {'id': 68, 'name': 'England'}}]}","{'away_team_id': 59, 'away_team_name': 'Aston Villa', 'away_team_gender': 'male', 'away_team_group': None, 'country': {'id': 68, 'name': 'England'}, 'managers': [{'id': 92, 'name': 'Rémi Garde', 'nickname': None, 'dob': '1966-04-03', 'country': {'id': 78, 'name': 'France'}}]}",3,1,available,processing,2022-12-01T13:50:10.381162,2021-06-12T16:17:31.694,"{'data_version': '1.1.0', 'shot_fidelity_version': '2', 'xy_fidelity_version': '2'}",20,"{'id': 1, 'name': 'Regular Season'}","{'id': 210, 'name': 'Stadium of Light', 'country': {'id': 68, 'name': 'England'}}","{'id': 2, 'name': 'Craig Pawson', 'country': {'id': 68, 'name': 'England'}}",Sunderland,Aston Villa,Home Win,2,3,0
3754061,2016-03-05,16:00:00.000,"{'competition_id': 2, 'country_name': 'England', 'competition_name': 'Premier League'}","{'season_id': 27, 'season_name': '2015/2016'}","{'home_team_id': 33, 'home_team_name': 'Chelsea', 'home_team_gender': 'male', 'home_team_group': None, 'country': {'id': 68, 'name': 'England'}, 'managers': [{'id': 3608, 'name': 'Guus Hiddink', 'nickname': None, 'dob': '1946-11-08', 'country': {'id': 160, 'name': 'Netherlands'}}]}","{'away_team_id': 30, 'away_team_name': 'Stoke City', 'away_team_gender': 'male', 'away_team_group': None, 'country': {'id': 68, 'name': 'England'}, 'managers': [{'id': 55, 'name': 'Mark Hughes', 'nickname': None, 'dob': '1963-11-01', 'country': {'id': 249, 'name': 'Wales'}}]}",1,1,available,processing,2021-11-04T18:18:35.114004,2021-06-12T16:17:31.694,"{'data_version': '1.1.0', 'shot_fidelity_version': '2', 'xy_fidelity_version': '2'}",29,"{'id': 1, 'name': 'Regular Season'}","{'id': 10, 'name': 'Stamford Bridge', 'country': {'id': 68, 'name': 'England'}}","{'id': 728, 'name': 'Mark Clattenburg', 'country': {'id': 68, 'name': 'England'}}",Chelsea,Stoke City,Draw,0,1,1
3754062,2016-01-13,20:45:00.000,"{'competition_id': 2, 'country_name': 'England', 'competition_name': 'Premier League'}","{'season_id': 27, 'season_name': '2015/2016'}","{'home_team_id': 33, 'home_team_name': 'Chelsea', 'home_team_gender': 'male', 'home_team_group': None, 'country': {'id': 68, 'name': 'England'}, 'managers': [{'id': 3608, 'name': 'Guus Hiddink', 'nickname': None, 'dob': '1946-11-08', 'country': {'id': 160, 'name': 'Netherlands'}}]}","{'away_team_id': 27, 'away_team_name': 'West Bromwich Albion', 'away_team_gender': 'male', 'away_team_group': None, 'country': {'id': 68, 'name': 'England'}, 'managers': [{'id': 300, 'name': 'Tony Pulis', 'nickname': None, 'dob': '1958-01-16', 'country': {'id': 249, 'name': 'Wales'}}]}",2,2,available,processing,2022-12-01T13:51:56.637934,2021-06-12T16:17:31.694,"{'data_version': '1.1.0', 'shot_fidelity_version': '2', 'xy_fidelity_version': '2'}",21,"{'id': 1, 'name': 'Regular Season'}","{'id': 10, 'name': 'Stamford Bridge', 'country': {'id': 68, 'name': 'England'}}","{'id': 8, 'name': 'Anthony Taylor', 'country': {'id': 68, 'name': 'England'}}",Chelsea,West Bromwich Albion,Draw,0,1,1
3754063,2016-04-30,16:00:00.000,"{'competition_id': 2, 'country_name': 'England', 'competition_name': 'Premier League'}","{'season_id': 27, 'season_name': '2015/2016'}","{'home_team_id': 23, 'home_team_name': 'Watford', 'home_team_gender': 'male', 'home_team_group': None, 'country': {'id': 68, 'name': 'England'}, 'managers': [{'id': 236, 'name': 'Enrique Sánchez Flores', 'nickname': 'Quique Sánchez Flores', 'dob': '1965-02-05', 'country': {'id': 214, 'name': 'Spain'}}]}","{'away_team_id': 59, 'away_team_name': 'Aston Villa', 'away_team_gender': 'male', 'away_team_group': None, 'country': {'id': 68, 'name': 'England'}, 'managers': [{'id': 5020, 'name': 'Eric Black', 'nickname': None, 'dob': '1963-10-01', 'country': {'id': 201, 'name': 'Scotland'}}]}",3,2,available,processing,2021-07-10T13:23:09.143,2021-06-12T16:17:31.694,"{'data_version': '1.1.0', 'shot_fidelity_version': '2', 'xy_fidelity_version': '2'}",36,"{'id': 1, 'name': 'Regular Season'}","{'id': 4589, 'name': 'Vicarage Road', 'country': {'id': 68, 'name': 'England'}}","{'id': 8, 'name': 'Anthony Taylor', 'country': {'id': 68, 'name': 'England'}}",Watford,Aston Villa,Home Win,1,3,0
3754069,2016-01-02,14:00:00.000,"{'competition_id': 2, 'country_name': 'England', 'competition_name': 'Premier League'}","{'season_id': 27, 'season_name': '2015/2016'}","{'home_team_id': 1, 'home_team_name': 'Arsenal', 'home_team_gender': 'male', 'home_team_group': None, 'country': {'id': 68, 'name': 'England'}, 'managers': [{'id': 577, 'name': 'Arsène Wenger', 'nickname': None, 'dob': '1949-10-22', 'country': {'id': 78, 'name': 'France'}}]}","{'away_team_id': 37, 'away_team_name': 'Newcastle United', 'away_team_gender': 'male', 'away_team_group': None, 'country': {'id': 68, 'name': 'England'}, 'managers': [{'id': 40, 'name': 'Steve McClaren', 'nickname': None, 'dob': '1961-05-03', 'country': {'id': 68, 'name': 'England'}}]}",1,0,available,processing,2025-12-17T12:01:17.901147,2021-06-12T16:17:31.694,"{'data_version': '1.1.0', 'shot_fidelity_version': '2', 'xy_fidelity_version': '2'}",20,"{'id': 1, 'name': 'Regular Season'}","{'id': 3, 'name': 'Emirates Stadium', 'country': {'id': 68, 'name': 'England'}}","{'id': 8, 'name': 'Anthony Taylor', 'country': {'id': 68, 'name': 'England'}}",Arsenal,Newcastle United,Home Win,1,3,0
3754070,2016-05-07,16:00:00.000,"{'competition_id': 2, 'country_name': 'England', 'competition_name': 'Premier League'}","{'season_id': 27, 'season_name': '2015/2016'}","{'home_team_id': 59, 'home_team_name': 'Aston Villa', 'home_team_gender': 'male', 'home_team_group': None, 'country': {'id': 68, 'name': 'England'}, 'managers': [{'id': 5020, 'name': 'Eric Black', 'nickname': None, 'dob': '1963-10-01', 'country': {'id': 201, 'name': 'Scotland'}}]}","{'away_team_id': 37, 'away_team_name': 'Newcastle United', 'away_team_gender': 'male', 'away_team_group': None, 'country': {'id': 68, 'name': 'England'}, 'managers': [{'id': 148, 'name': 'Rafael Benítez Maudes', 'nickname': 'Rafael Benítez', 'dob': '1960-04-16', 'country': {'id': 214, 'name': 'Spain'}}]}",0,0,available,processing,2021-07-08T21:16:34.235,2021-06-12T16:17:31.694,"{'data_version': '1.1.0', 'shot_fidelity_version': '2', 'xy_fidelity_version': '2'}",37,"{'id': 1, 'name': 'Regular Season'}","{'id': 211, 'name': 'Villa Park', 'country': {'id': 68, 'name': 'England'}}","{'id': 9, 'name': 'Robert Madley', 'country': {'id': 68, 'name': 'England'}}",Aston Villa,Newcastle United,Draw,0,1,1
3754071,2016-01-13,20:45:00.000,"{'competition_id': 2, 'country_name': 'England', 'competition_name': 'Premier League'}","{'season_id': 27, 'season_name': '2015/2016'}","{'home_team_id': 26, 'home_team_name': 'Swansea City', 'home_team_gender': 'male', 'home_team_group': None, 'country': {'id': 249, 'name': 'Wales'}, 'managers': [{'id': 4711, 'name': 'Alan Curtis', 'nickname': None, 'dob': '1954-04-16', 'country': {'id': 249, 'name': 'Wales'}}]}","{'away_team_id': 41, 'away_team_name': 'Sunderland', 'away_team_gender': 'male', 'away_team_group': None, 'country': {'id': 68, 'name': 'England'}, 'managers': [{'id': 561, 'name': 'Sam Allardyce', 'nickname': None, 'dob': '1954-10-19', 'country': {'id': 68, 'name': 'England'}}]}",2,4,available,processing,2021-10-30T00:34:46.190260,2021-06-12T16:17:31.694,"{'data_version': '1.1.0', 'shot_fidelity_version': '2', 'xy_fidelity_version': '2'}",21,"{'id': 1, 'name': 'Regular Season'}","{'id': 45, 'name': 'Swansea.com Stadium', 'country': {'id': 249, 'name': 'Wales'}}","{'id': 11, 'name': 'Graham Scott', 'country': {'id': 68, 'name': 'England'}}",Swansea City,Sunderland,Away Win,2,0,3
3754075,2016-04-02,13:45:00.000,"{'competition_id': 2, 'country_name': 'England', 'competition_name': 'Premier League'}","{'season_id': 27, 'season_name': '2015/2016'}","{'home_team_id': 59, 'home_team_name': 'Aston Villa', 'home_team_gender': 'male', 'home_team_group': None, 'country': {'id': 68, 'name': 'England'}, 'managers': [{'id': 5020, 'name': 'Eric Black', 'nickname': None, 'dob': '1963-10-01', 'country': {'id': 201, 'name': 'Scotland'}}]}","{'away_team_id': 33, 'away_team_name': 'Chelsea', 'away_team_gender': 'male', 'away_team_group': None, 'country': {'id': 68, 'name': 'England'}, 'managers': [{'id': 3608, 'name': 'Guus Hiddink', 'nickname': None, 'dob': '1946-11-08', 'country': {'id': 160, 'name': 'Netherlands'}}]}",0,4,available,processing,2021-07-11T14:43:58.604,2021-06-12T16:17:31.694,"{'data_version': '1.1.0', 'shot_fidelity_version': '2', 'xy_fidelity_version': '2'}",32,"{'id': 1, 'name': 'Regular Season'}","{'id': 211, 'name': 'Villa Park', 'country': {'id': 68, 'name': 'England'}}","{'id': 7, 'name': 'Neil Swarbrick', 'country': {'id': 68, 'name': 'England'}}",Aston Villa,Chelsea,Away Win,4,0,3
3754080,2016-02-06,16:00:00.000,"{'competition_id': 2, 'country_name': 'England', 'competition_name': 'Premier League'}","{'season_id': 27, 'season_name': '2015/2016'}","{'home_team_id': 38, 'home_team_name': 'Tottenham Hotspur', 'home_team_gender': 'male', 'home_team_group': None, 'country': {'id': 68, 'name': 'England'}, 'managers': [{'id': 81, 'name': 'Mauricio Roberto Pochettino Trossero', 'nickname': 'Mauricio Pochettino', 'dob': '1972-03-02', 'country': {'id': 11, 'name': 'Argentina'}}]}","{'away_team_id': 23, 'away_team_name': 'Watford', 'away_team_gender': 'male', 'away_team_group': None, 'country': {'id': 68, 'name': 'England'}, 'managers': [{'id': 236, 'name': 'Enrique Sánchez Flores', 'nickname': 'Quique Sánchez Flores', 'dob': '1965-02-05', 'country': {'id': 214, 'name': 'Spain'}}]}",1,0,available,processing,2021-06-29T19:19:44.341,2021-06-12T16:17:31.694,"{'data_version': '1.1.0', 'shot_fidelity_version': '2', 'xy_fidelity_version': '2'}",25,"{'id': 1, 'name': 'Regular Season'}","{'id': 99148, 'name': 'White Hart Lane', 'country': {'id': 68, 'name': 'England'}}","{'id': 13, 'name': 'Roger East', 'country': {'id': 68, 'name': 'England'}}",Tottenham Hotspur,Watford,Home Win,1,3,0
3754081,2016-03-06,17:00:00.000,"{'competition_id': 2, 'country_name': 'England', 'competition_name': 'Premier League'}","{'season_id': 27, 'season_name': '2015/2016'}","{'home_team_id': 27, 'home_team_name': 'West Bromwich Albion', 'home_team_gender': 'male', 'home_team_group': None, 'country': {'id': 68, 'name': 'England'}, 'managers': [{'id': 300, 'name': 'Tony Pulis', 'nickname': None, 'dob': '1958-01-16', 'country': {'id': 249, 'name': 'Wales'}}]}","{'away_team_id': 39, 'away_team_name': 'Manchester United', 'away_team_gender': 'male', 'away_team_group': None, 'country': {'id': 68, 'name': 'England'}, 'managers': [{'id': 788, 'name': 'Louis van Gaal', 'nickname': None, 'dob': '1951-08-08', 'country': {'id': 160, 'name': 'Netherlands'}}]}",1,0,available,processing,2021-07-02T17:22:56.574,2021-06-12T16:17:31.694,"{'data_version': '1.1.0', 'shot_fidelity_version': '2', 'xy_fidelity_version': '2'}",29,"{'id': 1, 'name': 'Regular Season'}","{'id': 33, 'name': 'The Hawthorns', 'country': {'id': 68, 'name': 'England'}}","{'id': 6, 'name': 'Mike Dean', 'country': {'id': 68, 'name': 'England'}}",West Bromwich Albion,Manchester United,Home Win,1,3,0
3754084,2016-01-23,16:00:00.000,"{'competition_id': 2, 'country_name': 'England', 'competition_name': 'Premier League'}","{'season_id': 27, 'season_name': '2015/2016'}","{'home_team_id': 27, 'home_team_name': 'West Bromwich Albion', 'home_team_gender': 'male', 'home_team_group': None, 'country': {'id': 68, 'name': 'England'}, 'managers': [{'id': 300, 'name': 'Tony Pulis', 'nickname': None, 'dob': '1958-01-16', 'country': {'id': 249, 'name': 'Wales'}}]}","{'away_team_id': 59, 'away_team_name': 'Aston Villa', 'away_team_gender': 'male', 'away_team_group': None, 'country': {'id': 68, 'name': 'England'}, 'managers': [{'id': 92, 'name': 'Rémi Garde', 'nickname': None, 'dob': '1966-04-03', 'country': {'id': 78, 'name': 'France'}}]}",0,0,available,processing,2022-12-01T13:55:08.753708,2021-06-12T16:17:31.694,"{'data_version': '1.1.0', 'shot_fidelity_version': '2', 'xy_fidelity_version': '2'}",23,"{'id': 1, 'name': 'Regular Season'}","{'id': 33, 'name': 'The Hawthorns', 'country': {'id': 68, 'name': 'England'}}","{'id': 9, 'name': 'Robert Madley', 'country': {'id': 68, 'name': 'England'}}",West Bromwich Albion,Aston Villa,Draw,0,1,1
3754086,2016-04-20,20:45:00.000,"{'competition_id': 2, 'country_name': 'England', 'competition_name': 'Premier League'}","{'season_id': 27, 'season_name': '2015/2016'}","{'home_team_id': 40, 'home_team_name': 'West Ham United', 'home_team_gender': 'male', 'home_team_group': None, 'country': {'id': 68, 'name': 'England'}, 'managers': [{'id': 150, 'name': 'Slaven Bilić', 'nickname': None, 'dob': '1968-09-11', 'country': {'id': 56, 'name': 'Croatia'}}]}","{'away_team_id': 23, 'away_team_name': 'Watford', 'away_team_gender': 'male', 'away_team_group': None, 'country': {'id': 68, 'name': 'England'}, 'managers': [{'id': 236, 'name': 'Enrique Sánchez Flores', 'nickname': 'Quique Sánchez Flores', 'dob': '1965-02-05', 'country': {'id': 214, 'name': 'Spain'}}]}",3,1,available,processing,2021-07-06T18:06:29.513,2021-06-12T16:17:31.694,"{'data_version': '1.1.0', 'shot_fidelity_version': '2', 'xy_fidelity_version': '2'}",30,"{'id': 1, 'name': 'Regular Season'}","{'id': 115324, 'name': 'Boleyn Ground', 'country': {'id': 68, 'name': 'England'}}","{'id': 6, 'name': 'Mike Dean', 'country': {'id': 68, 'name': 'England'}}",West Ham United,Watford,Home Win,2,3,0
3754087,2016-04-02,18:30:00.000,"{'competition_id': 2, 'country_name': 'England', 'competition_name': 'Premier League'}","{'season_id': 27, 'season_name': '2015/2016'}","{'home_team_id': 24, 'home_team_name': 'Liverpool', 'home_team_gender': 'male', 'home_team_group': None, 'country': {'id': 68, 'name': 'England'}, 'managers': [{'id': 94, 'name': 'Jürgen Klopp', 'nickname': None, 'dob': '1967-06-16', 'country': {'id': 85, 'name': 'Germany'}}]}","{'away_team_id': 38, 'away_team_name': 'Tottenham Hotspur', 'away_team_gender': 'male', 'away_team_group': None, 'country': {'id': 68, 'name': 'England'}, 'managers': [{'id': 81, 'name': 'Mauricio Roberto Pochettino Trossero', 'nickname': 'Mauricio Pochettino', 'dob': '1972-03-02', 'country': {'id': 11, 'name': 'Argentina'}}]}",1,1,available,processing,2022-12-01T14:20:26.635202,2021-06-12T16:17:31.694,"{'data_version': '1.1.0', 'shot_fidelity_version': '2', 'xy_fidelity_version': '2'}",32,"{'id': 1, 'name': 'Regular Season'}","{'id': 6, 'name': 'Anfield ', 'country': {'id': 68, 'name': 'England'}}","{'id': 3, 'name': 'Jonathan Moss', 'country': {'id': 68, 'name': 'England'}}",Liverpool,Tottenham Hotspur,Draw,0,1,1
3754088,2016-01-12,20:45:00.000,"{'competition_id': 2, 'country_name': 'England', 'competition_name': 'Premier League'}","{'season_id': 27, 'season_name': '2015/2016'}","{'home_team_id': 37, 'home_team_name': 'Newcastle United', 'home_team_gender': 'male', 'home_team_group': None, 'country': {'id': 68, 'name': 'England'}, 'managers': [{'id': 40, 'name': 'Steve McClaren', 'nickname': None, 'dob': '1961-05-03', 'country': {'id': 68, 'name': 'England'}}]}","{'away_team_id': 39, 'away_team_name': 'Manchester United', 'away_team_gender': 'male', 'away_team_group': None, 'country': {'id': 68, 'name': 'England'}, 'managers': [{'id': 788, 'name': 'Louis van Gaal', 'nickname': None, 'dob': '1951-08-08', 'country': {'id': 160, 'name': 'Netherlands'}}]}",3,3,available,processing,2021-10-30T00:06:51.530211,2021-06-12T16:17:31.694,"{'data_version': '1.1.0', 'shot_fidelity_version': '2', 'xy_fidelity_version': '2'}",21,"{'id': 1, 'name': 'Regular Season'}","{'id': 4674, 'name': ""St. James' Park"", 'country': {'id': 68, 'name': 'England'}}","{'id': 6, 'name': 'Mike Dean', 'country': {'id': 68, 'name': 'England'}}",Newcastle United,Manchester United,Draw,0,1,1
3754089,2016-02-02,21:00:00.000,"{'competition_id': 2, 'country_name': 'England', 'competition_name': 'Premier League'}","{'season_id': 27, 'season_name': '2015/2016'}","{'home_team_id': 31, 'home_team_name': 'Crystal Palace', 'home_team_gender': 'male', 'home_team_group': None, 'country': {'id': 68, 'name': 'England'}, 'managers': [{'id': 382, 'name': 'Alan Pardew', 'nickname': None, 'dob': '1961-07-18', 'country': {'id': 68, 'name': 'England'}}]}","{'away_team_id': 28, 'away_team_name': 'AFC Bournemouth', 'away_team_gender': 'male', 'away_team_group': None, 'country': {'id': 68, 'name': 'England'}, 'managers': [{'id': 38, 'name': 'Eddie Howe', 'nickname': None, 'dob': '1977-11-29', 'country': {'id': 68, 'name': 'England'}}]}",1,2,available,processing,2022-12-01T13:57:52.817967,2021-06-12T16:17:31.694,"{'data_version': '1.1.0', 'shot_fidelity_version': '2', 'xy_fidelity_version': '2'}",24,"{'id': 1, 'name': 'Regular Season'}","{'id': 37, 'name': 'Selhurst Park', 'country': {'id': 68, 'name': 'England'}}","{'id': 14, 'name': 'Mike Jones', 'country': {'id': 68, 'name': 'England'}}",Crystal Palace,AFC Bournemouth,Away Win,1,0,3
3754092,2016-05-02,21:00:00.000,"{'competition_id': 2, 'country_name': 'England', 'competition_name': 'Premier League'}","{'season_id': 27, 'season_name': '2015/2016'}","{'home_team_id': 33, 'home_team_name': 'Chelsea', 'home_team_gender': 'male', 'home_team_group': None, 'country': {'id': 68, 'name': 'England'}, 'managers': [{'id': 3608, 'name': 'Guus Hiddink', 'nickname': None, 'dob': '1946-11-08', 'country': {'id': 160, 'name': 'Netherlands'}}]}","{'away_team_id': 38, 'away_team_name': 'Tottenham Hotspur', 'away_team_gender': 'male', 'away_team_group': None, 'country': {'id': 68, 'name': 'England'}, 'managers': [{'id': 81, 'name': 'Mauricio Roberto Pochettino Trossero', 'nickname': 'Mauricio Pochettino', 'dob': '1972-03-02', 'country': {'id': 11, 'name': 'Argentina'}}]}",2,2,available,processing,2022-12-01T14:37:07.934951,2021-06-12T16:17:31.694,"{'data_version': '1.1.0', 'shot_fidelity_version': '2', 'xy_fidelity_version': '2'}",36,"{'id': 1, 'name': 'Regular Season'}","{'id': 10, 'name': 'Stamford Bridge', 'country': {'id': 68, 'name': 'England'}}","{'id': 728, 'name': 'Mark Clattenburg', 'country': {'id': 68, 'name': 'England'}}",Chelsea,Tottenham Hotspur,Draw,0,1,1
3754094,2016-02-02,21:00:00.000,"{'competition_id': 2, 'country_name': 'England', 'competition_name': 'Premier League'}","{'season_id': 27, 'season_name': '2015/2016'}","{'home_team_id': 39, 'home_team_name': 'Manchester United', 'home_team_gender': 'male', 'home_team_group': None, 'country': {'id': 68, 'name': 'England'}, 'managers': [{'id': 788, 'name': 'Louis van Gaal', 'nickname': None, 'dob': '1951-08-08', 'country': {'id': 160, 'name': 'Netherlands'}}]}","{'away_team_id': 30, 'away_team_name': 'Stoke City', 'away_team_gender': 'male', 'away_team_group': None, 'country': {'id': 68, 'name': 'England'}, 'managers': [{'id': 55, 'name': 'Mark Hughes', 'nickname': None, 'dob': '1963-11-01', 'country': {'id': 249, 'name': 'Wales'}}]}",3,0,available,processing,2021-07-05T22:51:25.988,2021-06-12T16:17:31.694,"{'data_version': '1.1.0', 'shot_fidelity_version': '2', 'xy_fidelity_version': '2'}",24,"{'id': 1, 'name': 'Regular Season'}","{'id': 2, 'name': 'Old Trafford', 'country': {'id': 68, 'name': 'England'}}","{'id': 13, 'name': 'Roger East', 'country': {'id': 68, 'name': 'England'}}",Manchester United,Stoke City,Home Win,3,3,0
3754095,2016-02-02,20:45:00.000,"{'competition_id': 2, 'country_name': 'England', 'competition_name': 'Premier League'}","{'season_id': 27, 'season_name': '2015/2016'}","{'home_team_id': 41, 'home_team_name': 'Sunderland', 'home_team_gender': 'male', 'home_team_group': None, 'country': {'id': 68, 'name': 'England'}, 'managers': [{'id': 561, 'name': 'Sam Allardyce', 'nickname': None, 'dob': '1954-10-19', 'country': {'id': 68, 'name': 'England'}}]}","{'away_team_id': 36, 'away_team_name': 'Manchester City', 'away_team_gender': 'male', 'away_team_group': None, 'country': {'id': 68, 'name': 'England'}, 'managers': [{'id': 733, 'name': 'Manuel Luis Pellegrini Ripamonti', 'nickname': 'Manuel Pellegrini', 'dob': '1953-09-16', 'country': {'id': 45, 'name': 'Chile'}}]}",0,1,available,processing,2021-06-28T18:36:31.942,2021-06-12T16:17:31.694,"{'data_version': '1.1.0', 'shot_fidelity_version': '2', 'xy_fidelity_version': '2'}",24,"{'id': 1, 'name': 'Regular Season'}","{'id': 210, 'name': 'Stadium of Light', 'country': {'id': 68, 'name': 'England'}}","{'id': 16, 'name': 'Stuart Attwell', 'country': {'id': 68, 'name': 'England'}}",Sunderland,Manchester City,Away Win,1,0,3
3754100,2016-03-20,14:30:00.000,"{'competition_id': 2, 'country_name': 'England', 'competition_name': 'Premier League'}","{'season_id': 27, 'season_name': '2015/2016'}","{'home_team_id': 37, 'home_team_name': 'Newcastle United', 'home_team_gender': 'male', 'home_team_group': None, 'country': {'id': 68, 'name': 'England'}, 'managers': [{'id': 148, 'name': 'Rafael Benítez Maudes', 'nickname': 'Rafael Benítez', 'dob': '1960-04-16', 'country': {'id': 214, 'name': 'Spain'}}]}","{'away_team_id': 41, 'away_team_name': 'Sunderland', 'away_team_gender': 'male', 'away_team_group': None, 'country': {'id': 68, 'name': 'England'}, 'managers': [{'id': 561, 'name': 'Sam Allardyce', 'nickname': None, 'dob': '1954-10-19', 'country': {'id': 68, 'name': 'England'}}]}",1,1,available,processing,2022-12-01T14:17:47.408729,2021-06-12T16:17:31.694,"{'data_version': '1.1.0', 'shot_fidelity_version': '2', 'xy_fidelity_version': '2'}",31,"{'id': 1, 'name': 'Regular Season'}","{'id': 4674, 'name': ""St. James' Park"", 'country': {'id': 68, 'name': 'England'}}","{'id': 4, 'name': 'Martin Atkinson', 'country': {'id': 68, 'name': 'England'}}",Newcastle United,Sunderland,Draw,0,1,1
3754101,2016-01-02,16:00:00.000,"{'competition_id': 2, 'country_name': 'England', 'competition_name': 'Premier League'}","{'season_id': 27, 'season_name': '2015/2016'}","{'home_team_id': 56, 'home_team_name': 'Norwich City', 'home_team_gender': 'male', 'home_team_group': None, 'country': {'id': 68, 'name': 'England'}, 'managers': [{'id': 41, 'name': 'Alex Neil', 'nickname': None, 'dob': '1981-06-09', 'country': {'id': 201, 'name': 'Scotland'}}]}","{'away_team_id': 25, 'away_team_name': 'Southampton', 'away_team_gender': 'male', 'away_team_group': None, 'country': {'id': 68, 'name': 'England'}, 'managers': [{'id': 676, 'name': 'Ronald Koeman', 'nickname': None, 'dob': '1963-03-21', 'country': {'id': 160, 'name': 'Netherlands'}}]}",1,0,available,processing,2021-06-28T15:13:14.580,2021-06-12T16:17:31.694,"{'data_version': '1.1.0', 'shot_fidelity_version': '2', 'xy_fidelity_version': '2'}",20,"{'id': 1, 'name': 'Regular Season'}","{'id': 220, 'name': 'Carrow Road', 'country': {'id': 68, 'name': 'England'}}","{'id': 728, 'name': 'Mark Clattenburg', 'country': {'id': 68, 'name': 'England'}}",Norwich City,Southampton,Home Win,1,3,0
3754103,2016-02-03,20:45:00.000,"{'competition_id': 2, 'country_name': 'England', 'competition_name': 'Premier League'}","{'season_id': 27, 'season_name': '2015/2016'}","{'home_team_id': 23, 'home_team_name': 'Watford', 'home_team_gender': 'male', 'home_team_group': None, 'country': {'id': 68, 'name': 'England'}, 'managers': [{'id': 236, 'name': 'Enrique Sánchez Flores', 'nickname': 'Quique Sánchez Flores', 'dob': '1965-02-05', 'country': {'id': 214, 'name': 'Spain'}}]}","{'away_team_id': 33, 'away_team_name': 'Chelsea', 'away_team_gender': 'male', 'away_team_group': None, 'country': {'id': 68, 'name': 'England'}, 'managers': [{'id': 3608, 'name': 'Guus Hiddink', 'nickname': None, 'dob': '1946-11-08', 'country': {'id': 160, 'name': 'Netherlands'}}]}",0,0,available,processing,2021-07-31T22:19:37.639,2021-06-12T16:17:31.694,"{'data_version': '1.1.0', 'shot_fidelity_version': '2', 'xy_fidelity_version': '2'}",24,"{'id': 1, 'name': 'Regular Season'}","{'id': 4589, 'name': 'Vicarage Road', 'country': {'id': 68, 'name': 'England'}}","{'id': 6, 'name': 'Mike Dean', 'country': {'id': 68, 'name': 'England'}}",Watford,Chelsea,Draw,0,1,1
3754108,2016-05-07,16:00:00.000,"{'competition_id': 2, 'country_name': 'England', 'competition_name': 'Premier League'}","{'season_id': 27, 'season_name': '2015/2016'}","{'home_team_id': 41, 'home_team_name': 'Sunderland', 'home_team_gender': 'male', 'home_team_group': None, 'country': {'id': 68, 'name': 'England'}, 'managers': [{'id': 561, 'name': 'Sam Allardyce', 'nickname': None, 'dob': '1954-10-19', 'country': {'id': 68, 'name': 'England'}}]}","{'away_team_id': 33, 'away_team_name': 'Chelsea', 'away_team_gender': 'male', 'away_team_group': None, 'country': {'id': 68, 'name': 'England'}, 'managers': [{'id': 3608, 'name': 'Guus Hiddink', 'nickname': None, 'dob': '1946-11-08', 'country': {'id': 160, 'name': 'Netherlands'}}]}",3,2,available,processing,2021-11-04T19:18:49.728465,2021-06-12T16:17:31.694,"{'data_version': '1.1.0', 'shot_fidelity_version': '2', 'xy_fidelity_version': '2'}",37,"{'id': 1, 'name': 'Regular Season'}","{'id': 210, 'name': 'Stadium of Light', 'country': {'id': 68, 'name': 'England'}}","{'id': 14, 'name': 'Mike Jones', 'country': {'id': 68, 'name': 'England'}}",Sunderland,Chelsea,Home Win,1,3,0
3754110,2016-01-23,18:30:00.000,"{'competition_id': 2, 'country_name': 'England', 'competition_name': 'Premier League'}","{'season_id': 27, 'season_name': '2015/2016'}","{'home_team_id': 40, 'home_team_name': 'West Ham United', 'home_team_gender': 'male', 'home_team_group': None, 'country': {'id': 68, 'name': 'England'}, 'managers': [{'id': 150, 'name': 'Slaven Bilić', 'nickname': None, 'dob': '1968-09-11', 'country': {'id': 56, 'name': 'Croatia'}}]}","{'away_team_id': 36, 'away_team_name': 'Manchester City', 'away_team_gender': 'male', 'away_team_group': None, 'country': {'id': 68, 'name': 'England'}, 'managers': [{'id': 733, 'name': 'Manuel Luis Pellegrini Ripamonti', 'nickname': 'Manuel Pellegrini', 'dob': '1953-09-16', 'country': {'id': 45, 'name': 'Chile'}}]}",2,2,available,processing,2021-07-04T22:57:07.077,2021-06-12T16:17:31.694,"{'data_version': '1.1.0', 'shot_fidelity_version': '2', 'xy_fidelity_version': '2'}",23,"{'id': 1, 'name': 'Regular Season'}","{'id': 115324, 'name': 'Boleyn Ground', 'country': {'id': 68, 'name': 'England'}}","{'id': 2, 'name': 'Craig Pawson', 'country': {'id': 68, 'name': 'England'}}",West Ham United,Manchester City,Draw,0,1,1
3754111,2016-01-24,17:00:00.000,"{'competition_id': 2, 'country_name': 'England', 'competition_name': 'Premier League'}","{'season_id': 27, 'season_name': '2015/2016'}","{'home_team_id': 1, 'home_team_name': 'Arsenal', 'home_team_gender': 'male', 'home_team_group': None, 'country': {'id': 68, 'name': 'England'}, 'managers': [{'id': 577, 'name': 'Arsène Wenger', 'nickname': None, 'dob': '1949-10-22', 'country': {'id': 78, 'name': 'France'}}]}","{'away_team_id': 33, 'away_team_name': 'Chelsea', 'away_team_gender': 'male', 'away_team_group': None, 'country': {'id': 68, 'name': 'England'}, 'managers': [{'id': 3608, 'name': 'Guus Hiddink', 'nickname': None, 'dob': '1946-11-08', 'country': {'id': 160, 'name': 'Netherlands'}}]}",0,1,available,processing,2022-12-01T13:56:00.180298,2021-06-12T16:17:31.694,"{'data_version': '1.1.0', 'shot_fidelity_version': '2', 'xy_fidelity_version': '2'}",23,"{'id': 1, 'name': 'Regular Season'}","{'id': 3, 'name': 'Emirates Stadium', 'country': {'id': 68, 'name': 'England'}}","{'id': 728, 'name': 'Mark Clattenburg', 'country': {'id': 68, 'name': 'England'}}",Arsenal,Chelsea,Away Win,1,0,3
3754114,2016-01-03,14:30:00.000,"{'competition_id': 2, 'country_name': 'England', 'competition_name': 'Premier League'}","{'season_id': 27, 'season_name': '2015/2016'}","{'home_team_id': 31, 'home_team_name': 'Crystal Palace', 'home_team_gender': 'male', 'home_team_group': None, 'country': {'id': 68, 'name': 'England'}, 'managers': [{'id': 382, 'name': 'Alan Pardew', 'nickname': None, 'dob': '1961-07-18', 'country': {'id': 68, 'name': 'England'}}]}","{'away_team_id': 33, 'away_team_name': 'Chelsea', 'away_team_gender': 'male', 'away_team_group': None, 'country': {'id': 68, 'name': 'England'}, 'managers': [{'id': 3608, 'name': 'Guus Hiddink', 'nickname': None, 'dob': '1946-11-08', 'country': {'id': 160, 'name': 'Netherlands'}}]}",0,3,available,processing,2021-10-29T23:59:12.261999,2021-06-12T16:17:31.694,"{'data_version': '1.1.0', 'shot_fidelity_version': '2', 'xy_fidelity_version': '2'}",20,"{'id': 1, 'name': 'Regular Season'}","{'id': 37, 'name': 'Selhurst Park', 'country': {'id': 68, 'name': 'England'}}","{'id': 12, 'name': 'Kevin Friend', 'country': {'id': 68, 'name': 'England'}}",Crystal Palace,Chelsea,Away Win,3,0,3
3754116,2016-04-09,16:00:00.000,"{'competition_id': 2, 'country_name': 'England', 'competition_name': 'Premier League'}","{'season_id': 27, 'season_name': '2015/2016'}","{'home_team_id': 26, 'home_team_name': 'Swansea City', 'home_team_gender': 'male', 'home_team_group': None, 'country': {'id': 249, 'name': 'Wales'}, 'managers': [{'id': 3626, 'name': 'Francesco Guidolin', 'nickname': None, 'dob': '1955-10-03', 'country': {'id': 112, 'name': 'Italy'}}]}","{'away_team_id': 33, 'away_team_name': 'Chelsea', 'away_team_gender': 'male', 'away_team_group': None, 'country': {'id': 68, 'name': 'England'}, 'managers': [{'id': 3608, 'name': 'Guus Hiddink', 'nickname': None, 'dob': '1946-11-08', 'country': {'id': 160, 'name': 'Netherlands'}}]}",1,0,available,processing,2022-12-01T14:24:42.060729,2021-06-12T16:17:31.694,"{'data_version': '1.1.0', 'shot_fidelity_version': '2', 'xy_fidelity_version': '2'}",33,"{'id': 1, 'name': 'Regular Season'}","{'id': 45, 'name': 'Swansea.com Stadium', 'country': {'id': 249, 'name': 'Wales'}}","{'id': 5, 'name': 'Andre Marriner', 'country': {'id': 68, 'name': 'England'}}",Swansea City,Chelsea,Home Win,1,3,0
3754118,2016-04-02,16:00:00.000,"{'competition_id': 2, 'country_name': 'England', 'competition_name': 'Premier League'}","{'season_id': 27, 'season_name': '2015/2016'}","{'home_team_id': 1, 'home_team_name': 'Arsenal', 'home_team_gender': 'male', 'home_team_group': None, 'country': {'id': 68, 'name': 'England'}, 'managers': [{'id': 577, 'name': 'Arsène Wenger', 'nickname': None, 'dob': '1949-10-22', 'country': {'id': 78, 'name': 'France'}}]}","{'away_team_id': 23, 'away_team_name': 'Watford', 'away_team_gender': 'male', 'away_team_group': None, 'country': {'id': 68, 'name': 'England'}, 'managers': [{'id': 236, 'name': 'Enrique Sánchez Flores', 'nickname': 'Quique Sánchez Flores', 'dob': '1965-02-05', 'country': {'id': 214, 'name': 'Spain'}}]}",4,0,available,processing,2021-11-04T18:50:55.325548,2021-06-12T16:17:31.694,"{'data_version': '1.1.0', 'shot_fidelity_version': '2', 'xy_fidelity_version': '2'}",32,"{'id': 1, 'name': 'Regular Season'}","{'id': 3, 'name': 'Emirates Stadium', 'country': {'id': 68, 'name': 'England'}}","{'id': 8, 'name': 'Anthony Taylor', 'country': {'id': 68, 'name': 'England'}}",Arsenal,Watford,Home Win,4,3,0
3754120,2016-02-06,18:30:00.000,"{'competition_id': 2, 'country_name': 'England', 'competition_name': 'Premier League'}","{'season_id': 27, 'season_name': '2015/2016'}","{'home_team_id': 25, 'home_team_name': 'Southampton', 'home_team_gender': 'male', 'home_team_group': None, 'country': {'id': 68, 'name': 'England'}, 'managers': [{'id': 676, 'name': 'Ronald Koeman', 'nickname': None, 'dob': '1963-03-21', 'country': {'id': 160, 'name': 'Netherlands'}}]}","{'away_team_id': 40, 'away_team_name': 'West Ham United', 'away_team_gender': 'male', 'away_team_group': None, 'country': {'id': 68, 'name': 'England'}, 'managers': [{'id': 150, 'name': 'Slaven Bilić', 'nickname': None, 'dob': '1968-09-11', 'country': {'id': 56, 'name': 'Croatia'}}]}",1,0,available,processing,2022-12-01T14:00:36.035278,2021-06-12T16:17:31.694,"{'data_version': '1.1.0', 'shot_fidelity_version': '2', 'xy_fidelity_version': '2'}",25,"{'id': 1, 'name': 'Regular Season'}","{'id': 4591, 'name': ""St. Mary's Stadium"", 'country': {'id': 68, 'name': 'England'}}","{'id': 728, 'name': 'Mark Clattenburg', 'country': {'id': 68, 'name': 'England'}}",Southampton,West Ham United,Home Win,1,3,0
3754121,2016-02-27,16:00:00.000,"{'competition_id': 2, 'country_name': 'England', 'competition_name': 'Premier League'}","{'season_id': 27, 'season_name': '2015/2016'}","{'home_team_id': 23, 'home_team_name': 'Watford', 'home_team_gender': 'male', 'home_team_group': None, 'country': {'id': 68, 'name': 'England'}, 'managers': [{'id': 236, 'name': 'Enrique Sánchez Flores', 'nickname': 'Quique Sánchez Flores', 'dob': '1965-02-05', 'country': {'id': 214, 'name': 'Spain'}}]}","{'away_team_id': 28, 'away_team_name': 'AFC Bournemouth', 'away_team_gender': 'male', 'away_team_group': None, 'country': {'id': 68, 'name': 'England'}, 'managers': [{'id': 38, 'name': 'Eddie Howe', 'nickname': None, 'dob': '1977-11-29', 'country': {'id': 68, 'name': 'England'}}]}",0,0,available,processing,2022-12-01T14:05:17.161396,2021-06-12T16:17:31.694,"{'data_version': '1.1.0', 'shot_fidelity_version': '2', 'xy_fidelity_version': '2'}",27,"{'id': 1, 'name': 'Regular Season'}","{'id': 4589, 'name': 'Vicarage Road', 'country': {'id': 68, 'name': 'England'}}","{'id': 8, 'name': 'Anthony Taylor', 'country': {'id': 68, 'name': 'England'}}",Watford,AFC Bournemouth,Draw,0,1,1
3754122,2016-01-02,16:00:00.000,"{'competition_id': 2, 'country_name': 'England', 'competition_name': 'Premier League'}","{'season_id': 27, 'season_name': '2015/2016'}","{'home_team_id': 27, 'home_team_name': 'West Bromwich Albion', 'home_team_gender': 'male', 'home_team_group': None, 'country': {'id': 68, 'name': 'England'}, 'managers': [{'id': 300, 'name': 'Tony Pulis', 'nickname': None, 'dob': '1958-01-16', 'country': {'id': 249, 'name': 'Wales'}}]}","{'away_team_id': 30, 'away_team_name': 'Stoke City', 'away_team_gender': 'male', 'away_team_group': None, 'country': {'id': 68, 'name': 'England'}, 'managers': [{'id': 55, 'name': 'Mark Hughes', 'nickname': None, 'dob': '1963-11-01', 'country': {'id': 249, 'name': 'Wales'}}]}",2,1,available,processing,2021-07-01T23:02:33.656,2021-06-12T16:17:31.694,"{'data_version': '1.1.0', 'shot_fidelity_version': '2', 'xy_fidelity_version': '2'}",20,"{'id': 1, 'name': 'Regular Season'}","{'id': 33, 'name': 'The Hawthorns', 'country': {'id': 68, 'name': 'England'}}","{'id': 10, 'name': 'Lee Mason', 'country': {'id': 68, 'name': 'England'}}",West Bromwich Albion,Stoke City,Home Win,1,3,0
3754123,2016-05-15,16:00:00.000,"{'competition_id': 2, 'country_name': 'England', 'competition_name': 'Premier League'}","{'season_id': 27, 'season_name': '2015/2016'}","{'home_team_id': 29, 'home_team_name': 'Everton', 'home_team_gender': 'male', 'home_team_group': None, 'country': {'id': 68, 'name': 'England'}, 'managers': [{'id': 689, 'name': 'David Unsworth', 'nickname': None, 'dob': '1973-10-16', 'country': {'id': 68, 'name': 'England'}}]}","{'away_team_id': 56, 'away_team_name': 'Norwich City', 'away_team_gender': 'male', 'away_team_group': None, 'country': {'id': 68, 'name': 'England'}, 'managers': [{'id': 41, 'name': 'Alex Neil', 'nickname': None, 'dob': '1981-06-09', 'country': {'id': 201, 'name': 'Scotland'}}]}",3,0,available,processing,2021-07-17T16:46:55.761,2021-06-12T16:17:31.694,"{'data_version': '1.1.0', 'shot_fidelity_version': '2', 'xy_fidelity_version': '2'}",38,"{'id': 1, 'name': 'Regular Season'}","{'id': 12, 'name': 'Goodison Park', 'country': {'id': 68, 'name': 'England'}}","{'id': 10, 'name': 'Lee Mason', 'country': {'id': 68, 'name': 'England'}}",Everton,Norwich City,Home Win,3,3,0
3754124,2016-03-20,17:00:00.000,"{'competition_id': 2, 'country_name': 'England', 'competition_name': 'Premier League'}","{'season_id': 27, 'season_name': '2015/2016'}","{'home_team_id': 36, 'home_team_name': 'Manchester City', 'home_team_gender': 'male', 'home_team_group': None, 'country': {'id': 68, 'name': 'England'}, 'managers': [{'id': 733, 'name': 'Manuel Luis Pellegrini Ripamonti', 'nickname': 'Manuel Pellegrini', 'dob': '1953-09-16', 'country': {'id': 45, 'name': 'Chile'}}]}","{'away_team_id': 39, 'away_team_name': 'Manchester United', 'away_team_gender': 'male', 'away_team_group': None, 'country': {'id': 68, 'name': 'England'}, 'managers': [{'id': 788, 'name': 'Louis van Gaal', 'nickname': None, 'dob': '1951-08-08', 'country': {'id': 160, 'name': 'Netherlands'}}]}",0,1,available,processing,2022-12-01T14:18:44.139036,2021-06-12T16:17:31.694,"{'data_version': '1.1.0', 'shot_fidelity_version': '2', 'xy_fidelity_version': '2'}",31,"{'id': 1, 'name': 'Regular Season'}","{'id': 4715, 'name': 'Etihad Stadium', 'country': {'id': 68, 'name': 'England'}}","{'id': 1, 'name': 'Michael Oliver', 'country': {'id': 68, 'name': 'England'}}",Manchester City,Manchester United,Away Win,1,0,3
3754125,2016-01-16,16:00:00.000,"{'competition_id': 2, 'country_name': 'England', 'competition_name': 'Premier League'}","{'season_id': 27, 'season_name': '2015/2016'}","{'home_team_id': 33, 'home_team_name': 'Chelsea', 'home_team_gender': 'male', 'home_team_group': None, 'country': {'id': 68, 'name': 'England'}, 'managers': [{'id': 3608, 'name': 'Guus Hiddink', 'nickname': None, 'dob': '1946-11-08', 'country': {'id': 160, 'name': 'Netherlands'}}]}","{'away_team_id': 29, 'away_team_name': 'Everton', 'away_team_gender': 'male', 'away_team_group': None, 'country': {'id': 68, 'name': 'England'}, 'managers': [{'id': 263, 'name': 'Roberto Martínez Montoliú', 'nickname': 'Roberto Martínez', 'dob': '1973-07-13', 'country': {'id': 214, 'name': 'Spain'}}]}",3,3,available,processing,2022-01-25T22:40:54.343920,2021-06-12T16:17:31.694,"{'data_version': '1.1.0', 'shot_fidelity_version': '2', 'xy_fidelity_version': '2'}",22,"{'id': 1, 'name': 'Regular Season'}","{'id': 10, 'name': 'Stamford Bridge', 'country': {'id': 68, 'name': 'England'}}","{'id': 14, 'name': 'Mike Jones', 'country': {'id': 68, 'name': 'England'}}",Chelsea,Everton,Draw,0,1,1
3754127,2016-02-06,16:00:00.000,"{'competition_id': 2, 'country_name': 'England', 'competition_name': 'Premier League'}","{'season_id': 27, 'season_name': '2015/2016'}","{'home_team_id': 30, 'home_team_name': 'Stoke City', 'home_team_gender': 'male', 'home_team_group': None, 'country': {'id': 68, 'name': 'England'}, 'managers': [{'id': 55, 'name': 'Mark Hughes', 'nickname': None, 'dob': '1963-11-01', 'country': {'id': 249, 'name': 'Wales'}}]}","{'away_team_id': 29, 'away_team_name': 'Everton', 'away_team_gender': 'male', 'away_team_group': None, 'country': {'id': 68, 'name': 'England'}, 'managers': [{'id': 263, 'name': 'Roberto Martínez Montoliú', 'nickname': 'Roberto Martínez', 'dob': '1973-07-13', 'country': {'id': 214, 'name': 'Spain'}}]}",0,3,available,processing,2021-10-30T01:19:43.981841,2021-06-12T16:17:31.694,"{'data_version': '1.1.0', 'shot_fidelity_version': '2', 'xy_fidelity_version': '2'}",25,"{'id': 1, 'name': 'Regular Season'}","{'id': 29, 'name': 'bet365 Stadium', 'country': {'id': 68, 'name': 'England'}}","{'id': 5, 'name': 'Andre Marriner', 'country': {'id': 68, 'name': 'England'}}",Stoke City,Everton,Away Win,3,0,3
3754132,2016-04-30,16:00:00.000,"{'competition_id': 2, 'country_name': 'England', 'competition_name': 'Premier League'}","{'season_id': 27, 'season_name': '2015/2016'}","{'home_team_id': 30, 'home_team_name': 'Stoke City', 'home_team_gender': 'male', 'home_team_group': None, 'country': {'id': 68, 'name': 'England'}, 'managers': [{'id': 55, 'name': 'Mark Hughes', 'nickname': None, 'dob': '1963-11-01', 'country': {'id': 249, 'name': 'Wales'}}]}","{'away_team_id': 41, 'away_team_name': 'Sunderland', 'away_team_gender': 'male', 'away_team_group': None, 'country': {'id': 68, 'name': 'England'}, 'managers': [{'id': 561, 'name': 'Sam Allardyce', 'nickname': None, 'dob': '1954-10-19', 'country': {'id': 68, 'name': 'England'}}]}",1,1,available,processing,2021-07-06T18:13:15.148,2021-06-12T16:17:31.694,"{'data_version': '1.1.0', 'shot_fidelity_version': '2', 'xy_fidelity_version': '2'}",36,"{'id': 1, 'name': 'Regular Season'}","{'id': 29, 'name': 'bet365 Stadium', 'country': {'id': 68, 'name': 'England'}}","{'id': 2, 'name': 'Craig Pawson', 'country': {'id': 68, 'name': 'England'}}",Stoke City,Sunderland,Draw,0,1,1
3754134,2016-05-10,21:30:00.000,"{'competition_id': 2, 'country_name': 'England', 'competition_name': 'Premier League'}","{'season_id': 27, 'season_name': '2015/2016'}","{'home_team_id': 40, 'home_team_name': 'West Ham United', 'home_team_gender': 'male', 'home_team_group': None, 'country': {'id': 68, 'name': 'England'}, 'managers': [{'id': 150, 'name': 'Slaven Bilić', 'nickname': None, 'dob': '1968-09-11', 'country': {'id': 56, 'name': 'Croatia'}}]}","{'away_team_id': 39, 'away_team_name': 'Manchester United', 'away_team_gender': 'male', 'away_team_group': None, 'country': {'id': 68, 'name': 'England'}, 'managers': [{'id': 788, 'name': 'Louis van Gaal', 'nickname': None, 'dob': '1951-08-08', 'country': {'id': 160, 'name': 'Netherlands'}}]}",3,2,available,processing,2022-12-01T14:44:15.445809,2021-06-12T16:17:31.694,"{'data_version': '1.1.0', 'shot_fidelity_version': '2', 'xy_fidelity_version': '2'}",35,"{'id': 1, 'name': 'Regular Season'}","{'id': 115324, 'name': 'Boleyn Ground', 'country': {'id': 68, 'name': 'England'}}","{'id': 6, 'name': 'Mike Dean', 'country': {'id': 68, 'name': 'England'}}",West Ham United,Manchester United,Home Win,1,3,0
3754137,2016-04-16,16:00:00.000,"{'competition_id': 2, 'country_name': 'England', 'competition_name': 'Premier League'}","{'season_id': 27, 'season_name': '2015/2016'}","{'home_team_id': 29, 'home_team_name': 'Everton', 'home_team_gender': 'male', 'home_team_group': None, 'country': {'id': 68, 'name': 'England'}, 'managers': [{'id': 263, 'name': 'Roberto Martínez Montoliú', 'nickname': 'Roberto Martínez', 'dob': '1973-07-13', 'country': {'id': 214, 'name': 'Spain'}}]}","{'away_team_id': 25, 'away_team_name': 'Southampton', 'away_team_gender': 'male', 'away_team_group': None, 'country': {'id': 68, 'name': 'England'}, 'managers': [{'id': 676, 'name': 'Ronald Koeman', 'nickname': None, 'dob': '1963-03-21', 'country': {'id': 160, 'name': 'Netherlands'}}]}",1,1,available,processing,2022-12-01T14:28:56.951318,2021-06-12T16:17:31.694,"{'data_version': '1.1.0', 'shot_fidelity_version': '2', 'xy_fidelity_version': '2'}",34,"{'id': 1, 'name': 'Regular Season'}","{'id': 12, 'name': 'Goodison Park', 'country': {'id': 68, 'name': 'England'}}","{'id': 2, 'name': 'Craig Pawson', 'country': {'id': 68, 'name': 'England'}}",Everton,Southampton,Draw,0,1,1
3754139,2016-02-13,16:00:00.000,"{'competition_id': 2, 'country_name': 'England', 'competition_name': 'Premier League'}","{'season_id': 27, 'season_name': '2015/2016'}","{'home_team_id': 26, 'home_team_name': 'Swansea City', 'home_team_gender': 'male', 'home_team_group': None, 'country': {'id': 249, 'name': 'Wales'}, 'managers': [{'id': 3626, 'name': 'Francesco Guidolin', 'nickname': None, 'dob': '1955-10-03', 'country': {'id': 112, 'name': 'Italy'}}]}","{'away_team_id': 25, 'away_team_name': 'Southampton', 'away_team_gender': 'male', 'away_team_group': None, 'country': {'id': 68, 'name': 'England'}, 'managers': [{'id': 676, 'name': 'Ronald Koeman', 'nickname': None, 'dob': '1963-03-21', 'country': {'id': 160, 'name': 'Netherlands'}}]}",0,1,available,processing,2021-06-28T18:54:23.113,2021-06-12T16:17:31.694,"{'data_version': '1.1.0', 'shot_fidelity_version': '2', 'xy_fidelity_version': '2'}",26,"{'id': 1, 'name': 'Regular Season'}","{'id': 45, 'name': 'Swansea.com Stadium', 'country': {'id': 249, 'name': 'Wales'}}","{'id': 3, 'name': 'Jonathan Moss', 'country': {'id': 68, 'name': 'England'}}",Swansea City,Southampton,Away Win,1,0,3
3754140,2016-01-03,17:00:00.000,"{'competition_id': 2, 'country_name': 'England', 'competition_name': 'Premier League'}","{'season_id': 27, 'season_name': '2015/2016'}","{'home_team_id': 29, 'home_team_name': 'Everton', 'home_team_gender': 'male', 'home_team_group': None, 'country': {'id': 68, 'name': 'England'}, 'managers': [{'id': 263, 'name': 'Roberto Martínez Montoliú', 'nickname': 'Roberto Martínez', 'dob': '1973-07-13', 'country': {'id': 214, 'name': 'Spain'}}]}","{'away_team_id': 38, 'away_team_name': 'Tottenham Hotspur', 'away_team_gender': 'male', 'away_team_group': None, 'country': {'id': 68, 'name': 'England'}, 'managers': [{'id': 81, 'name': 'Mauricio Roberto Pochettino Trossero', 'nickname': 'Mauricio Pochettino', 'dob': '1972-03-02', 'country': {'id': 11, 'name': 'Argentina'}}]}",1,1,available,processing,2021-06-28T18:22:40.737,2021-06-12T16:17:31.694,"{'data_version': '1.1.0', 'shot_fidelity_version': '2', 'xy_fidelity_version': '2'}",20,"{'id': 1, 'name': 'Regular Season'}","{'id': 12, 'name': 'Goodison Park', 'country': {'id': 68, 'name': 'England'}}","{'id': 1, 'name': 'Michael Oliver', 'country': {'id': 68, 'name': 'England'}}",Everton,Tottenham Hotspur,Draw,0,1,1
3754142,2016-01-13,20:45:00.000,"{'competition_id': 2, 'country_name': 'England', 'competition_name': 'Premier League'}","{'season_id': 27, 'season_name': '2015/2016'}","{'home_team_id': 36, 'home_team_name': 'Manchester City', 'home_team_gender': 'male', 'home_team_group': None, 'country': {'id': 68, 'name': 'England'}, 'managers': [{'id': 733, 'name': 'Manuel Luis Pellegrini Ripamonti', 'nickname': 'Manuel Pellegrini', 'dob': '1953-09-16', 'country': {'id': 45, 'name': 'Chile'}}]}","{'away_team_id': 29, 'away_team_name': 'Everton', 'away_team_gender': 'male', 'away_team_group': None, 'country': {'id': 68, 'name': 'England'}, 'managers': [{'id': 263, 'name': 'Roberto Martínez Montoliú', 'nickname': 'Roberto Martínez', 'dob': '1973-07-13', 'country': {'id': 214, 'name': 'Spain'}}]}",0,0,available,processing,2021-06-28T18:27:47.760,2021-06-12T16:17:31.694,"{'data_version': '1.1.0', 'shot_fidelity_version': '2', 'xy_fidelity_version': '2'}",21,"{'id': 1, 'name': 'Regular Season'}","{'id': 4715, 'name': 'Etihad Stadium', 'country': {'id': 68, 'name': 'England'}}","{'id': 13, 'name': 'Roger East', 'country': {'id': 68, 'name': 'England'}}",Manchester City,Everton,Draw,0,1,1
3754144,2016-04-02,16:00:00.000,"{'competition_id': 2, 'country_name': 'England', 'competition_name': 'Premier League'}","{'season_id': 27, 'season_name': '2015/2016'}","{'home_team_id': 28, 'home_team_name': 'AFC Bournemouth', 'home_team_gender': 'male', 'home_team_group': None, 'country': {'id': 68, 'name': 'England'}, 'managers': [{'id': 38, 'name': 'Eddie Howe', 'nickname': None, 'dob': '1977-11-29', 'country': {'id': 68, 'name': 'England'}}]}","{'away_team_id': 36, 'away_team_name': 'Manchester City', 'away_team_gender': 'male', 'away_team_group': None, 'country': {'id': 68, 'name': 'England'}, 'managers': [{'id': 733, 'name': 'Manuel Luis Pellegrini Ripamonti', 'nickname': 'Manuel Pellegrini', 'dob': '1953-09-16', 'country': {'id': 45, 'name': 'Chile'}}]}",0,4,available,processing,2021-08-07T22:18:05.796,2021-06-12T16:17:31.694,"{'data_version': '1.1.0', 'shot_fidelity_version': '2', 'xy_fidelity_version': '2'}",32,"{'id': 1, 'name': 'Regular Season'}","{'id': 71, 'name': 'Vitality Stadium', 'country': {'id': 68, 'name': 'England'}}","{'id': 9, 'name': 'Robert Madley', 'country': {'id': 68, 'name': 'England'}}",AFC Bournemouth,Manchester City,Away Win,4,0,3
3754147,2016-02-14,17:15:00.000,"{'competition_id': 2, 'country_name': 'England', 'competition_name': 'Premier League'}","{'season_id': 27, 'season_name': '2015/2016'}","{'home_team_id': 36, 'home_team_name': 'Manchester City', 'home_team_gender': 'male', 'home_team_group': None, 'country': {'id': 68, 'name': 'England'}, 'managers': [{'id': 733, 'name': 'Manuel Luis Pellegrini Ripamonti', 'nickname': 'Manuel Pellegrini', 'dob': '1953-09-16', 'country': {'id': 45, 'name': 'Chile'}}]}","{'away_team_id': 38, 'away_team_name': 'Tottenham Hotspur', 'away_team_gender': 'male', 'away_team_group': None, 'country': {'id': 68, 'name': 'England'}, 'managers': [{'id': 81, 'name': 'Mauricio Roberto Pochettino Trossero', 'nickname': 'Mauricio Pochettino', 'dob': '1972-03-02', 'country': {'id': 11, 'name': 'Argentina'}}]}",1,2,available,processing,2022-12-01T14:03:30.297580,2021-06-12T16:17:31.694,"{'data_version': '1.1.0', 'shot_fidelity_version': '2', 'xy_fidelity_version': '2'}",26,"{'id': 1, 'name': 'Regular Season'}","{'id': 4715, 'name': 'Etihad Stadium', 'country': {'id': 68, 'name': 'England'}}","{'id': 728, 'name': 'Mark Clattenburg', 'country': {'id': 68, 'name': 'England'}}",Manchester City,Tottenham Hotspur,Away Win,1,0,3
3754149,2016-05-15,16:00:00.000,"{'competition_id': 2, 'country_name': 'England', 'competition_name': 'Premier League'}","{'season_id': 27, 'season_name': '2015/2016'}","{'home_team_id': 26, 'home_team_name': 'Swansea City', 'home_team_gender': 'male', 'home_team_group': None, 'country': {'id': 249, 'name': 'Wales'}, 'managers': [{'id': 3626, 'name': 'Francesco Guidolin', 'nickname': None, 'dob': '1955-10-03', 'country': {'id': 112, 'name': 'Italy'}}]}","{'away_team_id': 36, 'away_team_name': 'Manchester City', 'away_team_gender': 'male', 'away_team_group': None, 'country': {'id': 68, 'name': 'England'}, 'managers': [{'id': 733, 'name': 'Manuel Luis Pellegrini Ripamonti', 'nickname': 'Manuel Pellegrini', 'dob': '1953-09-16', 'country': {'id': 45, 'name': 'Chile'}}]}",1,1,available,processing,2021-07-07T20:54:20.840,2021-06-12T16:17:31.694,"{'data_version': '1.1.0', 'shot_fidelity_version': '2', 'xy_fidelity_version': '2'}",38,"{'id': 1, 'name': 'Regular Season'}","{'id': 45, 'name': 'Swansea.com Stadium', 'country': {'id': 249, 'name': 'Wales'}}","{'id': 6, 'name': 'Mike Dean', 'country': {'id': 68, 'name': 'England'}}",Swansea City,Manchester City,Draw,0,1,1
3754151,2016-03-05,16:00:00.000,"{'competition_id': 2, 'country_name': 'England', 'competition_name': 'Premier League'}","{'season_id': 27, 'season_name': '2015/2016'}","{'home_team_id': 26, 'home_team_name': 'Swansea City', 'home_team_gender': 'male', 'home_team_group': None, 'country': {'id': 249, 'name': 'Wales'}, 'managers': [{'id': 4711, 'name': 'Alan Curtis', 'nickname': None, 'dob': '1954-04-16', 'country': {'id': 249, 'name': 'Wales'}}, {'id': 3626, 'name': 'Francesco Guidolin', 'nickname': None, 'dob': '1955-10-03', 'country': {'id': 112, 'name': 'Italy'}}]}","{'away_team_id': 56, 'away_team_name': 'Norwich City', 'away_team_gender': 'male', 'away_team_group': None, 'country': {'id': 68, 'name': 'England'}, 'managers': [{'id': 41, 'name': 'Alex Neil', 'nickname': None, 'dob': '1981-06-09', 'country': {'id': 201, 'name': 'Scotland'}}]}",1,0,available,processing,2021-07-03T18:20:04.122,2021-06-12T16:17:31.694,"{'data_version': '1.1.0', 'shot_fidelity_version': '2', 'xy_fidelity_version': '2'}",29,"{'id': 1, 'name': 'Regular Season'}","{'id': 45, 'name': 'Swansea.com Stadium', 'country': {'id': 249, 'name': 'Wales'}}","{'id': 2, 'name': 'Craig Pawson', 'country': {'id': 68, 'name': 'England'}}",Swansea City,Norwich City,Home Win,1,3,0
3754152,2016-04-10,14:30:00.000,"{'competition_id': 2, 'country_name': 'England', 'competition_name': 'Premier League'}","{'season_id': 27, 'season_name': '2015/2016'}","{'home_team_id': 41, 'home_team_name': 'Sunderland', 'home_team_gender': 'male', 'home_team_group': None, 'country': {'id': 68, 'name': 'England'}, 'managers': [{'id': 561, 'name': 'Sam Allardyce', 'nickname': None, 'dob': '1954-10-19', 'country': {'id': 68, 'name': 'England'}}]}","{'away_team_id': 22, 'away_team_name': 'Leicester City', 'away_team_gender': 'male', 'away_team_group': None, 'country': {'id': 68, 'name': 'England'}, 'managers': [{'id': 60, 'name': 'Claudio Ranieri', 'nickname': None, 'dob': '1951-10-20', 'country': {'id': 112, 'name': 'Italy'}}]}",0,2,available,processing,2021-07-07T16:52:23.456,2021-06-12T16:17:31.694,"{'data_version': '1.1.0', 'shot_fidelity_version': '2', 'xy_fidelity_version': '2'}",33,"{'id': 1, 'name': 'Regular Season'}","{'id': 210, 'name': 'Stadium of Light', 'country': {'id': 68, 'name': 'England'}}","{'id': 8, 'name': 'Anthony Taylor', 'country': {'id': 68, 'name': 'England'}}",Sunderland,Leicester City,Away Win,2,0,3
3754154,2016-04-23,16:00:00.000,"{'competition_id': 2, 'country_name': 'England', 'competition_name': 'Premier League'}","{'season_id': 27, 'season_name': '2015/2016'}","{'home_team_id': 24, 'home_team_name': 'Liverpool', 'home_team_gender': 'male', 'home_team_group': None, 'country': {'id': 68, 'name': 'England'}, 'managers': [{'id': 94, 'name': 'Jürgen Klopp', 'nickname': None, 'dob': '1967-06-16', 'country': {'id': 85, 'name': 'Germany'}}]}","{'away_team_id': 37, 'away_team_name': 'Newcastle United', 'away_team_gender': 'male', 'away_team_group': None, 'country': {'id': 68, 'name': 'England'}, 'managers': [{'id': 148, 'name': 'Rafael Benítez Maudes', 'nickname': 'Rafael Benítez', 'dob': '1960-04-16', 'country': {'id': 214, 'name': 'Spain'}}]}",2,2,available,processing,2022-12-01T14:31:38.980516,2021-06-12T16:17:31.694,"{'data_version': '1.1.0', 'shot_fidelity_version': '2', 'xy_fidelity_version': '2'}",35,"{'id': 1, 'name': 'Regular Season'}","{'id': 6, 'name': 'Anfield ', 'country': {'id': 68, 'name': 'England'}}","{'id': 5, 'name': 'Andre Marriner', 'country': {'id': 68, 'name': 'England'}}",Liverpool,Newcastle United,Draw,0,1,1
3754155,2016-04-16,16:00:00.000,"{'competition_id': 2, 'country_name': 'England', 'competition_name': 'Premier League'}","{'season_id': 27, 'season_name': '2015/2016'}","{'home_team_id': 27, 'home_team_name': 'West Bromwich Albion', 'home_team_gender': 'male', 'home_team_group': None, 'country': {'id': 68, 'name': 'England'}, 'managers': [{'id': 300, 'name': 'Tony Pulis', 'nickname': None, 'dob': '1958-01-16', 'country': {'id': 249, 'name': 'Wales'}}]}","{'away_team_id': 23, 'away_team_name': 'Watford', 'away_team_gender': 'male', 'away_team_group': None, 'country': {'id': 68, 'name': 'England'}, 'managers': [{'id': 236, 'name': 'Enrique Sánchez Flores', 'nickname': 'Quique Sánchez Flores', 'dob': '1965-02-05', 'country': {'id': 214, 'name': 'Spain'}}]}",0,1,available,processing,2021-07-09T13:25:58.712,2021-06-12T16:17:31.694,"{'data_version': '1.1.0', 'shot_fidelity_version': '2', 'xy_fidelity_version': '2'}",34,"{'id': 1, 'name': 'Regular Season'}","{'id': 33, 'name': 'The Hawthorns', 'country': {'id': 68, 'name': 'England'}}","{'id': 1, 'name': 'Michael Oliver', 'country': {'id': 68, 'name': 'England'}}",West Bromwich Albion,Watford,Away Win,1,0,3
3754158,2016-05-07,16:00:00.000,"{'competition_id': 2, 'country_name': 'England', 'competition_name': 'Premier League'}","{'season_id': 27, 'season_name': '2015/2016'}","{'home_team_id': 40, 'home_team_name': 'West Ham United', 'home_team_gender': 'male', 'home_team_group': None, 'country': {'id': 68, 'name': 'England'}, 'managers': [{'id': 150, 'name': 'Slaven Bilić', 'nickname': None, 'dob': '1968-09-11', 'country': {'id': 56, 'name': 'Croatia'}}]}","{'away_team_id': 26, 'away_team_name': 'Swansea City', 'away_team_gender': 'male', 'away_team_group': None, 'country': {'id': 249, 'name': 'Wales'}, 'managers': [{'id': 3626, 'name': 'Francesco Guidolin', 'nickname': None, 'dob': '1955-10-03', 'country': {'id': 112, 'name': 'Italy'}}]}",1,4,available,processing,2022-12-01T14:41:02.956521,2021-06-12T16:17:31.694,"{'data_version': '1.1.0', 'shot_fidelity_version': '2', 'xy_fidelity_version': '2'}",37,"{'id': 1, 'name': 'Regular Season'}","{'id': 115324, 'name': 'Boleyn Ground', 'country': {'id': 68, 'name': 'England'}}","{'id': 1, 'name': 'Michael Oliver', 'country': {'id': 68, 'name': 'England'}}",West Ham United,Swansea City,Away Win,3,0,3
3754159,2016-05-17,21:00:00.000,"{'competition_id': 2, 'country_name': 'England', 'competition_name': 'Premier League'}","{'season_id': 27, 'season_name': '2015/2016'}","{'home_team_id': 39, 'home_team_name': 'Manchester United', 'home_team_gender': 'male', 'home_team_group': None, 'country': {'id': 68, 'name': 'England'}, 'managers': [{'id': 788, 'name': 'Louis van Gaal', 'nickname': None, 'dob': '1951-08-08', 'country': {'id': 160, 'name': 'Netherlands'}}]}","{'away_team_id': 28, 'away_team_name': 'AFC Bournemouth', 'away_team_gender': 'male', 'away_team_group': None, 'country': {'id': 68, 'name': 'England'}, 'managers': [{'id': 38, 'name': 'Eddie Howe', 'nickname': None, 'dob': '1977-11-29', 'country': {'id': 68, 'name': 'England'}}]}",3,1,available,processing,2021-07-09T13:36:42.171,2021-06-12T16:17:31.694,"{'data_version': '1.1.0', 'shot_fidelity_version': '2', 'xy_fidelity_version': '2'}",38,"{'id': 1, 'name': 'Regular Season'}","{'id': 2, 'name': 'Old Trafford', 'country': {'id': 68, 'name': 'England'}}","{'id': 3, 'name': 'Jonathan Moss', 'country': {'id': 68, 'name': 'England'}}",Manchester United,AFC Bournemouth,Home Win,2,3,0
3754161,2016-01-18,21:00:00.000,"{'competition_id': 2, 'country_name': 'England', 'competition_name': 'Premier League'}","{'season_id': 27, 'season_name': '2015/2016'}","{'home_team_id': 26, 'home_team_name': 'Swansea City', 'home_team_gender': 'male', 'home_team_group': None, 'country': {'id': 249, 'name': 'Wales'}, 'managers': [{'id': 4711, 'name': 'Alan Curtis', 'nickname': None, 'dob': '1954-04-16', 'country': {'id': 249, 'name': 'Wales'}}]}","{'away_team_id': 23, 'away_team_name': 'Watford', 'away_team_gender': 'male', 'away_team_group': None, 'country': {'id': 68, 'name': 'England'}, 'managers': [{'id': 236, 'name': 'Enrique Sánchez Flores', 'nickname': 'Quique Sánchez Flores', 'dob': '1965-02-05', 'country': {'id': 214, 'name': 'Spain'}}]}",1,0,available,processing,2021-07-05T22:39:42.057,2021-06-12T16:17:31.694,"{'data_version': '1.1.0', 'shot_fidelity_version': '2', 'xy_fidelity_version': '2'}",22,"{'id': 1, 'name': 'Regular Season'}","{'id': 45, 'name': 'Swansea.com Stadium', 'country': {'id': 249, 'name': 'Wales'}}","{'id': 1, 'name': 'Michael Oliver', 'country': {'id': 68, 'name': 'England'}}",Swansea City,Watford,Home Win,1,3,0
3754163,2016-01-24,14:30:00.000,"{'competition_id': 2, 'country_name': 'England', 'competition_name': 'Premier League'}","{'season_id': 27, 'season_name': '2015/2016'}","{'home_team_id': 29, 'home_team_name': 'Everton', 'home_team_gender': 'male', 'home_team_group': None, 'country': {'id': 68, 'name': 'England'}, 'managers': [{'id': 263, 'name': 'Roberto Martínez Montoliú', 'nickname': 'Roberto Martínez', 'dob': '1973-07-13', 'country': {'id': 214, 'name': 'Spain'}}]}","{'away_team_id': 26, 'away_team_name': 'Swansea City', 'away_team_gender': 'male', 'away_team_group': None, 'country': {'id': 249, 'name': 'Wales'}, 'managers': [{'id': 3626, 'name': 'Francesco Guidolin', 'nickname': None, 'dob': '1955-10-03', 'country': {'id': 112, 'name': 'Italy'}}]}",1,2,available,processing,2021-07-02T14:21:36.141,2021-06-12T16:17:31.694,"{'data_version': '1.1.0', 'shot_fidelity_version': '2', 'xy_fidelity_version': '2'}",23,"{'id': 1, 'name': 'Regular Season'}","{'id': 12, 'name': 'Goodison Park', 'country': {'id': 68, 'name': 'England'}}","{'id': 8, 'name': 'Anthony Taylor', 'country': {'id': 68, 'name': 'England'}}",Everton,Swansea City,Away Win,1,0,3
3754164,2016-03-05,16:00:00.000,"{'competition_id': 2, 'country_name': 'England', 'competition_name': 'Premier League'}","{'season_id': 27, 'season_name': '2015/2016'}","{'home_team_id': 25, 'home_team_name': 'Southampton', 'home_team_gender': 'male', 'home_team_group': None, 'country': {'id': 68, 'name': 'England'}, 'managers': [{'id': 676, 'name': 'Ronald Koeman', 'nickname': None, 'dob': '1963-03-21', 'country': {'id': 160, 'name': 'Netherlands'}}]}","{'away_team_id': 41, 'away_team_name': 'Sunderland', 'away_team_gender': 'male', 'away_team_group': None, 'country': {'id': 68, 'name': 'England'}, 'managers': [{'id': 561, 'name': 'Sam Allardyce', 'nickname': None, 'dob': '1954-10-19', 'country': {'id': 68, 'name': 'England'}}]}",1,1,available,processing,2022-12-01T14:12:25.415727,2021-06-12T16:17:31.694,"{'data_version': '1.1.0', 'shot_fidelity_version': '2', 'xy_fidelity_version': '2'}",29,"{'id': 1, 'name': 'Regular Season'}","{'id': 4591, 'name': ""St. Mary's Stadium"", 'country': {'id': 68, 'name': 'England'}}","{'id': 7, 'name': 'Neil Swarbrick', 'country': {'id': 68, 'name': 'England'}}",Southampton,Sunderland,Draw,0,1,1
3754165,2016-05-01,15:05:00.000,"{'competition_id': 2, 'country_name': 'England', 'competition_name': 'Premier League'}","{'season_id': 27, 'season_name': '2015/2016'}","{'home_team_id': 39, 'home_team_name': 'Manchester United', 'home_team_gender': 'male', 'home_team_group': None, 'country': {'id': 68, 'name': 'England'}, 'managers': [{'id': 788, 'name': 'Louis van Gaal', 'nickname': None, 'dob': '1951-08-08', 'country': {'id': 160, 'name': 'Netherlands'}}]}","{'away_team_id': 22, 'away_team_name': 'Leicester City', 'away_team_gender': 'male', 'away_team_group': None, 'country': {'id': 68, 'name': 'England'}, 'managers': [{'id': 60, 'name': 'Claudio Ranieri', 'nickname': None, 'dob': '1951-10-20', 'country': {'id': 112, 'name': 'Italy'}}]}",1,1,available,processing,2022-12-01T14:35:51.285503,2021-06-12T16:17:31.694,"{'data_version': '1.1.0', 'shot_fidelity_version': '2', 'xy_fidelity_version': '2'}",36,"{'id': 1, 'name': 'Regular Season'}","{'id': 2, 'name': 'Old Trafford', 'country': {'id': 68, 'name': 'England'}}","{'id': 1, 'name': 'Michael Oliver', 'country': {'id': 68, 'name': 'England'}}",Manchester United,Leicester City,Draw,0,1,1
3754168,2016-01-16,16:00:00.000,"{'competition_id': 2, 'country_name': 'England', 'competition_name': 'Premier League'}","{'season_id': 27, 'season_name': '2015/2016'}","{'home_team_id': 25, 'home_team_name': 'Southampton', 'home_team_gender': 'male', 'home_team_group': None, 'country': {'id': 68, 'name': 'England'}, 'managers': [{'id': 676, 'name': 'Ronald Koeman', 'nickname': None, 'dob': '1963-03-21', 'country': {'id': 160, 'name': 'Netherlands'}}]}","{'away_team_id': 27, 'away_team_name': 'West Bromwich Albion', 'away_team_gender': 'male', 'away_team_group': None, 'country': {'id': 68, 'name': 'England'}, 'managers': [{'id': 300, 'name': 'Tony Pulis', 'nickname': None, 'dob': '1958-01-16', 'country': {'id': 249, 'name': 'Wales'}}]}",3,0,available,processing,2021-08-09T22:43:01.292,2021-06-12T16:17:31.694,"{'data_version': '1.1.0', 'shot_fidelity_version': '2', 'xy_fidelity_version': '2'}",22,"{'id': 1, 'name': 'Regular Season'}","{'id': 4591, 'name': ""St. Mary's Stadium"", 'country': {'id': 68, 'name': 'England'}}","{'id': 4, 'name': 'Martin Atkinson', 'country': {'id': 68, 'name': 'England'}}",Southampton,West Bromwich Albion,Home Win,3,3,0
3754170,2016-04-30,16:00:00.000,"{'competition_id': 2, 'country_name': 'England', 'competition_name': 'Premier League'}","{'season_id': 27, 'season_name': '2015/2016'}","{'home_team_id': 37, 'home_team_name': 'Newcastle United', 'home_team_gender': 'male', 'home_team_group': None, 'country': {'id': 68, 'name': 'England'}, 'managers': [{'id': 148, 'name': 'Rafael Benítez Maudes', 'nickname': 'Rafael Benítez', 'dob': '1960-04-16', 'country': {'id': 214, 'name': 'Spain'}}]}","{'away_team_id': 31, 'away_team_name': 'Crystal Palace', 'away_team_gender': 'male', 'away_team_group': None, 'country': {'id': 68, 'name': 'England'}, 'managers': [{'id': 382, 'name': 'Alan Pardew', 'nickname': None, 'dob': '1961-07-18', 'country': {'id': 68, 'name': 'England'}}]}",1,0,available,processing,2022-12-01T14:34:39.959477,2021-06-12T16:17:31.694,"{'data_version': '1.1.0', 'shot_fidelity_version': '2', 'xy_fidelity_version': '2'}",36,"{'id': 1, 'name': 'Regular Season'}","{'id': 4674, 'name': ""St. James' Park"", 'country': {'id': 68, 'name': 'England'}}","{'id': 6, 'name': 'Mike Dean', 'country': {'id': 68, 'name': 'England'}}",Newcastle United,Crystal Palace,Home Win,1,3,0
3754172,2016-04-16,13:45:00.000,"{'competition_id': 2, 'country_name': 'England', 'competition_name': 'Premier League'}","{'season_id': 27, 'season_name': '2015/2016'}","{'home_team_id': 56, 'home_team_name': 'Norwich City', 'home_team_gender': 'male', 'home_team_group': None, 'country': {'id': 68, 'name': 'England'}, 'managers': [{'id': 41, 'name': 'Alex Neil', 'nickname': None, 'dob': '1981-06-09', 'country': {'id': 201, 'name': 'Scotland'}}]}","{'away_team_id': 41, 'away_team_name': 'Sunderland', 'away_team_gender': 'male', 'away_team_group': None, 'country': {'id': 68, 'name': 'England'}, 'managers': [{'id': 561, 'name': 'Sam Allardyce', 'nickname': None, 'dob': '1954-10-19', 'country': {'id': 68, 'name': 'England'}}]}",0,3,available,processing,2022-12-01T14:27:17.645361,2021-06-12T16:17:31.694,"{'data_version': '1.1.0', 'shot_fidelity_version': '2', 'xy_fidelity_version': '2'}",34,"{'id': 1, 'name': 'Regular Season'}","{'id': 220, 'name': 'Carrow Road', 'country': {'id': 68, 'name': 'England'}}","{'id': 5, 'name': 'Andre Marriner', 'country': {'id': 68, 'name': 'England'}}",Norwich City,Sunderland,Away Win,3,0,3
3754176,2016-04-02,16:00:00.000,"{'competition_id': 2, 'country_name': 'England', 'competition_name': 'Premier League'}","{'season_id': 27, 'season_name': '2015/2016'}","{'home_team_id': 40, 'home_team_name': 'West Ham United', 'home_team_gender': 'male', 'home_team_group': None, 'country': {'id': 68, 'name': 'England'}, 'managers': [{'id': 150, 'name': 'Slaven Bilić', 'nickname': None, 'dob': '1968-09-11', 'country': {'id': 56, 'name': 'Croatia'}}]}","{'away_team_id': 31, 'away_team_name': 'Crystal Palace', 'away_team_gender': 'male', 'away_team_group': None, 'country': {'id': 68, 'name': 'England'}, 'managers': [{'id': 382, 'name': 'Alan Pardew', 'nickname': None, 'dob': '1961-07-18', 'country': {'id': 68, 'name': 'England'}}]}",2,2,available,processing,2021-07-06T17:54:57.266,2021-06-12T16:17:31.694,"{'data_version': '1.1.0', 'shot_fidelity_version': '2', 'xy_fidelity_version': '2'}",32,"{'id': 1, 'name': 'Regular Season'}","{'id': 115324, 'name': 'Boleyn Ground', 'country': {'id': 68, 'name': 'England'}}","{'id': 728, 'name': 'Mark Clattenburg', 'country': {'id': 68, 'name': 'England'}}",West Ham United,Crystal Palace,Draw,0,1,1
3754177,2016-03-05,16:00:00.000,"{'competition_id': 2, 'country_name': 'England', 'competition_name': 'Premier League'}","{'season_id': 27, 'season_name': '2015/2016'}","{'home_team_id': 37, 'home_team_name': 'Newcastle United', 'home_team_gender': 'male', 'home_team_group': None, 'country': {'id': 68, 'name': 'England'}, 'managers': [{'id': 40, 'name': 'Steve McClaren', 'nickname': None, 'dob': '1961-05-03', 'country': {'id': 68, 'name': 'England'}}]}","{'away_team_id': 28, 'away_team_name': 'AFC Bournemouth', 'away_team_gender': 'male', 'away_team_group': None, 'country': {'id': 68, 'name': 'England'}, 'managers': [{'id': 38, 'name': 'Eddie Howe', 'nickname': None, 'dob': '1977-11-29', 'country': {'id': 68, 'name': 'England'}}]}",1,3,available,processing,2021-07-06T17:28:23.213,2021-06-12T16:17:31.694,"{'data_version': '1.1.0', 'shot_fidelity_version': '2', 'xy_fidelity_version': '2'}",29,"{'id': 1, 'name': 'Regular Season'}","{'id': 4674, 'name': ""St. James' Park"", 'country': {'id': 68, 'name': 'England'}}","{'id': 17, 'name': 'Paul Tierney', 'country': {'id': 68, 'name': 'England'}}",Newcastle United,AFC Bournemouth,Away Win,2,0,3
3754179,2016-01-23,16:00:00.000,"{'competition_id': 2, 'country_name': 'England', 'competition_name': 'Premier League'}","{'season_id': 27, 'season_name': '2015/2016'}","{'home_team_id': 31, 'home_team_name': 'Crystal Palace', 'home_team_gender': 'male', 'home_team_group': None, 'country': {'id': 68, 'name': 'England'}, 'managers': [{'id': 382, 'name': 'Alan Pardew', 'nickname': None, 'dob': '1961-07-18', 'country': {'id': 68, 'name': 'England'}}]}","{'away_team_id': 38, 'away_team_name': 'Tottenham Hotspur', 'away_team_gender': 'male', 'away_team_group': None, 'country': {'id': 68, 'name': 'England'}, 'managers': [{'id': 81, 'name': 'Mauricio Roberto Pochettino Trossero', 'nickname': 'Mauricio Pochettino', 'dob': '1972-03-02', 'country': {'id': 11, 'name': 'Argentina'}}]}",1,3,available,processing,2021-07-19T13:57:03.962,2021-06-12T16:17:31.694,"{'data_version': '1.1.0', 'shot_fidelity_version': '2', 'xy_fidelity_version': '2'}",23,"{'id': 1, 'name': 'Regular Season'}","{'id': 37, 'name': 'Selhurst Park', 'country': {'id': 68, 'name': 'England'}}","{'id': 4, 'name': 'Martin Atkinson', 'country': {'id': 68, 'name': 'England'}}",Crystal Palace,Tottenham Hotspur,Away Win,2,0,3
3754181,2016-03-19,16:00:00.000,"{'competition_id': 2, 'country_name': 'England', 'competition_name': 'Premier League'}","{'season_id': 27, 'season_name': '2015/2016'}","{'home_team_id': 31, 'home_team_name': 'Crystal Palace', 'home_team_gender': 'male', 'home_team_group': None, 'country': {'id': 68, 'name': 'England'}, 'managers': [{'id': 382, 'name': 'Alan Pardew', 'nickname': None, 'dob': '1961-07-18', 'country': {'id': 68, 'name': 'England'}}]}","{'away_team_id': 22, 'away_team_name': 'Leicester City', 'away_team_gender': 'male', 'away_team_group': None, 'country': {'id': 68, 'name': 'England'}, 'managers': [{'id': 60, 'name': 'Claudio Ranieri', 'nickname': None, 'dob': '1951-10-20', 'country': {'id': 112, 'name': 'Italy'}}]}",0,1,available,processing,2021-11-04T18:28:57.094753,2021-06-12T16:17:31.694,"{'data_version': '1.1.0', 'shot_fidelity_version': '2', 'xy_fidelity_version': '2'}",31,"{'id': 1, 'name': 'Regular Season'}","{'id': 37, 'name': 'Selhurst Park', 'country': {'id': 68, 'name': 'England'}}","{'id': 14, 'name': 'Mike Jones', 'country': {'id': 68, 'name': 'England'}}",Crystal Palace,Leicester City,Away Win,1,0,3
3754183,2016-01-13,20:45:00.000,"{'competition_id': 2, 'country_name': 'England', 'competition_name': 'Premier League'}","{'season_id': 27, 'season_name': '2015/2016'}","{'home_team_id': 25, 'home_team_name': 'Southampton', 'home_team_gender': 'male', 'home_team_group': None, 'country': {'id': 68, 'name': 'England'}, 'managers': [{'id': 676, 'name': 'Ronald Koeman', 'nickname': None, 'dob': '1963-03-21', 'country': {'id': 160, 'name': 'Netherlands'}}]}","{'away_team_id': 23, 'away_team_name': 'Watford', 'away_team_gender': 'male', 'away_team_group': None, 'country': {'id': 68, 'name': 'England'}, 'managers': [{'id': 236, 'name': 'Enrique Sánchez Flores', 'nickname': 'Quique Sánchez Flores', 'dob': '1965-02-05', 'country': {'id': 214, 'name': 'Spain'}}]}",2,0,available,processing,2021-10-30T00:20:51.500167,2021-06-12T16:17:31.694,"{'data_version': '1.1.0', 'shot_fidelity_version': '2', 'xy_fidelity_version': '2'}",21,"{'id': 1, 'name': 'Regular Season'}","{'id': 4591, 'name': ""St. Mary's Stadium"", 'country': {'id': 68, 'name': 'England'}}","{'id': 2, 'name': 'Craig Pawson', 'country': {'id': 68, 'name': 'England'}}",Southampton,Watford,Home Win,2,3,0
3754184,2016-04-30,18:30:00.000,"{'competition_id': 2, 'country_name': 'England', 'competition_name': 'Premier League'}","{'season_id': 27, 'season_name': '2015/2016'}","{'home_team_id': 1, 'home_team_name': 'Arsenal', 'home_team_gender': 'male', 'home_team_group': None, 'country': {'id': 68, 'name': 'England'}, 'managers': [{'id': 577, 'name': 'Arsène Wenger', 'nickname': None, 'dob': '1949-10-22', 'country': {'id': 78, 'name': 'France'}}]}","{'away_team_id': 56, 'away_team_name': 'Norwich City', 'away_team_gender': 'male', 'away_team_group': None, 'country': {'id': 68, 'name': 'England'}, 'managers': [{'id': 41, 'name': 'Alex Neil', 'nickname': None, 'dob': '1981-06-09', 'country': {'id': 201, 'name': 'Scotland'}}]}",1,0,available,processing,2021-07-07T17:52:58.742,2021-06-12T16:17:31.694,"{'data_version': '1.1.0', 'shot_fidelity_version': '2', 'xy_fidelity_version': '2'}",36,"{'id': 1, 'name': 'Regular Season'}","{'id': 3, 'name': 'Emirates Stadium', 'country': {'id': 68, 'name': 'England'}}","{'id': 14, 'name': 'Mike Jones', 'country': {'id': 68, 'name': 'England'}}",Arsenal,Norwich City,Home Win,1,3,0
3754187,2016-04-18,21:00:00.000,"{'competition_id': 2, 'country_name': 'England', 'competition_name': 'Premier League'}","{'season_id': 27, 'season_name': '2015/2016'}","{'home_team_id': 30, 'home_team_name': 'Stoke City', 'home_team_gender': 'male', 'home_team_group': None, 'country': {'id': 68, 'name': 'England'}, 'managers': [{'id': 55, 'name': 'Mark Hughes', 'nickname': None, 'dob': '1963-11-01', 'country': {'id': 249, 'name': 'Wales'}}]}","{'away_team_id': 38, 'away_team_name': 'Tottenham Hotspur', 'away_team_gender': 'male', 'away_team_group': None, 'country': {'id': 68, 'name': 'England'}, 'managers': [{'id': 81, 'name': 'Mauricio Roberto Pochettino Trossero', 'nickname': 'Mauricio Pochettino', 'dob': '1972-03-02', 'country': {'id': 11, 'name': 'Argentina'}}]}",0,4,available,processing,2022-12-01T14:30:35.994587,2021-06-12T16:17:31.694,"{'data_version': '1.1.0', 'shot_fidelity_version': '2', 'xy_fidelity_version': '2'}",34,"{'id': 1, 'name': 'Regular Season'}","{'id': 29, 'name': 'bet365 Stadium', 'country': {'id': 68, 'name': 'England'}}","{'id': 7, 'name': 'Neil Swarbrick', 'country': {'id': 68, 'name': 'England'}}",Stoke City,Tottenham Hotspur,Away Win,4,0,3
3754191,2015-11-01,17:00:00.000,"{'competition_id': 2, 'country_name': 'England', 'competition_name': 'Premier League'}","{'season_id': 27, 'season_name': '2015/2016'}","{'home_team_id': 25, 'home_team_name': 'Southampton', 'home_team_gender': 'male', 'home_team_group': None, 'country': {'id': 68, 'name': 'England'}, 'managers': [{'id': 676, 'name': 'Ronald Koeman', 'nickname': None, 'dob': '1963-03-21', 'country': {'id': 160, 'name': 'Netherlands'}}]}","{'away_team_id': 28, 'away_team_name': 'AFC Bournemouth', 'away_team_gender': 'male', 'away_team_group': None, 'country': {'id': 68, 'name': 'England'}, 'managers': [{'id': 38, 'name': 'Eddie Howe', 'nickname': None, 'dob': '1977-11-29', 'country': {'id': 68, 'name': 'England'}}]}",2,0,available,processing,2021-07-31T22:15:01.396,2021-06-12T16:17:31.694,"{'data_version': '1.1.0', 'shot_fidelity_version': '2', 'xy_fidelity_version': '2'}",11,"{'id': 1, 'name': 'Regular Season'}","{'id': 4591, 'name': ""St. Mary's Stadium"", 'country': {'id': 68, 'name': 'England'}}","{'id': 2, 'name': 'Craig Pawson', 'country': {'id': 68, 'name': 'England'}}",Southampton,AFC Bournemouth,Home Win,2,3,0
3754192,2016-04-30,16:00:00.000,"{'competition_id': 2, 'country_name': 'England', 'competition_name': 'Premier League'}","{'season_id': 27, 'season_name': '2015/2016'}","{'home_team_id': 27, 'home_team_name': 'West Bromwich Albion', 'home_team_gender': 'male', 'home_team_group': None, 'country': {'id': 68, 'name': 'England'}, 'managers': [{'id': 300, 'name': 'Tony Pulis', 'nickname': None, 'dob': '1958-01-16', 'country': {'id': 249, 'name': 'Wales'}}]}","{'away_team_id': 40, 'away_team_name': 'West Ham United', 'away_team_gender': 'male', 'away_team_group': None, 'country': {'id': 68, 'name': 'England'}, 'managers': [{'id': 150, 'name': 'Slaven Bilić', 'nickname': None, 'dob': '1968-09-11', 'country': {'id': 56, 'name': 'Croatia'}}]}",0,3,available,processing,2021-07-12T14:46:12.472,2021-06-12T16:17:31.694,"{'data_version': '1.1.0', 'shot_fidelity_version': '2', 'xy_fidelity_version': '2'}",36,"{'id': 1, 'name': 'Regular Season'}","{'id': 33, 'name': 'The Hawthorns', 'country': {'id': 68, 'name': 'England'}}","{'id': 10, 'name': 'Lee Mason', 'country': {'id': 68, 'name': 'England'}}",West Bromwich Albion,West Ham United,Away Win,3,0,3
3754195,2015-12-28,16:00:00.000,"{'competition_id': 2, 'country_name': 'England', 'competition_name': 'Premier League'}","{'season_id': 27, 'season_name': '2015/2016'}","{'home_team_id': 27, 'home_team_name': 'West Bromwich Albion', 'home_team_gender': 'male', 'home_team_group': None, 'country': {'id': 68, 'name': 'England'}, 'managers': [{'id': 300, 'name': 'Tony Pulis', 'nickname': None, 'dob': '1958-01-16', 'country': {'id': 249, 'name': 'Wales'}}]}","{'away_team_id': 37, 'away_team_name': 'Newcastle United', 'away_team_gender': 'male', 'away_team_group': None, 'country': {'id': 68, 'name': 'England'}, 'managers': [{'id': 40, 'name': 'Steve McClaren', 'nickname': None, 'dob': '1961-05-03', 'country': {'id': 68, 'name': 'England'}}]}",1,0,available,processing,2022-12-01T13:48:07.744301,2021-06-12T16:17:31.694,"{'data_version': '1.1.0', 'shot_fidelity_version': '2', 'xy_fidelity_version': '2'}",19,"{'id': 1, 'name': 'Regular Season'}","{'id': 33, 'name': 'The Hawthorns', 'country': {'id': 68, 'name': 'England'}}","{'id': 14, 'name': 'Mike Jones', 'country': {'id': 68, 'name': 'England'}}",West Bromwich Albion,Newcastle United,Home Win,1,3,0
3754196,2016-03-12,16:00:00.000,"{'competition_id': 2, 'country_name': 'England', 'competition_name': 'Premier League'}","{'season_id': 27, 'season_name': '2015/2016'}","{'home_team_id': 30, 'home_team_name': 'Stoke City', 'home_team_gender': 'male', 'home_team_group': None, 'country': {'id': 68, 'name': 'England'}, 'managers': [{'id': 55, 'name': 'Mark Hughes', 'nickname': None, 'dob': '1963-11-01', 'country': {'id': 249, 'name': 'Wales'}}]}","{'away_team_id': 25, 'away_team_name': 'Southampton', 'away_team_gender': 'male', 'away_team_group': None, 'country': {'id': 68, 'name': 'England'}, 'managers': [{'id': 676, 'name': 'Ronald Koeman', 'nickname': None, 'dob': '1963-03-21', 'country': {'id': 160, 'name': 'Netherlands'}}]}",1,2,available,processing,2021-08-03T21:27:39.371,2021-06-12T16:17:31.694,"{'data_version': '1.1.0', 'shot_fidelity_version': '2', 'xy_fidelity_version': '2'}",30,"{'id': 1, 'name': 'Regular Season'}","{'id': 29, 'name': 'bet365 Stadium', 'country': {'id': 68, 'name': 'England'}}","{'id': 10, 'name': 'Lee Mason', 'country': {'id': 68, 'name': 'England'}}",Stoke City,Southampton,Away Win,1,0,3
3754199,2016-05-15,16:00:00.000,"{'competition_id': 2, 'country_name': 'England', 'competition_name': 'Premier League'}","{'season_id': 27, 'season_name': '2015/2016'}","{'home_team_id': 30, 'home_team_name': 'Stoke City', 'home_team_gender': 'male', 'home_team_group': None, 'country': {'id': 68, 'name': 'England'}, 'managers': [{'id': 55, 'name': 'Mark Hughes', 'nickname': None, 'dob': '1963-11-01', 'country': {'id': 249, 'name': 'Wales'}}]}","{'away_team_id': 40, 'away_team_name': 'West Ham United', 'away_team_gender': 'male', 'away_team_group': None, 'country': {'id': 68, 'name': 'England'}, 'managers': [{'id': 150, 'name': 'Slaven Bilić', 'nickname': None, 'dob': '1968-09-11', 'country': {'id': 56, 'name': 'Croatia'}}]}",2,1,available,processing,2021-07-06T18:36:00.746,2021-06-12T16:17:31.694,"{'data_version': '1.1.0', 'shot_fidelity_version': '2', 'xy_fidelity_version': '2'}",38,"{'id': 1, 'name': 'Regular Season'}","{'id': 29, 'name': 'bet365 Stadium', 'country': {'id': 68, 'name': 'England'}}","{'id': 14, 'name': 'Mike Jones', 'country': {'id': 68, 'name': 'England'}}",Stoke City,West Ham United,Home Win,1,3,0
3754200,2016-01-23,16:00:00.000,"{'competition_id': 2, 'country_name': 'England', 'competition_name': 'Premier League'}","{'season_id': 27, 'season_name': '2015/2016'}","{'home_team_id': 39, 'home_team_name': 'Manchester United', 'home_team_gender': 'male', 'home_team_group': None, 'country': {'id': 68, 'name': 'England'}, 'managers': [{'id': 788, 'name': 'Louis van Gaal', 'nickname': None, 'dob': '1951-08-08', 'country': {'id': 160, 'name': 'Netherlands'}}]}","{'away_team_id': 25, 'away_team_name': 'Southampton', 'away_team_gender': 'male', 'away_team_group': None, 'country': {'id': 68, 'name': 'England'}, 'managers': [{'id': 676, 'name': 'Ronald Koeman', 'nickname': None, 'dob': '1963-03-21', 'country': {'id': 160, 'name': 'Netherlands'}}]}",0,1,available,processing,2021-07-07T20:46:36.279,2021-06-12T16:17:31.694,"{'data_version': '1.1.0', 'shot_fidelity_version': '2', 'xy_fidelity_version': '2'}",23,"{'id': 1, 'name': 'Regular Season'}","{'id': 2, 'name': 'Old Trafford', 'country': {'id': 68, 'name': 'England'}}","{'id': 14, 'name': 'Mike Jones', 'country': {'id': 68, 'name': 'England'}}",Manchester United,Southampton,Away Win,1,0,3
3754201,2016-02-02,20:45:00.000,"{'competition_id': 2, 'country_name': 'England', 'competition_name': 'Premier League'}","{'season_id': 27, 'season_name': '2015/2016'}","{'home_team_id': 1, 'home_team_name': 'Arsenal', 'home_team_gender': 'male', 'home_team_group': None, 'country': {'id': 68, 'name': 'England'}, 'managers': [{'id': 577, 'name': 'Arsène Wenger', 'nickname': None, 'dob': '1949-10-22', 'country': {'id': 78, 'name': 'France'}}]}","{'away_team_id': 25, 'away_team_name': 'Southampton', 'away_team_gender': 'male', 'away_team_group': None, 'country': {'id': 68, 'name': 'England'}, 'managers': [{'id': 676, 'name': 'Ronald Koeman', 'nickname': None, 'dob': '1963-03-21', 'country': {'id': 160, 'name': 'Netherlands'}}]}",0,0,available,processing,2022-12-01T13:58:52.638857,2021-06-12T16:17:31.694,"{'data_version': '1.1.0', 'shot_fidelity_version': '2', 'xy_fidelity_version': '2'}",24,"{'id': 1, 'name': 'Regular Season'}","{'id': 3, 'name': 'Emirates Stadium', 'country': {'id': 68, 'name': 'England'}}","{'id': 10, 'name': 'Lee Mason', 'country': {'id': 68, 'name': 'England'}}",Arsenal,Southampton,Draw,0,1,1
3754202,2016-01-17,15:15:00.000,"{'competition_id': 2, 'country_name': 'England', 'competition_name': 'Premier League'}","{'season_id': 27, 'season_name': '2015/2016'}","{'home_team_id': 30, 'home_team_name': 'Stoke City', 'home_team_gender': 'male', 'home_team_group': None, 'country': {'id': 68, 'name': 'England'}, 'managers': [{'id': 55, 'name': 'Mark Hughes', 'nickname': None, 'dob': '1963-11-01', 'country': {'id': 249, 'name': 'Wales'}}]}","{'away_team_id': 1, 'away_team_name': 'Arsenal', 'away_team_gender': 'male', 'away_team_group': None, 'country': {'id': 68, 'name': 'England'}, 'managers': [{'id': 577, 'name': 'Arsène Wenger', 'nickname': None, 'dob': '1949-10-22', 'country': {'id': 78, 'name': 'France'}}]}",0,0,available,processing,2025-12-17T14:38:00.447595,2021-06-12T16:17:31.694,"{'data_version': '1.1.0', 'shot_fidelity_version': '2', 'xy_fidelity_version': '2'}",22,"{'id': 1, 'name': 'Regular Season'}","{'id': 29, 'name': 'bet365 Stadium', 'country': {'id': 68, 'name': 'England'}}","{'id': 2, 'name': 'Craig Pawson', 'country': {'id': 68, 'name': 'England'}}",Stoke City,Arsenal,Draw,0,1,1
3754206,2016-04-19,20:45:00.000,"{'competition_id': 2, 'country_name': 'England', 'competition_name': 'Premier League'}","{'season_id': 27, 'season_name': '2015/2016'}","{'home_team_id': 37, 'home_team_name': 'Newcastle United', 'home_team_gender': 'male', 'home_team_group': None, 'country': {'id': 68, 'name': 'England'}, 'managers': [{'id': 148, 'name': 'Rafael Benítez Maudes', 'nickname': 'Rafael Benítez', 'dob': '1960-04-16', 'country': {'id': 214, 'name': 'Spain'}}]}","{'away_team_id': 36, 'away_team_name': 'Manchester City', 'away_team_gender': 'male', 'away_team_group': None, 'country': {'id': 68, 'name': 'England'}, 'managers': [{'id': 733, 'name': 'Manuel Luis Pellegrini Ripamonti', 'nickname': 'Manuel Pellegrini', 'dob': '1953-09-16', 'country': {'id': 45, 'name': 'Chile'}}]}",1,1,available,processing,2021-07-03T18:41:18.649,2021-06-12T16:17:31.694,"{'data_version': '1.1.0', 'shot_fidelity_version': '2', 'xy_fidelity_version': '2'}",27,"{'id': 1, 'name': 'Regular Season'}","{'id': 4674, 'name': ""St. James' Park"", 'country': {'id': 68, 'name': 'England'}}","{'id': 12, 'name': 'Kevin Friend', 'country': {'id': 68, 'name': 'England'}}",Newcastle United,Manchester City,Draw,0,1,1
3754207,2016-05-11,20:45:00.000,"{'competition_id': 2, 'country_name': 'England', 'competition_name': 'Premier League'}","{'season_id': 27, 'season_name': '2015/2016'}","{'home_team_id': 56, 'home_team_name': 'Norwich City', 'home_team_gender': 'male', 'home_team_group': None, 'country': {'id': 68, 'name': 'England'}, 'managers': [{'id': 41, 'name': 'Alex Neil', 'nickname': None, 'dob': '1981-06-09', 'country': {'id': 201, 'name': 'Scotland'}}]}","{'away_team_id': 23, 'away_team_name': 'Watford', 'away_team_gender': 'male', 'away_team_group': None, 'country': {'id': 68, 'name': 'England'}, 'managers': [{'id': 236, 'name': 'Enrique Sánchez Flores', 'nickname': 'Quique Sánchez Flores', 'dob': '1965-02-05', 'country': {'id': 214, 'name': 'Spain'}}]}",4,2,available,processing,2022-12-01T14:46:48.744617,2021-06-12T16:17:31.694,"{'data_version': '1.1.0', 'shot_fidelity_version': '2', 'xy_fidelity_version': '2'}",35,"{'id': 1, 'name': 'Regular Season'}","{'id': 220, 'name': 'Carrow Road', 'country': {'id': 68, 'name': 'England'}}","{'id': 13, 'name': 'Roger East', 'country': {'id': 68, 'name': 'England'}}",Norwich City,Watford,Home Win,2,3,0
3754209,2016-04-10,17:30:00.000,"{'competition_id': 2, 'country_name': 'England', 'competition_name': 'Premier League'}","{'season_id': 27, 'season_name': '2015/2016'}","{'home_team_id': 38, 'home_team_name': 'Tottenham Hotspur', 'home_team_gender': 'male', 'home_team_group': None, 'country': {'id': 68, 'name': 'England'}, 'managers': [{'id': 81, 'name': 'Mauricio Roberto Pochettino Trossero', 'nickname': 'Mauricio Pochettino', 'dob': '1972-03-02', 'country': {'id': 11, 'name': 'Argentina'}}]}","{'away_team_id': 39, 'away_team_name': 'Manchester United', 'away_team_gender': 'male', 'away_team_group': None, 'country': {'id': 68, 'name': 'England'}, 'managers': [{'id': 788, 'name': 'Louis van Gaal', 'nickname': None, 'dob': '1951-08-08', 'country': {'id': 160, 'name': 'Netherlands'}}]}",3,0,available,processing,2022-12-01T14:26:32.952942,2021-06-12T16:17:31.694,"{'data_version': '1.1.0', 'shot_fidelity_version': '2', 'xy_fidelity_version': '2'}",33,"{'id': 1, 'name': 'Regular Season'}","{'id': 99148, 'name': 'White Hart Lane', 'country': {'id': 68, 'name': 'England'}}","{'id': 6, 'name': 'Mike Dean', 'country': {'id': 68, 'name': 'England'}}",Tottenham Hotspur,Manchester United,Home Win,3,3,0
3754210,2016-05-07,13:45:00.000,"{'competition_id': 2, 'country_name': 'England', 'competition_name': 'Premier League'}","{'season_id': 27, 'season_name': '2015/2016'}","{'home_team_id': 56, 'home_team_name': 'Norwich City', 'home_team_gender': 'male', 'home_team_group': None, 'country': {'id': 68, 'name': 'England'}, 'managers': [{'id': 41, 'name': 'Alex Neil', 'nickname': None, 'dob': '1981-06-09', 'country': {'id': 201, 'name': 'Scotland'}}]}","{'away_team_id': 39, 'away_team_name': 'Manchester United', 'away_team_gender': 'male', 'away_team_group': None, 'country': {'id': 68, 'name': 'England'}, 'managers': [{'id': 788, 'name': 'Louis van Gaal', 'nickname': None, 'dob': '1951-08-08', 'country': {'id': 160, 'name': 'Netherlands'}}]}",0,1,available,processing,2022-12-01T14:39:42.970717,2021-06-12T16:17:31.694,"{'data_version': '1.1.0', 'shot_fidelity_version': '2', 'xy_fidelity_version': '2'}",37,"{'id': 1, 'name': 'Regular Season'}","{'id': 220, 'name': 'Carrow Road', 'country': {'id': 68, 'name': 'England'}}","{'id': 2, 'name': 'Craig Pawson', 'country': {'id': 68, 'name': 'England'}}",Norwich City,Manchester United,Away Win,1,0,3
3754214,2016-02-14,15:05:00.000,"{'competition_id': 2, 'country_name': 'England', 'competition_name': 'Premier League'}","{'season_id': 27, 'season_name': '2015/2016'}","{'home_team_id': 59, 'home_team_name': 'Aston Villa', 'home_team_gender': 'male', 'home_team_group': None, 'country': {'id': 68, 'name': 'England'}, 'managers': [{'id': 92, 'name': 'Rémi Garde', 'nickname': None, 'dob': '1966-04-03', 'country': {'id': 78, 'name': 'France'}}]}","{'away_team_id': 24, 'away_team_name': 'Liverpool', 'away_team_gender': 'male', 'away_team_group': None, 'country': {'id': 68, 'name': 'England'}, 'managers': [{'id': 94, 'name': 'Jürgen Klopp', 'nickname': None, 'dob': '1967-06-16', 'country': {'id': 85, 'name': 'Germany'}}]}",0,6,available,processing,2021-07-04T23:01:15.729,2021-06-12T16:17:31.694,"{'data_version': '1.1.0', 'shot_fidelity_version': '2', 'xy_fidelity_version': '2'}",26,"{'id': 1, 'name': 'Regular Season'}","{'id': 211, 'name': 'Villa Park', 'country': {'id': 68, 'name': 'England'}}","{'id': 7, 'name': 'Neil Swarbrick', 'country': {'id': 68, 'name': 'England'}}",Aston Villa,Liverpool,Away Win,6,0,3
3754215,2015-12-05,16:00:00.000,"{'competition_id': 2, 'country_name': 'England', 'competition_name': 'Premier League'}","{'season_id': 27, 'season_name': '2015/2016'}","{'home_team_id': 27, 'home_team_name': 'West Bromwich Albion', 'home_team_gender': 'male', 'home_team_group': None, 'country': {'id': 68, 'name': 'England'}, 'managers': [{'id': 300, 'name': 'Tony Pulis', 'nickname': None, 'dob': '1958-01-16', 'country': {'id': 249, 'name': 'Wales'}}]}","{'away_team_id': 38, 'away_team_name': 'Tottenham Hotspur', 'away_team_gender': 'male', 'away_team_group': None, 'country': {'id': 68, 'name': 'England'}, 'managers': [{'id': 81, 'name': 'Mauricio Roberto Pochettino Trossero', 'nickname': 'Mauricio Pochettino', 'dob': '1972-03-02', 'country': {'id': 11, 'name': 'Argentina'}}]}",1,1,available,processing,2021-06-29T14:46:55.188,2021-06-12T16:17:31.694,"{'data_version': '1.1.0', 'shot_fidelity_version': '2', 'xy_fidelity_version': '2'}",15,"{'id': 1, 'name': 'Regular Season'}","{'id': 33, 'name': 'The Hawthorns', 'country': {'id': 68, 'name': 'England'}}","{'id': 3, 'name': 'Jonathan Moss', 'country': {'id': 68, 'name': 'England'}}",West Bromwich Albion,Tottenham Hotspur,Draw,0,1,1
3754216,2016-04-17,14:30:00.000,"{'competition_id': 2, 'country_name': 'England', 'competition_name': 'Premier League'}","{'season_id': 27, 'season_name': '2015/2016'}","{'home_team_id': 28, 'home_team_name': 'AFC Bournemouth', 'home_team_gender': 'male', 'home_team_group': None, 'country': {'id': 68, 'name': 'England'}, 'managers': [{'id': 38, 'name': 'Eddie Howe', 'nickname': None, 'dob': '1977-11-29', 'country': {'id': 68, 'name': 'England'}}]}","{'away_team_id': 24, 'away_team_name': 'Liverpool', 'away_team_gender': 'male', 'away_team_group': None, 'country': {'id': 68, 'name': 'England'}, 'managers': [{'id': 94, 'name': 'Jürgen Klopp', 'nickname': None, 'dob': '1967-06-16', 'country': {'id': 85, 'name': 'Germany'}}]}",1,2,available,processing,2021-07-06T18:05:19.870,2021-06-12T16:17:31.694,"{'data_version': '1.1.0', 'shot_fidelity_version': '2', 'xy_fidelity_version': '2'}",34,"{'id': 1, 'name': 'Regular Season'}","{'id': 71, 'name': 'Vitality Stadium', 'country': {'id': 68, 'name': 'England'}}","{'id': 14, 'name': 'Mike Jones', 'country': {'id': 68, 'name': 'England'}}",AFC Bournemouth,Liverpool,Away Win,1,0,3
3754220,2016-03-06,14:30:00.000,"{'competition_id': 2, 'country_name': 'England', 'competition_name': 'Premier League'}","{'season_id': 27, 'season_name': '2015/2016'}","{'home_team_id': 31, 'home_team_name': 'Crystal Palace', 'home_team_gender': 'male', 'home_team_group': None, 'country': {'id': 68, 'name': 'England'}, 'managers': [{'id': 382, 'name': 'Alan Pardew', 'nickname': None, 'dob': '1961-07-18', 'country': {'id': 68, 'name': 'England'}}]}","{'away_team_id': 24, 'away_team_name': 'Liverpool', 'away_team_gender': 'male', 'away_team_group': None, 'country': {'id': 68, 'name': 'England'}, 'managers': [{'id': 94, 'name': 'Jürgen Klopp', 'nickname': None, 'dob': '1967-06-16', 'country': {'id': 85, 'name': 'Germany'}}]}",1,2,available,processing,2021-07-06T17:34:16.199,2021-06-12T16:17:31.694,"{'data_version': '1.1.0', 'shot_fidelity_version': '2', 'xy_fidelity_version': '2'}",29,"{'id': 1, 'name': 'Regular Season'}","{'id': 37, 'name': 'Selhurst Park', 'country': {'id': 68, 'name': 'England'}}","{'id': 5, 'name': 'Andre Marriner', 'country': {'id': 68, 'name': 'England'}}",Crystal Palace,Liverpool,Away Win,1,0,3
3754224,2016-03-19,18:30:00.000,"{'competition_id': 2, 'country_name': 'England', 'competition_name': 'Premier League'}","{'season_id': 27, 'season_name': '2015/2016'}","{'home_team_id': 26, 'home_team_name': 'Swansea City', 'home_team_gender': 'male', 'home_team_group': None, 'country': {'id': 249, 'name': 'Wales'}, 'managers': [{'id': 3626, 'name': 'Francesco Guidolin', 'nickname': None, 'dob': '1955-10-03', 'country': {'id': 112, 'name': 'Italy'}}]}","{'away_team_id': 59, 'away_team_name': 'Aston Villa', 'away_team_gender': 'male', 'away_team_group': None, 'country': {'id': 68, 'name': 'England'}, 'managers': [{'id': 92, 'name': 'Rémi Garde', 'nickname': None, 'dob': '1966-04-03', 'country': {'id': 78, 'name': 'France'}}]}",1,0,available,processing,2022-12-01T14:17:01.162728,2021-06-12T16:17:31.694,"{'data_version': '1.1.0', 'shot_fidelity_version': '2', 'xy_fidelity_version': '2'}",31,"{'id': 1, 'name': 'Regular Season'}","{'id': 45, 'name': 'Swansea.com Stadium', 'country': {'id': 249, 'name': 'Wales'}}","{'id': 6, 'name': 'Mike Dean', 'country': {'id': 68, 'name': 'England'}}",Swansea City,Aston Villa,Home Win,1,3,0
3754225,2016-05-07,16:00:00.000,"{'competition_id': 2, 'country_name': 'England', 'competition_name': 'Premier League'}","{'season_id': 27, 'season_name': '2015/2016'}","{'home_team_id': 28, 'home_team_name': 'AFC Bournemouth', 'home_team_gender': 'male', 'home_team_group': None, 'country': {'id': 68, 'name': 'England'}, 'managers': [{'id': 38, 'name': 'Eddie Howe', 'nickname': None, 'dob': '1977-11-29', 'country': {'id': 68, 'name': 'England'}}]}","{'away_team_id': 27, 'away_team_name': 'West Bromwich Albion', 'away_team_gender': 'male', 'away_team_group': None, 'country': {'id': 68, 'name': 'England'}, 'managers': [{'id': 300, 'name': 'Tony Pulis', 'nickname': None, 'dob': '1958-01-16', 'country': {'id': 249, 'name': 'Wales'}}]}",1,1,available,processing,2021-07-07T18:19:00.023,2021-06-12T16:17:31.694,"{'data_version': '1.1.0', 'shot_fidelity_version': '2', 'xy_fidelity_version': '2'}",37,"{'id': 1, 'name': 'Regular Season'}","{'id': 71, 'name': 'Vitality Stadium', 'country': {'id': 68, 'name': 'England'}}","{'id': 728, 'name': 'Mark Clattenburg', 'country': {'id': 68, 'name': 'England'}}",AFC Bournemouth,West Bromwich Albion,Draw,0,1,1
3754227,2016-04-17,14:30:00.000,"{'competition_id': 2, 'country_name': 'England', 'competition_name': 'Premier League'}","{'season_id': 27, 'season_name': '2015/2016'}","{'home_team_id': 22, 'home_team_name': 'Leicester City', 'home_team_gender': 'male', 'home_team_group': None, 'country': {'id': 68, 'name': 'England'}, 'managers': [{'id': 60, 'name': 'Claudio Ranieri', 'nickname': None, 'dob': '1951-10-20', 'country': {'id': 112, 'name': 'Italy'}}]}","{'away_team_id': 40, 'away_team_name': 'West Ham United', 'away_team_gender': 'male', 'away_team_group': None, 'country': {'id': 68, 'name': 'England'}, 'managers': [{'id': 150, 'name': 'Slaven Bilić', 'nickname': None, 'dob': '1968-09-11', 'country': {'id': 56, 'name': 'Croatia'}}]}",2,2,available,processing,2022-12-01T14:29:41.188432,2021-06-12T16:17:31.694,"{'data_version': '1.1.0', 'shot_fidelity_version': '2', 'xy_fidelity_version': '2'}",34,"{'id': 1, 'name': 'Regular Season'}","{'id': 20, 'name': 'King Power Stadium ', 'country': {'id': 68, 'name': 'England'}}","{'id': 3, 'name': 'Jonathan Moss', 'country': {'id': 68, 'name': 'England'}}",Leicester City,West Ham United,Draw,0,1,1
3754228,2016-04-24,17:15:00.000,"{'competition_id': 2, 'country_name': 'England', 'competition_name': 'Premier League'}","{'season_id': 27, 'season_name': '2015/2016'}","{'home_team_id': 22, 'home_team_name': 'Leicester City', 'home_team_gender': 'male', 'home_team_group': None, 'country': {'id': 68, 'name': 'England'}, 'managers': [{'id': 60, 'name': 'Claudio Ranieri', 'nickname': None, 'dob': '1951-10-20', 'country': {'id': 112, 'name': 'Italy'}}]}","{'away_team_id': 26, 'away_team_name': 'Swansea City', 'away_team_gender': 'male', 'away_team_group': None, 'country': {'id': 249, 'name': 'Wales'}, 'managers': [{'id': 3626, 'name': 'Francesco Guidolin', 'nickname': None, 'dob': '1955-10-03', 'country': {'id': 112, 'name': 'Italy'}}]}",4,0,available,processing,2021-11-04T19:07:31.882702,2021-06-12T16:17:31.694,"{'data_version': '1.1.0', 'shot_fidelity_version': '2', 'xy_fidelity_version': '2'}",35,"{'id': 1, 'name': 'Regular Season'}","{'id': 20, 'name': 'King Power Stadium ', 'country': {'id': 68, 'name': 'England'}}","{'id': 728, 'name': 'Mark Clattenburg', 'country': {'id': 68, 'name': 'England'}}",Leicester City,Swansea City,Home Win,4,3,0
3754229,2016-05-15,16:00:00.000,"{'competition_id': 2, 'country_name': 'England', 'competition_name': 'Premier League'}","{'season_id': 27, 'season_name': '2015/2016'}","{'home_team_id': 33, 'home_team_name': 'Chelsea', 'home_team_gender': 'male', 'home_team_group': None, 'country': {'id': 68, 'name': 'England'}, 'managers': [{'id': 3608, 'name': 'Guus Hiddink', 'nickname': None, 'dob': '1946-11-08', 'country': {'id': 160, 'name': 'Netherlands'}}]}","{'away_team_id': 22, 'away_team_name': 'Leicester City', 'away_team_gender': 'male', 'away_team_group': None, 'country': {'id': 68, 'name': 'England'}, 'managers': [{'id': 60, 'name': 'Claudio Ranieri', 'nickname': None, 'dob': '1951-10-20', 'country': {'id': 112, 'name': 'Italy'}}]}",1,1,available,processing,2021-07-08T21:30:34.319,2021-06-12T16:17:31.694,"{'data_version': '1.1.0', 'shot_fidelity_version': '2', 'xy_fidelity_version': '2'}",38,"{'id': 1, 'name': 'Regular Season'}","{'id': 10, 'name': 'Stamford Bridge', 'country': {'id': 68, 'name': 'England'}}","{'id': 2, 'name': 'Craig Pawson', 'country': {'id': 68, 'name': 'England'}}",Chelsea,Leicester City,Draw,0,1,1
3754231,2016-03-01,20:45:00.000,"{'competition_id': 2, 'country_name': 'England', 'competition_name': 'Premier League'}","{'season_id': 27, 'season_name': '2015/2016'}","{'home_team_id': 22, 'home_team_name': 'Leicester City', 'home_team_gender': 'male', 'home_team_group': None, 'country': {'id': 68, 'name': 'England'}, 'managers': [{'id': 60, 'name': 'Claudio Ranieri', 'nickname': None, 'dob': '1951-10-20', 'country': {'id': 112, 'name': 'Italy'}}]}","{'away_team_id': 27, 'away_team_name': 'West Bromwich Albion', 'away_team_gender': 'male', 'away_team_group': None, 'country': {'id': 68, 'name': 'England'}, 'managers': [{'id': 300, 'name': 'Tony Pulis', 'nickname': None, 'dob': '1958-01-16', 'country': {'id': 249, 'name': 'Wales'}}]}",2,2,available,processing,2021-07-02T15:01:44.084,2021-06-12T16:17:31.694,"{'data_version': '1.1.0', 'shot_fidelity_version': '2', 'xy_fidelity_version': '2'}",28,"{'id': 1, 'name': 'Regular Season'}","{'id': 20, 'name': 'King Power Stadium ', 'country': {'id': 68, 'name': 'England'}}","{'id': 728, 'name': 'Mark Clattenburg', 'country': {'id': 68, 'name': 'England'}}",Leicester City,West Bromwich Albion,Draw,0,1,1
3754232,2016-03-02,21:00:00.000,"{'competition_id': 2, 'country_name': 'England', 'competition_name': 'Premier League'}","{'season_id': 27, 'season_name': '2015/2016'}","{'home_team_id': 39, 'home_team_name': 'Manchester United', 'home_team_gender': 'male', 'home_team_group': None, 'country': {'id': 68, 'name': 'England'}, 'managers': [{'id': 788, 'name': 'Louis van Gaal', 'nickname': None, 'dob': '1951-08-08', 'country': {'id': 160, 'name': 'Netherlands'}}]}","{'away_team_id': 23, 'away_team_name': 'Watford', 'away_team_gender': 'male', 'away_team_group': None, 'country': {'id': 68, 'name': 'England'}, 'managers': [{'id': 236, 'name': 'Enrique Sánchez Flores', 'nickname': 'Quique Sánchez Flores', 'dob': '1965-02-05', 'country': {'id': 214, 'name': 'Spain'}}]}",1,0,available,processing,2022-12-01T14:11:32.381247,2021-06-12T16:17:31.694,"{'data_version': '1.1.0', 'shot_fidelity_version': '2', 'xy_fidelity_version': '2'}",28,"{'id': 1, 'name': 'Regular Season'}","{'id': 2, 'name': 'Old Trafford', 'country': {'id': 68, 'name': 'England'}}","{'id': 14, 'name': 'Mike Jones', 'country': {'id': 68, 'name': 'England'}}",Manchester United,Watford,Home Win,1,3,0
3754236,2016-02-27,18:30:00.000,"{'competition_id': 2, 'country_name': 'England', 'competition_name': 'Premier League'}","{'season_id': 27, 'season_name': '2015/2016'}","{'home_team_id': 27, 'home_team_name': 'West Bromwich Albion', 'home_team_gender': 'male', 'home_team_group': None, 'country': {'id': 68, 'name': 'England'}, 'managers': [{'id': 300, 'name': 'Tony Pulis', 'nickname': None, 'dob': '1958-01-16', 'country': {'id': 249, 'name': 'Wales'}}]}","{'away_team_id': 31, 'away_team_name': 'Crystal Palace', 'away_team_gender': 'male', 'away_team_group': None, 'country': {'id': 68, 'name': 'England'}, 'managers': [{'id': 382, 'name': 'Alan Pardew', 'nickname': None, 'dob': '1961-07-18', 'country': {'id': 68, 'name': 'England'}}]}",3,2,available,processing,2021-06-28T22:07:27.231,2021-06-12T16:17:31.694,"{'data_version': '1.1.0', 'shot_fidelity_version': '2', 'xy_fidelity_version': '2'}",27,"{'id': 1, 'name': 'Regular Season'}","{'id': 33, 'name': 'The Hawthorns', 'country': {'id': 68, 'name': 'England'}}","{'id': 3, 'name': 'Jonathan Moss', 'country': {'id': 68, 'name': 'England'}}",West Bromwich Albion,Crystal Palace,Home Win,1,3,0
3754239,2016-02-28,15:05:00.000,"{'competition_id': 2, 'country_name': 'England', 'competition_name': 'Premier League'}","{'season_id': 27, 'season_name': '2015/2016'}","{'home_team_id': 39, 'home_team_name': 'Manchester United', 'home_team_gender': 'male', 'home_team_group': None, 'country': {'id': 68, 'name': 'England'}, 'managers': [{'id': 788, 'name': 'Louis van Gaal', 'nickname': None, 'dob': '1951-08-08', 'country': {'id': 160, 'name': 'Netherlands'}}]}","{'away_team_id': 1, 'away_team_name': 'Arsenal', 'away_team_gender': 'male', 'away_team_group': None, 'country': {'id': 68, 'name': 'England'}, 'managers': [{'id': 577, 'name': 'Arsène Wenger', 'nickname': None, 'dob': '1949-10-22', 'country': {'id': 78, 'name': 'France'}}]}",3,2,available,processing,2021-07-16T16:57:27.853,2021-06-12T16:17:31.694,"{'data_version': '1.1.0', 'shot_fidelity_version': '2', 'xy_fidelity_version': '2'}",27,"{'id': 1, 'name': 'Regular Season'}","{'id': 2, 'name': 'Old Trafford', 'country': {'id': 68, 'name': 'England'}}","{'id': 2, 'name': 'Craig Pawson', 'country': {'id': 68, 'name': 'England'}}",Manchester United,Arsenal,Home Win,1,3,0
3754241,2016-04-09,13:45:00.000,"{'competition_id': 2, 'country_name': 'England', 'competition_name': 'Premier League'}","{'season_id': 27, 'season_name': '2015/2016'}","{'home_team_id': 40, 'home_team_name': 'West Ham United', 'home_team_gender': 'male', 'home_team_group': None, 'country': {'id': 68, 'name': 'England'}, 'managers': [{'id': 150, 'name': 'Slaven Bilić', 'nickname': None, 'dob': '1968-09-11', 'country': {'id': 56, 'name': 'Croatia'}}]}","{'away_team_id': 1, 'away_team_name': 'Arsenal', 'away_team_gender': 'male', 'away_team_group': None, 'country': {'id': 68, 'name': 'England'}, 'managers': [{'id': 577, 'name': 'Arsène Wenger', 'nickname': None, 'dob': '1949-10-22', 'country': {'id': 78, 'name': 'France'}}]}",3,3,available,processing,2022-12-01T14:22:15.541147,2021-06-12T16:17:31.694,"{'data_version': '1.1.0', 'shot_fidelity_version': '2', 'xy_fidelity_version': '2'}",33,"{'id': 1, 'name': 'Regular Season'}","{'id': 115324, 'name': 'Boleyn Ground', 'country': {'id': 68, 'name': 'England'}}","{'id': 2, 'name': 'Craig Pawson', 'country': {'id': 68, 'name': 'England'}}",West Ham United,Arsenal,Draw,0,1,1
3754242,2016-04-23,16:00:00.000,"{'competition_id': 2, 'country_name': 'England', 'competition_name': 'Premier League'}","{'season_id': 27, 'season_name': '2015/2016'}","{'home_team_id': 28, 'home_team_name': 'AFC Bournemouth', 'home_team_gender': 'male', 'home_team_group': None, 'country': {'id': 68, 'name': 'England'}, 'managers': [{'id': 38, 'name': 'Eddie Howe', 'nickname': None, 'dob': '1977-11-29', 'country': {'id': 68, 'name': 'England'}}]}","{'away_team_id': 33, 'away_team_name': 'Chelsea', 'away_team_gender': 'male', 'away_team_group': None, 'country': {'id': 68, 'name': 'England'}, 'managers': [{'id': 3608, 'name': 'Guus Hiddink', 'nickname': None, 'dob': '1946-11-08', 'country': {'id': 160, 'name': 'Netherlands'}}]}",1,4,available,processing,2021-07-27T18:18:56.222,2021-06-12T16:17:31.694,"{'data_version': '1.1.0', 'shot_fidelity_version': '2', 'xy_fidelity_version': '2'}",35,"{'id': 1, 'name': 'Regular Season'}","{'id': 71, 'name': 'Vitality Stadium', 'country': {'id': 68, 'name': 'England'}}","{'id': 13, 'name': 'Roger East', 'country': {'id': 68, 'name': 'England'}}",AFC Bournemouth,Chelsea,Away Win,3,0,3
3754243,2016-04-02,16:00:00.000,"{'competition_id': 2, 'country_name': 'England', 'competition_name': 'Premier League'}","{'season_id': 27, 'season_name': '2015/2016'}","{'home_team_id': 56, 'home_team_name': 'Norwich City', 'home_team_gender': 'male', 'home_team_group': None, 'country': {'id': 68, 'name': 'England'}, 'managers': [{'id': 41, 'name': 'Alex Neil', 'nickname': None, 'dob': '1981-06-09', 'country': {'id': 201, 'name': 'Scotland'}}]}","{'away_team_id': 37, 'away_team_name': 'Newcastle United', 'away_team_gender': 'male', 'away_team_group': None, 'country': {'id': 68, 'name': 'England'}, 'managers': [{'id': 148, 'name': 'Rafael Benítez Maudes', 'nickname': 'Rafael Benítez', 'dob': '1960-04-16', 'country': {'id': 214, 'name': 'Spain'}}]}",3,2,available,processing,2021-07-06T17:57:18.472,2021-06-12T16:17:31.694,"{'data_version': '1.1.0', 'shot_fidelity_version': '2', 'xy_fidelity_version': '2'}",32,"{'id': 1, 'name': 'Regular Season'}","{'id': 220, 'name': 'Carrow Road', 'country': {'id': 68, 'name': 'England'}}","{'id': 6, 'name': 'Mike Dean', 'country': {'id': 68, 'name': 'England'}}",Norwich City,Newcastle United,Home Win,1,3,0
3754244,2016-02-13,16:00:00.000,"{'competition_id': 2, 'country_name': 'England', 'competition_name': 'Premier League'}","{'season_id': 27, 'season_name': '2015/2016'}","{'home_team_id': 56, 'home_team_name': 'Norwich City', 'home_team_gender': 'male', 'home_team_group': None, 'country': {'id': 68, 'name': 'England'}, 'managers': [{'id': 41, 'name': 'Alex Neil', 'nickname': None, 'dob': '1981-06-09', 'country': {'id': 201, 'name': 'Scotland'}}]}","{'away_team_id': 40, 'away_team_name': 'West Ham United', 'away_team_gender': 'male', 'away_team_group': None, 'country': {'id': 68, 'name': 'England'}, 'managers': [{'id': 150, 'name': 'Slaven Bilić', 'nickname': None, 'dob': '1968-09-11', 'country': {'id': 56, 'name': 'Croatia'}}]}",2,2,available,processing,2021-06-29T20:21:18.721,2021-06-12T16:17:31.694,"{'data_version': '1.1.0', 'shot_fidelity_version': '2', 'xy_fidelity_version': '2'}",26,"{'id': 1, 'name': 'Regular Season'}","{'id': 220, 'name': 'Carrow Road', 'country': {'id': 68, 'name': 'England'}}","{'id': 14, 'name': 'Mike Jones', 'country': {'id': 68, 'name': 'England'}}",Norwich City,West Ham United,Draw,0,1,1
3754249,2016-03-05,16:00:00.000,"{'competition_id': 2, 'country_name': 'England', 'competition_name': 'Premier League'}","{'season_id': 27, 'season_name': '2015/2016'}","{'home_team_id': 36, 'home_team_name': 'Manchester City', 'home_team_gender': 'male', 'home_team_group': None, 'country': {'id': 68, 'name': 'England'}, 'managers': [{'id': 733, 'name': 'Manuel Luis Pellegrini Ripamonti', 'nickname': 'Manuel Pellegrini', 'dob': '1953-09-16', 'country': {'id': 45, 'name': 'Chile'}}]}","{'away_team_id': 59, 'away_team_name': 'Aston Villa', 'away_team_gender': 'male', 'away_team_group': None, 'country': {'id': 68, 'name': 'England'}, 'managers': [{'id': 92, 'name': 'Rémi Garde', 'nickname': None, 'dob': '1966-04-03', 'country': {'id': 78, 'name': 'France'}}]}",4,0,available,processing,2024-06-12T07:43:56.243851,2021-06-12T16:17:31.694,"{'data_version': '1.1.0', 'shot_fidelity_version': '2', 'xy_fidelity_version': '2'}",29,"{'id': 1, 'name': 'Regular Season'}","{'id': 4715, 'name': 'Etihad Stadium', 'country': {'id': 68, 'name': 'England'}}","{'id': 10, 'name': 'Lee Mason', 'country': {'id': 68, 'name': 'England'}}",Manchester City,Aston Villa,Home Win,4,3,0
3754250,2016-01-16,18:30:00.000,"{'competition_id': 2, 'country_name': 'England', 'competition_name': 'Premier League'}","{'season_id': 27, 'season_name': '2015/2016'}","{'home_team_id': 59, 'home_team_name': 'Aston Villa', 'home_team_gender': 'male', 'home_team_group': None, 'country': {'id': 68, 'name': 'England'}, 'managers': [{'id': 92, 'name': 'Rémi Garde', 'nickname': None, 'dob': '1966-04-03', 'country': {'id': 78, 'name': 'France'}}]}","{'away_team_id': 22, 'away_team_name': 'Leicester City', 'away_team_gender': 'male', 'away_team_group': None, 'country': {'id': 68, 'name': 'England'}, 'managers': [{'id': 60, 'name': 'Claudio Ranieri', 'nickname': None, 'dob': '1951-10-20', 'country': {'id': 112, 'name': 'Italy'}}]}",1,1,available,processing,2021-06-29T18:47:46.821,2021-06-12T16:17:31.694,"{'data_version': '1.1.0', 'shot_fidelity_version': '2', 'xy_fidelity_version': '2'}",22,"{'id': 1, 'name': 'Regular Season'}","{'id': 211, 'name': 'Villa Park', 'country': {'id': 68, 'name': 'England'}}","{'id': 13, 'name': 'Roger East', 'country': {'id': 68, 'name': 'England'}}",Aston Villa,Leicester City,Draw,0,1,1
3754251,2016-01-02,13:45:00.000,"{'competition_id': 2, 'country_name': 'England', 'competition_name': 'Premier League'}","{'season_id': 27, 'season_name': '2015/2016'}","{'home_team_id': 40, 'home_team_name': 'West Ham United', 'home_team_gender': 'male', 'home_team_group': None, 'country': {'id': 68, 'name': 'England'}, 'managers': [{'id': 150, 'name': 'Slaven Bilić', 'nickname': None, 'dob': '1968-09-11', 'country': {'id': 56, 'name': 'Croatia'}}]}","{'away_team_id': 24, 'away_team_name': 'Liverpool', 'away_team_gender': 'male', 'away_team_group': None, 'country': {'id': 68, 'name': 'England'}, 'managers': [{'id': 94, 'name': 'Jürgen Klopp', 'nickname': None, 'dob': '1967-06-16', 'country': {'id': 85, 'name': 'Germany'}}]}",2,0,available,processing,2021-10-29T23:52:02.560317,2021-06-12T16:17:31.694,"{'data_version': '1.1.0', 'shot_fidelity_version': '2', 'xy_fidelity_version': '2'}",20,"{'id': 1, 'name': 'Regular Season'}","{'id': 115324, 'name': 'Boleyn Ground', 'country': {'id': 68, 'name': 'England'}}","{'id': 9, 'name': 'Robert Madley', 'country': {'id': 68, 'name': 'England'}}",West Ham United,Liverpool,Home Win,2,3,0
3754252,2016-02-03,20:45:00.000,"{'competition_id': 2, 'country_name': 'England', 'competition_name': 'Premier League'}","{'season_id': 27, 'season_name': '2015/2016'}","{'home_team_id': 29, 'home_team_name': 'Everton', 'home_team_gender': 'male', 'home_team_group': None, 'country': {'id': 68, 'name': 'England'}, 'managers': [{'id': 263, 'name': 'Roberto Martínez Montoliú', 'nickname': 'Roberto Martínez', 'dob': '1973-07-13', 'country': {'id': 214, 'name': 'Spain'}}]}","{'away_team_id': 37, 'away_team_name': 'Newcastle United', 'away_team_gender': 'male', 'away_team_group': None, 'country': {'id': 68, 'name': 'England'}, 'managers': [{'id': 40, 'name': 'Steve McClaren', 'nickname': None, 'dob': '1961-05-03', 'country': {'id': 68, 'name': 'England'}}]}",3,0,available,processing,2021-07-03T14:51:48.886,2021-06-12T16:17:31.694,"{'data_version': '1.1.0', 'shot_fidelity_version': '2', 'xy_fidelity_version': '2'}",24,"{'id': 1, 'name': 'Regular Season'}","{'id': 12, 'name': 'Goodison Park', 'country': {'id': 68, 'name': 'England'}}","{'id': 2, 'name': 'Craig Pawson', 'country': {'id': 68, 'name': 'England'}}",Everton,Newcastle United,Home Win,3,3,0
3754253,2016-02-07,14:30:00.000,"{'competition_id': 2, 'country_name': 'England', 'competition_name': 'Premier League'}","{'season_id': 27, 'season_name': '2015/2016'}","{'home_team_id': 28, 'home_team_name': 'AFC Bournemouth', 'home_team_gender': 'male', 'home_team_group': None, 'country': {'id': 68, 'name': 'England'}, 'managers': [{'id': 38, 'name': 'Eddie Howe', 'nickname': None, 'dob': '1977-11-29', 'country': {'id': 68, 'name': 'England'}}]}","{'away_team_id': 1, 'away_team_name': 'Arsenal', 'away_team_gender': 'male', 'away_team_group': None, 'country': {'id': 68, 'name': 'England'}, 'managers': [{'id': 577, 'name': 'Arsène Wenger', 'nickname': None, 'dob': '1949-10-22', 'country': {'id': 78, 'name': 'France'}}]}",0,2,available,processing,2021-06-28T18:53:43.786,2021-06-12T16:17:31.694,"{'data_version': '1.1.0', 'shot_fidelity_version': '2', 'xy_fidelity_version': '2'}",25,"{'id': 1, 'name': 'Regular Season'}","{'id': 71, 'name': 'Vitality Stadium', 'country': {'id': 68, 'name': 'England'}}","{'id': 12, 'name': 'Kevin Friend', 'country': {'id': 68, 'name': 'England'}}",AFC Bournemouth,Arsenal,Away Win,2,0,3
3754260,2016-01-16,16:00:00.000,"{'competition_id': 2, 'country_name': 'England', 'competition_name': 'Premier League'}","{'season_id': 27, 'season_name': '2015/2016'}","{'home_team_id': 36, 'home_team_name': 'Manchester City', 'home_team_gender': 'male', 'home_team_group': None, 'country': {'id': 68, 'name': 'England'}, 'managers': [{'id': 733, 'name': 'Manuel Luis Pellegrini Ripamonti', 'nickname': 'Manuel Pellegrini', 'dob': '1953-09-16', 'country': {'id': 45, 'name': 'Chile'}}]}","{'away_team_id': 31, 'away_team_name': 'Crystal Palace', 'away_team_gender': 'male', 'away_team_group': None, 'country': {'id': 68, 'name': 'England'}, 'managers': [{'id': 382, 'name': 'Alan Pardew', 'nickname': None, 'dob': '1961-07-18', 'country': {'id': 68, 'name': 'England'}}]}",4,0,available,processing,2021-06-28T21:59:19.393,2021-06-12T16:17:31.694,"{'data_version': '1.1.0', 'shot_fidelity_version': '2', 'xy_fidelity_version': '2'}",22,"{'id': 1, 'name': 'Regular Season'}","{'id': 4715, 'name': 'Etihad Stadium', 'country': {'id': 68, 'name': 'England'}}","{'id': 3, 'name': 'Jonathan Moss', 'country': {'id': 68, 'name': 'England'}}",Manchester City,Crystal Palace,Home Win,4,3,0
3754261,2016-02-14,11:00:00.000,"{'competition_id': 2, 'country_name': 'England', 'competition_name': 'Premier League'}","{'season_id': 27, 'season_name': '2015/2016'}","{'home_team_id': 1, 'home_team_name': 'Arsenal', 'home_team_gender': 'male', 'home_team_group': None, 'country': {'id': 68, 'name': 'England'}, 'managers': [{'id': 577, 'name': 'Arsène Wenger', 'nickname': None, 'dob': '1949-10-22', 'country': {'id': 78, 'name': 'France'}}]}","{'away_team_id': 22, 'away_team_name': 'Leicester City', 'away_team_gender': 'male', 'away_team_group': None, 'country': {'id': 68, 'name': 'England'}, 'managers': [{'id': 60, 'name': 'Claudio Ranieri', 'nickname': None, 'dob': '1951-10-20', 'country': {'id': 112, 'name': 'Italy'}}]}",2,1,available,processing,2025-12-16T17:25:34.946968,2021-06-12T16:17:31.694,"{'data_version': '1.1.0', 'shot_fidelity_version': '2', 'xy_fidelity_version': '2'}",26,"{'id': 1, 'name': 'Regular Season'}","{'id': 3, 'name': 'Emirates Stadium', 'country': {'id': 68, 'name': 'England'}}","{'id': 4, 'name': 'Martin Atkinson', 'country': {'id': 68, 'name': 'England'}}",Arsenal,Leicester City,Home Win,1,3,0
3754262,2016-04-09,16:00:00.000,"{'competition_id': 2, 'country_name': 'England', 'competition_name': 'Premier League'}","{'season_id': 27, 'season_name': '2015/2016'}","{'home_team_id': 59, 'home_team_name': 'Aston Villa', 'home_team_gender': 'male', 'home_team_group': None, 'country': {'id': 68, 'name': 'England'}, 'managers': [{'id': 5020, 'name': 'Eric Black', 'nickname': None, 'dob': '1963-10-01', 'country': {'id': 201, 'name': 'Scotland'}}]}","{'away_team_id': 28, 'away_team_name': 'AFC Bournemouth', 'away_team_gender': 'male', 'away_team_group': None, 'country': {'id': 68, 'name': 'England'}, 'managers': [{'id': 38, 'name': 'Eddie Howe', 'nickname': None, 'dob': '1977-11-29', 'country': {'id': 68, 'name': 'England'}}]}",1,2,available,processing,2021-07-11T14:50:19.137,2021-06-12T16:17:31.694,"{'data_version': '1.1.0', 'shot_fidelity_version': '2', 'xy_fidelity_version': '2'}",33,"{'id': 1, 'name': 'Regular Season'}","{'id': 211, 'name': 'Villa Park', 'country': {'id': 68, 'name': 'England'}}","{'id': 4, 'name': 'Martin Atkinson', 'country': {'id': 68, 'name': 'England'}}",Aston Villa,AFC Bournemouth,Away Win,1,0,3
3754264,2016-02-13,18:30:00.000,"{'competition_id': 2, 'country_name': 'England', 'competition_name': 'Premier League'}","{'season_id': 27, 'season_name': '2015/2016'}","{'home_team_id': 33, 'home_team_name': 'Chelsea', 'home_team_gender': 'male', 'home_team_group': None, 'country': {'id': 68, 'name': 'England'}, 'managers': [{'id': 3608, 'name': 'Guus Hiddink', 'nickname': None, 'dob': '1946-11-08', 'country': {'id': 160, 'name': 'Netherlands'}}]}","{'away_team_id': 37, 'away_team_name': 'Newcastle United', 'away_team_gender': 'male', 'away_team_group': None, 'country': {'id': 68, 'name': 'England'}, 'managers': [{'id': 40, 'name': 'Steve McClaren', 'nickname': None, 'dob': '1961-05-03', 'country': {'id': 68, 'name': 'England'}}]}",5,1,available,processing,2021-06-28T18:56:26.960,2021-06-12T16:17:31.694,"{'data_version': '1.1.0', 'shot_fidelity_version': '2', 'xy_fidelity_version': '2'}",26,"{'id': 1, 'name': 'Regular Season'}","{'id': 10, 'name': 'Stamford Bridge', 'country': {'id': 68, 'name': 'England'}}","{'id': 13, 'name': 'Roger East', 'country': {'id': 68, 'name': 'England'}}",Chelsea,Newcastle United,Home Win,4,3,0
3754295,2016-04-16,16:00:00.000,"{'competition_id': 2, 'country_name': 'England', 'competition_name': 'Premier League'}","{'season_id': 27, 'season_name': '2015/2016'}","{'home_team_id': 39, 'home_team_name': 'Manchester United', 'home_team_gender': 'male', 'home_team_group': None, 'country': {'id': 68, 'name': 'England'}, 'managers': [{'id': 788, 'name': 'Louis van Gaal', 'nickname': None, 'dob': '1951-08-08', 'country': {'id': 160, 'name': 'Netherlands'}}]}","{'away_team_id': 59, 'away_team_name': 'Aston Villa', 'away_team_gender': 'male', 'away_team_group': None, 'country': {'id': 68, 'name': 'England'}, 'managers': [{'id': 5020, 'name': 'Eric Black', 'nickname': None, 'dob': '1963-10-01', 'country': {'id': 201, 'name': 'Scotland'}}]}",1,0,available,processing,2021-07-06T18:02:56.981,2021-06-12T16:17:31.694,"{'data_version': '1.1.0', 'shot_fidelity_version': '2', 'xy_fidelity_version': '2'}",34,"{'id': 1, 'name': 'Regular Season'}","{'id': 2, 'name': 'Old Trafford', 'country': {'id': 68, 'name': 'England'}}","{'id': 12, 'name': 'Kevin Friend', 'country': {'id': 68, 'name': 'England'}}",Manchester United,Aston Villa,Home Win,1,3,0
3754271,2016-01-23,16:00:00.000,"{'competition_id': 2, 'country_name': 'England', 'competition_name': 'Premier League'}","{'season_id': 27, 'season_name': '2015/2016'}","{'home_team_id': 23, 'home_team_name': 'Watford', 'home_team_gender': 'male', 'home_team_group': None, 'country': {'id': 68, 'name': 'England'}, 'managers': [{'id': 236, 'name': 'Enrique Sánchez Flores', 'nickname': 'Quique Sánchez Flores', 'dob': '1965-02-05', 'country': {'id': 214, 'name': 'Spain'}}]}","{'away_team_id': 37, 'away_team_name': 'Newcastle United', 'away_team_gender': 'male', 'away_team_group': None, 'country': {'id': 68, 'name': 'England'}, 'managers': [{'id': 40, 'name': 'Steve McClaren', 'nickname': None, 'dob': '1961-05-03', 'country': {'id': 68, 'name': 'England'}}]}",2,1,available,processing,2023-07-12T13:59:45.191483,2021-06-12T16:17:31.694,"{'data_version': '1.1.0', 'shot_fidelity_version': '2', 'xy_fidelity_version': '2'}",23,"{'id': 1, 'name': 'Regular Season'}","{'id': 4589, 'name': 'Vicarage Road', 'country': {'id': 68, 'name': 'England'}}","{'id': 5, 'name': 'Andre Marriner', 'country': {'id': 68, 'name': 'England'}}",Watford,Newcastle United,Home Win,1,3,0
3754272,2016-04-02,16:00:00.000,"{'competition_id': 2, 'country_name': 'England', 'competition_name': 'Premier League'}","{'season_id': 27, 'season_name': '2015/2016'}","{'home_team_id': 30, 'home_team_name': 'Stoke City', 'home_team_gender': 'male', 'home_team_group': None, 'country': {'id': 68, 'name': 'England'}, 'managers': [{'id': 55, 'name': 'Mark Hughes', 'nickname': None, 'dob': '1963-11-01', 'country': {'id': 249, 'name': 'Wales'}}]}","{'away_team_id': 26, 'away_team_name': 'Swansea City', 'away_team_gender': 'male', 'away_team_group': None, 'country': {'id': 249, 'name': 'Wales'}, 'managers': [{'id': 3626, 'name': 'Francesco Guidolin', 'nickname': None, 'dob': '1955-10-03', 'country': {'id': 112, 'name': 'Italy'}}]}",2,2,available,processing,2021-07-06T17:55:32.614,2021-06-12T16:17:31.694,"{'data_version': '1.1.0', 'shot_fidelity_version': '2', 'xy_fidelity_version': '2'}",32,"{'id': 1, 'name': 'Regular Season'}","{'id': 29, 'name': 'bet365 Stadium', 'country': {'id': 68, 'name': 'England'}}","{'id': 4, 'name': 'Martin Atkinson', 'country': {'id': 68, 'name': 'England'}}",Stoke City,Swansea City,Draw,0,1,1
3754274,2016-02-13,16:00:00.000,"{'competition_id': 2, 'country_name': 'England', 'competition_name': 'Premier League'}","{'season_id': 27, 'season_name': '2015/2016'}","{'home_team_id': 28, 'home_team_name': 'AFC Bournemouth', 'home_team_gender': 'male', 'home_team_group': None, 'country': {'id': 68, 'name': 'England'}, 'managers': [{'id': 38, 'name': 'Eddie Howe', 'nickname': None, 'dob': '1977-11-29', 'country': {'id': 68, 'name': 'England'}}]}","{'away_team_id': 30, 'away_team_name': 'Stoke City', 'away_team_gender': 'male', 'away_team_group': None, 'country': {'id': 68, 'name': 'England'}, 'managers': [{'id': 55, 'name': 'Mark Hughes', 'nickname': None, 'dob': '1963-11-01', 'country': {'id': 249, 'name': 'Wales'}}]}",1,3,available,processing,2021-06-28T18:57:38.342,2021-06-12T16:17:31.694,"{'data_version': '1.1.0', 'shot_fidelity_version': '2', 'xy_fidelity_version': '2'}",26,"{'id': 1, 'name': 'Regular Season'}","{'id': 71, 'name': 'Vitality Stadium', 'country': {'id': 68, 'name': 'England'}}","{'id': 11, 'name': 'Graham Scott', 'country': {'id': 68, 'name': 'England'}}",AFC Bournemouth,Stoke City,Away Win,2,0,3
3754275,2016-02-02,20:45:00.000,"{'competition_id': 2, 'country_name': 'England', 'competition_name': 'Premier League'}","{'season_id': 27, 'season_name': '2015/2016'}","{'home_team_id': 22, 'home_team_name': 'Leicester City', 'home_team_gender': 'male', 'home_team_group': None, 'country': {'id': 68, 'name': 'England'}, 'managers': [{'id': 60, 'name': 'Claudio Ranieri', 'nickname': None, 'dob': '1951-10-20', 'country': {'id': 112, 'name': 'Italy'}}]}","{'away_team_id': 24, 'away_team_name': 'Liverpool', 'away_team_gender': 'male', 'away_team_group': None, 'country': {'id': 68, 'name': 'England'}, 'managers': [{'id': 94, 'name': 'Jürgen Klopp', 'nickname': None, 'dob': '1967-06-16', 'country': {'id': 85, 'name': 'Germany'}}]}",2,0,available,processing,2021-08-07T22:06:42.130,2021-06-12T16:17:31.694,"{'data_version': '1.1.0', 'shot_fidelity_version': '2', 'xy_fidelity_version': '2'}",24,"{'id': 1, 'name': 'Regular Season'}","{'id': 20, 'name': 'King Power Stadium ', 'country': {'id': 68, 'name': 'England'}}","{'id': 5, 'name': 'Andre Marriner', 'country': {'id': 68, 'name': 'England'}}",Leicester City,Liverpool,Home Win,2,3,0
3754277,2016-03-05,16:00:00.000,"{'competition_id': 2, 'country_name': 'England', 'competition_name': 'Premier League'}","{'season_id': 27, 'season_name': '2015/2016'}","{'home_team_id': 29, 'home_team_name': 'Everton', 'home_team_gender': 'male', 'home_team_group': None, 'country': {'id': 68, 'name': 'England'}, 'managers': [{'id': 263, 'name': 'Roberto Martínez Montoliú', 'nickname': 'Roberto Martínez', 'dob': '1973-07-13', 'country': {'id': 214, 'name': 'Spain'}}]}","{'away_team_id': 40, 'away_team_name': 'West Ham United', 'away_team_gender': 'male', 'away_team_group': None, 'country': {'id': 68, 'name': 'England'}, 'managers': [{'id': 150, 'name': 'Slaven Bilić', 'nickname': None, 'dob': '1968-09-11', 'country': {'id': 56, 'name': 'Croatia'}}]}",2,3,available,processing,2021-11-04T18:12:18.527779,2021-06-12T16:17:31.694,"{'data_version': '1.1.0', 'shot_fidelity_version': '2', 'xy_fidelity_version': '2'}",29,"{'id': 1, 'name': 'Regular Season'}","{'id': 12, 'name': 'Goodison Park', 'country': {'id': 68, 'name': 'England'}}","{'id': 8, 'name': 'Anthony Taylor', 'country': {'id': 68, 'name': 'England'}}",Everton,West Ham United,Away Win,1,0,3
3754280,2016-03-01,20:45:00.000,"{'competition_id': 2, 'country_name': 'England', 'competition_name': 'Premier League'}","{'season_id': 27, 'season_name': '2015/2016'}","{'home_team_id': 56, 'home_team_name': 'Norwich City', 'home_team_gender': 'male', 'home_team_group': None, 'country': {'id': 68, 'name': 'England'}, 'managers': [{'id': 41, 'name': 'Alex Neil', 'nickname': None, 'dob': '1981-06-09', 'country': {'id': 201, 'name': 'Scotland'}}]}","{'away_team_id': 33, 'away_team_name': 'Chelsea', 'away_team_gender': 'male', 'away_team_group': None, 'country': {'id': 68, 'name': 'England'}, 'managers': [{'id': 3608, 'name': 'Guus Hiddink', 'nickname': None, 'dob': '1946-11-08', 'country': {'id': 160, 'name': 'Netherlands'}}]}",1,2,available,processing,2021-07-05T23:07:55.731,2021-06-12T16:17:31.694,"{'data_version': '1.1.0', 'shot_fidelity_version': '2', 'xy_fidelity_version': '2'}",28,"{'id': 1, 'name': 'Regular Season'}","{'id': 220, 'name': 'Carrow Road', 'country': {'id': 68, 'name': 'England'}}","{'id': 10, 'name': 'Lee Mason', 'country': {'id': 68, 'name': 'England'}}",Norwich City,Chelsea,Away Win,1,0,3
3754281,2016-02-07,17:00:00.000,"{'competition_id': 2, 'country_name': 'England', 'competition_name': 'Premier League'}","{'season_id': 27, 'season_name': '2015/2016'}","{'home_team_id': 33, 'home_team_name': 'Chelsea', 'home_team_gender': 'male', 'home_team_group': None, 'country': {'id': 68, 'name': 'England'}, 'managers': [{'id': 3608, 'name': 'Guus Hiddink', 'nickname': None, 'dob': '1946-11-08', 'country': {'id': 160, 'name': 'Netherlands'}}]}","{'away_team_id': 39, 'away_team_name': 'Manchester United', 'away_team_gender': 'male', 'away_team_group': None, 'country': {'id': 68, 'name': 'England'}, 'managers': [{'id': 788, 'name': 'Louis van Gaal', 'nickname': None, 'dob': '1951-08-08', 'country': {'id': 160, 'name': 'Netherlands'}}]}",1,1,available,processing,2022-01-25T22:46:43.172673,2021-06-12T16:17:31.694,"{'data_version': '1.1.0', 'shot_fidelity_version': '2', 'xy_fidelity_version': '2'}",25,"{'id': 1, 'name': 'Regular Season'}","{'id': 10, 'name': 'Stamford Bridge', 'country': {'id': 68, 'name': 'England'}}","{'id': 1, 'name': 'Michael Oliver', 'country': {'id': 68, 'name': 'England'}}",Chelsea,Manchester United,Draw,0,1,1
3754282,2016-04-23,16:00:00.000,"{'competition_id': 2, 'country_name': 'England', 'competition_name': 'Premier League'}","{'season_id': 27, 'season_name': '2015/2016'}","{'home_team_id': 59, 'home_team_name': 'Aston Villa', 'home_team_gender': 'male', 'home_team_group': None, 'country': {'id': 68, 'name': 'England'}, 'managers': [{'id': 5020, 'name': 'Eric Black', 'nickname': None, 'dob': '1963-10-01', 'country': {'id': 201, 'name': 'Scotland'}}]}","{'away_team_id': 25, 'away_team_name': 'Southampton', 'away_team_gender': 'male', 'away_team_group': None, 'country': {'id': 68, 'name': 'England'}, 'managers': [{'id': 676, 'name': 'Ronald Koeman', 'nickname': None, 'dob': '1963-03-21', 'country': {'id': 160, 'name': 'Netherlands'}}]}",2,4,available,processing,2022-12-01T14:32:35.514804,2021-06-12T16:17:31.694,"{'data_version': '1.1.0', 'shot_fidelity_version': '2', 'xy_fidelity_version': '2'}",35,"{'id': 1, 'name': 'Regular Season'}","{'id': 211, 'name': 'Villa Park', 'country': {'id': 68, 'name': 'England'}}","{'id': 7, 'name': 'Neil Swarbrick', 'country': {'id': 68, 'name': 'England'}}",Aston Villa,Southampton,Away Win,2,0,3
3754284,2016-04-21,20:45:00.000,"{'competition_id': 2, 'country_name': 'England', 'competition_name': 'Premier League'}","{'season_id': 27, 'season_name': '2015/2016'}","{'home_team_id': 1, 'home_team_name': 'Arsenal', 'home_team_gender': 'male', 'home_team_group': None, 'country': {'id': 68, 'name': 'England'}, 'managers': [{'id': 577, 'name': 'Arsène Wenger', 'nickname': None, 'dob': '1949-10-22', 'country': {'id': 78, 'name': 'France'}}]}","{'away_team_id': 27, 'away_team_name': 'West Bromwich Albion', 'away_team_gender': 'male', 'away_team_group': None, 'country': {'id': 68, 'name': 'England'}, 'managers': [{'id': 300, 'name': 'Tony Pulis', 'nickname': None, 'dob': '1958-01-16', 'country': {'id': 249, 'name': 'Wales'}}]}",2,0,available,processing,2021-07-06T18:08:15.386,2021-06-12T16:17:31.694,"{'data_version': '1.1.0', 'shot_fidelity_version': '2', 'xy_fidelity_version': '2'}",30,"{'id': 1, 'name': 'Regular Season'}","{'id': 3, 'name': 'Emirates Stadium', 'country': {'id': 68, 'name': 'England'}}","{'id': 3, 'name': 'Jonathan Moss', 'country': {'id': 68, 'name': 'England'}}",Arsenal,West Bromwich Albion,Home Win,2,3,0
3754289,2016-03-05,18:30:00.000,"{'competition_id': 2, 'country_name': 'England', 'competition_name': 'Premier League'}","{'season_id': 27, 'season_name': '2015/2016'}","{'home_team_id': 23, 'home_team_name': 'Watford', 'home_team_gender': 'male', 'home_team_group': None, 'country': {'id': 68, 'name': 'England'}, 'managers': [{'id': 236, 'name': 'Enrique Sánchez Flores', 'nickname': 'Quique Sánchez Flores', 'dob': '1965-02-05', 'country': {'id': 214, 'name': 'Spain'}}]}","{'away_team_id': 22, 'away_team_name': 'Leicester City', 'away_team_gender': 'male', 'away_team_group': None, 'country': {'id': 68, 'name': 'England'}, 'managers': [{'id': 60, 'name': 'Claudio Ranieri', 'nickname': None, 'dob': '1951-10-20', 'country': {'id': 112, 'name': 'Italy'}}]}",0,1,available,processing,2022-12-01T14:14:07.271809,2021-06-12T16:17:31.694,"{'data_version': '1.1.0', 'shot_fidelity_version': '2', 'xy_fidelity_version': '2'}",29,"{'id': 1, 'name': 'Regular Season'}","{'id': 4589, 'name': 'Vicarage Road', 'country': {'id': 68, 'name': 'England'}}","{'id': 3, 'name': 'Jonathan Moss', 'country': {'id': 68, 'name': 'England'}}",Watford,Leicester City,Away Win,1,0,3
3754290,2016-02-06,13:45:00.000,"{'competition_id': 2, 'country_name': 'England', 'competition_name': 'Premier League'}","{'season_id': 27, 'season_name': '2015/2016'}","{'home_team_id': 36, 'home_team_name': 'Manchester City', 'home_team_gender': 'male', 'home_team_group': None, 'country': {'id': 68, 'name': 'England'}, 'managers': [{'id': 733, 'name': 'Manuel Luis Pellegrini Ripamonti', 'nickname': 'Manuel Pellegrini', 'dob': '1953-09-16', 'country': {'id': 45, 'name': 'Chile'}}]}","{'away_team_id': 22, 'away_team_name': 'Leicester City', 'away_team_gender': 'male', 'away_team_group': None, 'country': {'id': 68, 'name': 'England'}, 'managers': [{'id': 60, 'name': 'Claudio Ranieri', 'nickname': None, 'dob': '1951-10-20', 'country': {'id': 112, 'name': 'Italy'}}]}",1,3,available,processing,2021-07-26T18:29:21.038,2021-06-12T16:17:31.694,"{'data_version': '1.1.0', 'shot_fidelity_version': '2', 'xy_fidelity_version': '2'}",25,"{'id': 1, 'name': 'Regular Season'}","{'id': 4715, 'name': 'Etihad Stadium', 'country': {'id': 68, 'name': 'England'}}","{'id': 8, 'name': 'Anthony Taylor', 'country': {'id': 68, 'name': 'England'}}",Manchester City,Leicester City,Away Win,2,0,3
3754292,2016-02-06,16:00:00.000,"{'competition_id': 2, 'country_name': 'England', 'competition_name': 'Premier League'}","{'season_id': 27, 'season_name': '2015/2016'}","{'home_team_id': 37, 'home_team_name': 'Newcastle United', 'home_team_gender': 'male', 'home_team_group': None, 'country': {'id': 68, 'name': 'England'}, 'managers': [{'id': 40, 'name': 'Steve McClaren', 'nickname': None, 'dob': '1961-05-03', 'country': {'id': 68, 'name': 'England'}}]}","{'away_team_id': 27, 'away_team_name': 'West Bromwich Albion', 'away_team_gender': 'male', 'away_team_group': None, 'country': {'id': 68, 'name': 'England'}, 'managers': [{'id': 300, 'name': 'Tony Pulis', 'nickname': None, 'dob': '1958-01-16', 'country': {'id': 249, 'name': 'Wales'}}]}",1,0,available,processing,2021-06-30T21:15:57.620,2021-06-12T16:17:31.694,"{'data_version': '1.1.0', 'shot_fidelity_version': '2', 'xy_fidelity_version': '2'}",25,"{'id': 1, 'name': 'Regular Season'}","{'id': 4674, 'name': ""St. James' Park"", 'country': {'id': 68, 'name': 'England'}}","{'id': 10, 'name': 'Lee Mason', 'country': {'id': 68, 'name': 'England'}}",Newcastle United,West Bromwich Albion,Home Win,1,3,0
3754294,2016-04-20,21:00:00.000,"{'competition_id': 2, 'country_name': 'England', 'competition_name': 'Premier League'}","{'season_id': 27, 'season_name': '2015/2016'}","{'home_team_id': 24, 'home_team_name': 'Liverpool', 'home_team_gender': 'male', 'home_team_group': None, 'country': {'id': 68, 'name': 'England'}, 'managers': [{'id': 94, 'name': 'Jürgen Klopp', 'nickname': None, 'dob': '1967-06-16', 'country': {'id': 85, 'name': 'Germany'}}]}","{'away_team_id': 29, 'away_team_name': 'Everton', 'away_team_gender': 'male', 'away_team_group': None, 'country': {'id': 68, 'name': 'England'}, 'managers': [{'id': 263, 'name': 'Roberto Martínez Montoliú', 'nickname': 'Roberto Martínez', 'dob': '1973-07-13', 'country': {'id': 214, 'name': 'Spain'}}]}",4,0,available,processing,2021-07-06T20:49:53.595,2021-06-12T16:17:31.694,"{'data_version': '1.1.0', 'shot_fidelity_version': '2', 'xy_fidelity_version': '2'}",27,"{'id': 1, 'name': 'Regular Season'}","{'id': 6, 'name': 'Anfield ', 'country': {'id': 68, 'name': 'England'}}","{'id': 9, 'name': 'Robert Madley', 'country': {'id': 68, 'name': 'England'}}",Liverpool,Everton,Home Win,4,3,0
3754248,2015-12-26,16:00:00.000,"{'competition_id': 2, 'country_name': 'England', 'competition_name': 'Premier League'}","{'season_id': 27, 'season_name': '2015/2016'}","{'home_team_id': 28, 'home_team_name': 'AFC Bournemouth', 'home_team_gender': 'male', 'home_team_group': None, 'country': {'id': 68, 'name': 'England'}, 'managers': [{'id': 38, 'name': 'Eddie Howe', 'nickname': None, 'dob': '1977-11-29', 'country': {'id': 68, 'name': 'England'}}]}","{'away_team_id': 31, 'away_team_name': 'Crystal Palace', 'away_team_gender': 'male', 'away_team_group': None, 'country': {'id': 68, 'name': 'England'}, 'managers': [{'id': 382, 'name': 'Alan Pardew', 'nickname': None, 'dob': '1961-07-18', 'country': {'id': 68, 'name': 'England'}}]}",0,0,available,processing,2021-07-31T22:15:29.090,2021-06-12T16:17:31.694,"{'data_version': '1.1.0', 'shot_fidelity_version': '2', 'xy_fidelity_version': '2'}",18,"{'id': 1, 'name': 'Regular Season'}","{'id': 71, 'name': 'Vitality Stadium', 'country': {'id': 68, 'name': 'England'}}","{'id': 1, 'name': 'Michael Oliver', 'country': {'id': 68, 'name': 'England'}}",AFC Bournemouth,Crystal Palace,Draw,0,1,1
3754299,2016-04-03,17:00:00.000,"{'competition_id': 2, 'country_name': 'England', 'competition_name': 'Premier League'}","{'season_id': 27, 'season_name': '2015/2016'}","{'home_team_id': 39, 'home_team_name': 'Manchester United', 'home_team_gender': 'male', 'home_team_group': None, 'country': {'id': 68, 'name': 'England'}, 'managers': [{'id': 788, 'name': 'Louis van Gaal', 'nickname': None, 'dob': '1951-08-08', 'country': {'id': 160, 'name': 'Netherlands'}}]}","{'away_team_id': 29, 'away_team_name': 'Everton', 'away_team_gender': 'male', 'away_team_group': None, 'country': {'id': 68, 'name': 'England'}, 'managers': [{'id': 263, 'name': 'Roberto Martínez Montoliú', 'nickname': 'Roberto Martínez', 'dob': '1973-07-13', 'country': {'id': 214, 'name': 'Spain'}}]}",1,0,available,processing,2021-11-04T18:55:55.405707,2021-06-12T16:17:31.694,"{'data_version': '1.1.0', 'shot_fidelity_version': '2', 'xy_fidelity_version': '2'}",32,"{'id': 1, 'name': 'Regular Season'}","{'id': 2, 'name': 'Old Trafford', 'country': {'id': 68, 'name': 'England'}}","{'id': 5, 'name': 'Andre Marriner', 'country': {'id': 68, 'name': 'England'}}",Manchester United,Everton,Home Win,1,3,0
3754303,2016-02-06,16:00:00.000,"{'competition_id': 2, 'country_name': 'England', 'competition_name': 'Premier League'}","{'season_id': 27, 'season_name': '2015/2016'}","{'home_team_id': 26, 'home_team_name': 'Swansea City', 'home_team_gender': 'male', 'home_team_group': None, 'country': {'id': 249, 'name': 'Wales'}, 'managers': [{'id': 3626, 'name': 'Francesco Guidolin', 'nickname': None, 'dob': '1955-10-03', 'country': {'id': 112, 'name': 'Italy'}}]}","{'away_team_id': 31, 'away_team_name': 'Crystal Palace', 'away_team_gender': 'male', 'away_team_group': None, 'country': {'id': 68, 'name': 'England'}, 'managers': [{'id': 382, 'name': 'Alan Pardew', 'nickname': None, 'dob': '1961-07-18', 'country': {'id': 68, 'name': 'England'}}]}",1,1,available,processing,2021-07-02T14:47:57.701,2021-06-12T16:17:31.694,"{'data_version': '1.1.0', 'shot_fidelity_version': '2', 'xy_fidelity_version': '2'}",25,"{'id': 1, 'name': 'Regular Season'}","{'id': 45, 'name': 'Swansea.com Stadium', 'country': {'id': 249, 'name': 'Wales'}}","{'id': 6, 'name': 'Mike Dean', 'country': {'id': 68, 'name': 'England'}}",Swansea City,Crystal Palace,Draw,0,1,1
3754305,2016-01-13,21:00:00.000,"{'competition_id': 2, 'country_name': 'England', 'competition_name': 'Premier League'}","{'season_id': 27, 'season_name': '2015/2016'}","{'home_team_id': 24, 'home_team_name': 'Liverpool', 'home_team_gender': 'male', 'home_team_group': None, 'country': {'id': 68, 'name': 'England'}, 'managers': [{'id': 94, 'name': 'Jürgen Klopp', 'nickname': None, 'dob': '1967-06-16', 'country': {'id': 85, 'name': 'Germany'}}]}","{'away_team_id': 1, 'away_team_name': 'Arsenal', 'away_team_gender': 'male', 'away_team_group': None, 'country': {'id': 68, 'name': 'England'}, 'managers': [{'id': 577, 'name': 'Arsène Wenger', 'nickname': None, 'dob': '1949-10-22', 'country': {'id': 78, 'name': 'France'}}]}",3,3,available,processing,2022-12-01T13:51:05.910614,2021-06-12T16:17:31.694,"{'data_version': '1.1.0', 'shot_fidelity_version': '2', 'xy_fidelity_version': '2'}",21,"{'id': 1, 'name': 'Regular Season'}","{'id': 6, 'name': 'Anfield ', 'country': {'id': 68, 'name': 'England'}}","{'id': 14, 'name': 'Mike Jones', 'country': {'id': 68, 'name': 'England'}}",Liverpool,Arsenal,Draw,0,1,1
3754306,2016-02-06,16:00:00.000,"{'competition_id': 2, 'country_name': 'England', 'competition_name': 'Premier League'}","{'season_id': 27, 'season_name': '2015/2016'}","{'home_team_id': 59, 'home_team_name': 'Aston Villa', 'home_team_gender': 'male', 'home_team_group': None, 'country': {'id': 68, 'name': 'England'}, 'managers': [{'id': 92, 'name': 'Rémi Garde', 'nickname': None, 'dob': '1966-04-03', 'country': {'id': 78, 'name': 'France'}}]}","{'away_team_id': 56, 'away_team_name': 'Norwich City', 'away_team_gender': 'male', 'away_team_group': None, 'country': {'id': 68, 'name': 'England'}, 'managers': [{'id': 41, 'name': 'Alex Neil', 'nickname': None, 'dob': '1981-06-09', 'country': {'id': 201, 'name': 'Scotland'}}]}",2,0,available,processing,2022-12-01T13:59:46.502862,2021-06-12T16:17:31.694,"{'data_version': '1.1.0', 'shot_fidelity_version': '2', 'xy_fidelity_version': '2'}",25,"{'id': 1, 'name': 'Regular Season'}","{'id': 211, 'name': 'Villa Park', 'country': {'id': 68, 'name': 'England'}}","{'id': 4, 'name': 'Martin Atkinson', 'country': {'id': 68, 'name': 'England'}}",Aston Villa,Norwich City,Home Win,2,3,0
3754307,2016-04-23,13:45:00.000,"{'competition_id': 2, 'country_name': 'England', 'competition_name': 'Premier League'}","{'season_id': 27, 'season_name': '2015/2016'}","{'home_team_id': 36, 'home_team_name': 'Manchester City', 'home_team_gender': 'male', 'home_team_group': None, 'country': {'id': 68, 'name': 'England'}, 'managers': [{'id': 733, 'name': 'Manuel Luis Pellegrini Ripamonti', 'nickname': 'Manuel Pellegrini', 'dob': '1953-09-16', 'country': {'id': 45, 'name': 'Chile'}}]}","{'away_team_id': 30, 'away_team_name': 'Stoke City', 'away_team_gender': 'male', 'away_team_group': None, 'country': {'id': 68, 'name': 'England'}, 'managers': [{'id': 55, 'name': 'Mark Hughes', 'nickname': None, 'dob': '1963-11-01', 'country': {'id': 249, 'name': 'Wales'}}]}",4,0,available,processing,2021-07-07T17:13:16.449,2021-06-12T16:17:31.694,"{'data_version': '1.1.0', 'shot_fidelity_version': '2', 'xy_fidelity_version': '2'}",35,"{'id': 1, 'name': 'Regular Season'}","{'id': 4715, 'name': 'Etihad Stadium', 'country': {'id': 68, 'name': 'England'}}","{'id': 9, 'name': 'Robert Madley', 'country': {'id': 68, 'name': 'England'}}",Manchester City,Stoke City,Home Win,4,3,0
3754308,2016-05-15,16:00:00.000,"{'competition_id': 2, 'country_name': 'England', 'competition_name': 'Premier League'}","{'season_id': 27, 'season_name': '2015/2016'}","{'home_team_id': 23, 'home_team_name': 'Watford', 'home_team_gender': 'male', 'home_team_group': None, 'country': {'id': 68, 'name': 'England'}, 'managers': [{'id': 236, 'name': 'Enrique Sánchez Flores', 'nickname': 'Quique Sánchez Flores', 'dob': '1965-02-05', 'country': {'id': 214, 'name': 'Spain'}}]}","{'away_team_id': 41, 'away_team_name': 'Sunderland', 'away_team_gender': 'male', 'away_team_group': None, 'country': {'id': 68, 'name': 'England'}, 'managers': [{'id': 561, 'name': 'Sam Allardyce', 'nickname': None, 'dob': '1954-10-19', 'country': {'id': 68, 'name': 'England'}}]}",2,2,available,processing,2022-12-01T14:50:24.749450,2021-06-12T16:17:31.694,"{'data_version': '1.1.0', 'shot_fidelity_version': '2', 'xy_fidelity_version': '2'}",38,"{'id': 1, 'name': 'Regular Season'}","{'id': 4589, 'name': 'Vicarage Road', 'country': {'id': 68, 'name': 'England'}}","{'id': 12, 'name': 'Kevin Friend', 'country': {'id': 68, 'name': 'England'}}",Watford,Sunderland,Draw,0,1,1
3754310,2016-04-20,21:00:00.000,"{'competition_id': 2, 'country_name': 'England', 'competition_name': 'Premier League'}","{'season_id': 27, 'season_name': '2015/2016'}","{'home_team_id': 39, 'home_team_name': 'Manchester United', 'home_team_gender': 'male', 'home_team_group': None, 'country': {'id': 68, 'name': 'England'}, 'managers': [{'id': 788, 'name': 'Louis van Gaal', 'nickname': None, 'dob': '1951-08-08', 'country': {'id': 160, 'name': 'Netherlands'}}]}","{'away_team_id': 31, 'away_team_name': 'Crystal Palace', 'away_team_gender': 'male', 'away_team_group': None, 'country': {'id': 68, 'name': 'England'}, 'managers': [{'id': 382, 'name': 'Alan Pardew', 'nickname': None, 'dob': '1961-07-18', 'country': {'id': 68, 'name': 'England'}}]}",2,0,available,processing,2021-07-06T18:07:40.704,2021-06-12T16:17:31.694,"{'data_version': '1.1.0', 'shot_fidelity_version': '2', 'xy_fidelity_version': '2'}",30,"{'id': 1, 'name': 'Regular Season'}","{'id': 2, 'name': 'Old Trafford', 'country': {'id': 68, 'name': 'England'}}","{'id': 10, 'name': 'Lee Mason', 'country': {'id': 68, 'name': 'England'}}",Manchester United,Crystal Palace,Home Win,2,3,0
3754313,2016-03-12,13:45:00.000,"{'competition_id': 2, 'country_name': 'England', 'competition_name': 'Premier League'}","{'season_id': 27, 'season_name': '2015/2016'}","{'home_team_id': 56, 'home_team_name': 'Norwich City', 'home_team_gender': 'male', 'home_team_group': None, 'country': {'id': 68, 'name': 'England'}, 'managers': [{'id': 41, 'name': 'Alex Neil', 'nickname': None, 'dob': '1981-06-09', 'country': {'id': 201, 'name': 'Scotland'}}]}","{'away_team_id': 36, 'away_team_name': 'Manchester City', 'away_team_gender': 'male', 'away_team_group': None, 'country': {'id': 68, 'name': 'England'}, 'managers': [{'id': 733, 'name': 'Manuel Luis Pellegrini Ripamonti', 'nickname': 'Manuel Pellegrini', 'dob': '1953-09-16', 'country': {'id': 45, 'name': 'Chile'}}]}",0,0,available,processing,2022-12-01T14:15:08.060071,2021-06-12T16:17:31.694,"{'data_version': '1.1.0', 'shot_fidelity_version': '2', 'xy_fidelity_version': '2'}",30,"{'id': 1, 'name': 'Regular Season'}","{'id': 220, 'name': 'Carrow Road', 'country': {'id': 68, 'name': 'England'}}","{'id': 3, 'name': 'Jonathan Moss', 'country': {'id': 68, 'name': 'England'}}",Norwich City,Manchester City,Draw,0,1,1
3754314,2016-05-08,17:00:00.000,"{'competition_id': 2, 'country_name': 'England', 'competition_name': 'Premier League'}","{'season_id': 27, 'season_name': '2015/2016'}","{'home_team_id': 36, 'home_team_name': 'Manchester City', 'home_team_gender': 'male', 'home_team_group': None, 'country': {'id': 68, 'name': 'England'}, 'managers': [{'id': 733, 'name': 'Manuel Luis Pellegrini Ripamonti', 'nickname': 'Manuel Pellegrini', 'dob': '1953-09-16', 'country': {'id': 45, 'name': 'Chile'}}]}","{'away_team_id': 1, 'away_team_name': 'Arsenal', 'away_team_gender': 'male', 'away_team_group': None, 'country': {'id': 68, 'name': 'England'}, 'managers': [{'id': 577, 'name': 'Arsène Wenger', 'nickname': None, 'dob': '1949-10-22', 'country': {'id': 78, 'name': 'France'}}]}",2,2,available,processing,2022-12-01T14:43:33.572040,2021-06-12T16:17:31.694,"{'data_version': '1.1.0', 'shot_fidelity_version': '2', 'xy_fidelity_version': '2'}",37,"{'id': 1, 'name': 'Regular Season'}","{'id': 4715, 'name': 'Etihad Stadium', 'country': {'id': 68, 'name': 'England'}}","{'id': 8, 'name': 'Anthony Taylor', 'country': {'id': 68, 'name': 'England'}}",Manchester City,Arsenal,Draw,0,1,1
3754316,2016-02-06,16:00:00.000,"{'competition_id': 2, 'country_name': 'England', 'competition_name': 'Premier League'}","{'season_id': 27, 'season_name': '2015/2016'}","{'home_team_id': 24, 'home_team_name': 'Liverpool', 'home_team_gender': 'male', 'home_team_group': None, 'country': {'id': 68, 'name': 'England'}, 'managers': [{'id': 94, 'name': 'Jürgen Klopp', 'nickname': None, 'dob': '1967-06-16', 'country': {'id': 85, 'name': 'Germany'}}]}","{'away_team_id': 41, 'away_team_name': 'Sunderland', 'away_team_gender': 'male', 'away_team_group': None, 'country': {'id': 68, 'name': 'England'}, 'managers': [{'id': 561, 'name': 'Sam Allardyce', 'nickname': None, 'dob': '1954-10-19', 'country': {'id': 68, 'name': 'England'}}]}",2,2,available,processing,2021-10-30T01:27:27.625847,2021-06-12T16:17:31.694,"{'data_version': '1.1.0', 'shot_fidelity_version': '2', 'xy_fidelity_version': '2'}",25,"{'id': 1, 'name': 'Regular Season'}","{'id': 6, 'name': 'Anfield ', 'country': {'id': 68, 'name': 'England'}}","{'id': 9, 'name': 'Robert Madley', 'country': {'id': 68, 'name': 'England'}}",Liverpool,Sunderland,Draw,0,1,1
3754317,2016-02-02,20:45:00.000,"{'competition_id': 2, 'country_name': 'England', 'competition_name': 'Premier League'}","{'season_id': 27, 'season_name': '2015/2016'}","{'home_team_id': 56, 'home_team_name': 'Norwich City', 'home_team_gender': 'male', 'home_team_group': None, 'country': {'id': 68, 'name': 'England'}, 'managers': [{'id': 41, 'name': 'Alex Neil', 'nickname': None, 'dob': '1981-06-09', 'country': {'id': 201, 'name': 'Scotland'}}]}","{'away_team_id': 38, 'away_team_name': 'Tottenham Hotspur', 'away_team_gender': 'male', 'away_team_group': None, 'country': {'id': 68, 'name': 'England'}, 'managers': [{'id': 81, 'name': 'Mauricio Roberto Pochettino Trossero', 'nickname': 'Mauricio Pochettino', 'dob': '1972-03-02', 'country': {'id': 11, 'name': 'Argentina'}}]}",0,3,available,processing,2022-12-01T13:56:50.633990,2021-06-12T16:17:31.694,"{'data_version': '1.1.0', 'shot_fidelity_version': '2', 'xy_fidelity_version': '2'}",24,"{'id': 1, 'name': 'Regular Season'}","{'id': 220, 'name': 'Carrow Road', 'country': {'id': 68, 'name': 'England'}}","{'id': 12, 'name': 'Kevin Friend', 'country': {'id': 68, 'name': 'England'}}",Norwich City,Tottenham Hotspur,Away Win,3,0,3
3754318,2016-03-05,13:45:00.000,"{'competition_id': 2, 'country_name': 'England', 'competition_name': 'Premier League'}","{'season_id': 27, 'season_name': '2015/2016'}","{'home_team_id': 38, 'home_team_name': 'Tottenham Hotspur', 'home_team_gender': 'male', 'home_team_group': None, 'country': {'id': 68, 'name': 'England'}, 'managers': [{'id': 81, 'name': 'Mauricio Roberto Pochettino Trossero', 'nickname': 'Mauricio Pochettino', 'dob': '1972-03-02', 'country': {'id': 11, 'name': 'Argentina'}}]}","{'away_team_id': 1, 'away_team_name': 'Arsenal', 'away_team_gender': 'male', 'away_team_group': None, 'country': {'id': 68, 'name': 'England'}, 'managers': [{'id': 577, 'name': 'Arsène Wenger', 'nickname': None, 'dob': '1949-10-22', 'country': {'id': 78, 'name': 'France'}}]}",2,2,available,processing,2022-12-01T14:13:14.220332,2021-06-12T16:17:31.694,"{'data_version': '1.1.0', 'shot_fidelity_version': '2', 'xy_fidelity_version': '2'}",29,"{'id': 1, 'name': 'Regular Season'}","{'id': 99148, 'name': 'White Hart Lane', 'country': {'id': 68, 'name': 'England'}}","{'id': 1, 'name': 'Michael Oliver', 'country': {'id': 68, 'name': 'England'}}",Tottenham Hotspur,Arsenal,Draw,0,1,1
3754319,2016-01-02,16:00:00.000,"{'competition_id': 2, 'country_name': 'England', 'competition_name': 'Premier League'}","{'season_id': 27, 'season_name': '2015/2016'}","{'home_team_id': 39, 'home_team_name': 'Manchester United', 'home_team_gender': 'male', 'home_team_group': None, 'country': {'id': 68, 'name': 'England'}, 'managers': [{'id': 788, 'name': 'Louis van Gaal', 'nickname': None, 'dob': '1951-08-08', 'country': {'id': 160, 'name': 'Netherlands'}}]}","{'away_team_id': 26, 'away_team_name': 'Swansea City', 'away_team_gender': 'male', 'away_team_group': None, 'country': {'id': 249, 'name': 'Wales'}, 'managers': [{'id': 4711, 'name': 'Alan Curtis', 'nickname': None, 'dob': '1954-04-16', 'country': {'id': 249, 'name': 'Wales'}}]}",2,1,available,processing,2021-06-28T15:12:06.739,2021-06-12T16:17:31.694,"{'data_version': '1.1.0', 'shot_fidelity_version': '2', 'xy_fidelity_version': '2'}",20,"{'id': 1, 'name': 'Regular Season'}","{'id': 2, 'name': 'Old Trafford', 'country': {'id': 68, 'name': 'England'}}","{'id': 3, 'name': 'Jonathan Moss', 'country': {'id': 68, 'name': 'England'}}",Manchester United,Swansea City,Home Win,1,3,0
3754320,2016-05-01,17:30:00.000,"{'competition_id': 2, 'country_name': 'England', 'competition_name': 'Premier League'}","{'season_id': 27, 'season_name': '2015/2016'}","{'home_team_id': 25, 'home_team_name': 'Southampton', 'home_team_gender': 'male', 'home_team_group': None, 'country': {'id': 68, 'name': 'England'}, 'managers': [{'id': 676, 'name': 'Ronald Koeman', 'nickname': None, 'dob': '1963-03-21', 'country': {'id': 160, 'name': 'Netherlands'}}]}","{'away_team_id': 36, 'away_team_name': 'Manchester City', 'away_team_gender': 'male', 'away_team_group': None, 'country': {'id': 68, 'name': 'England'}, 'managers': [{'id': 733, 'name': 'Manuel Luis Pellegrini Ripamonti', 'nickname': 'Manuel Pellegrini', 'dob': '1953-09-16', 'country': {'id': 45, 'name': 'Chile'}}]}",4,2,available,processing,2021-07-06T18:27:47.200,2021-06-12T16:17:31.694,"{'data_version': '1.1.0', 'shot_fidelity_version': '2', 'xy_fidelity_version': '2'}",36,"{'id': 1, 'name': 'Regular Season'}","{'id': 4591, 'name': ""St. Mary's Stadium"", 'country': {'id': 68, 'name': 'England'}}","{'id': 5, 'name': 'Andre Marriner', 'country': {'id': 68, 'name': 'England'}}",Southampton,Manchester City,Home Win,2,3,0
3754321,2016-02-27,16:00:00.000,"{'competition_id': 2, 'country_name': 'England', 'competition_name': 'Premier League'}","{'season_id': 27, 'season_name': '2015/2016'}","{'home_team_id': 30, 'home_team_name': 'Stoke City', 'home_team_gender': 'male', 'home_team_group': None, 'country': {'id': 68, 'name': 'England'}, 'managers': [{'id': 55, 'name': 'Mark Hughes', 'nickname': None, 'dob': '1963-11-01', 'country': {'id': 249, 'name': 'Wales'}}]}","{'away_team_id': 59, 'away_team_name': 'Aston Villa', 'away_team_gender': 'male', 'away_team_group': None, 'country': {'id': 68, 'name': 'England'}, 'managers': [{'id': 92, 'name': 'Rémi Garde', 'nickname': None, 'dob': '1966-04-03', 'country': {'id': 78, 'name': 'France'}}]}",2,1,available,processing,2021-06-30T21:40:03.898,2021-06-12T16:17:31.694,"{'data_version': '1.1.0', 'shot_fidelity_version': '2', 'xy_fidelity_version': '2'}",27,"{'id': 1, 'name': 'Regular Season'}","{'id': 29, 'name': 'bet365 Stadium', 'country': {'id': 68, 'name': 'England'}}","{'id': 12, 'name': 'Kevin Friend', 'country': {'id': 68, 'name': 'England'}}",Stoke City,Aston Villa,Home Win,1,3,0
3754322,2016-04-16,18:30:00.000,"{'competition_id': 2, 'country_name': 'England', 'competition_name': 'Premier League'}","{'season_id': 27, 'season_name': '2015/2016'}","{'home_team_id': 33, 'home_team_name': 'Chelsea', 'home_team_gender': 'male', 'home_team_group': None, 'country': {'id': 68, 'name': 'England'}, 'managers': [{'id': 3608, 'name': 'Guus Hiddink', 'nickname': None, 'dob': '1946-11-08', 'country': {'id': 160, 'name': 'Netherlands'}}]}","{'away_team_id': 36, 'away_team_name': 'Manchester City', 'away_team_gender': 'male', 'away_team_group': None, 'country': {'id': 68, 'name': 'England'}, 'managers': [{'id': 733, 'name': 'Manuel Luis Pellegrini Ripamonti', 'nickname': 'Manuel Pellegrini', 'dob': '1953-09-16', 'country': {'id': 45, 'name': 'Chile'}}]}",0,3,available,processing,2021-07-07T16:59:38.235,2021-06-12T16:17:31.694,"{'data_version': '1.1.0', 'shot_fidelity_version': '2', 'xy_fidelity_version': '2'}",34,"{'id': 1, 'name': 'Regular Season'}","{'id': 10, 'name': 'Stamford Bridge', 'country': {'id': 68, 'name': 'England'}}","{'id': 6, 'name': 'Mike Dean', 'country': {'id': 68, 'name': 'England'}}",Chelsea,Manchester City,Away Win,3,0,3
3754324,2016-02-28,15:05:00.000,"{'competition_id': 2, 'country_name': 'England', 'competition_name': 'Premier League'}","{'season_id': 27, 'season_name': '2015/2016'}","{'home_team_id': 38, 'home_team_name': 'Tottenham Hotspur', 'home_team_gender': 'male', 'home_team_group': None, 'country': {'id': 68, 'name': 'England'}, 'managers': [{'id': 81, 'name': 'Mauricio Roberto Pochettino Trossero', 'nickname': 'Mauricio Pochettino', 'dob': '1972-03-02', 'country': {'id': 11, 'name': 'Argentina'}}]}","{'away_team_id': 26, 'away_team_name': 'Swansea City', 'away_team_gender': 'male', 'away_team_group': None, 'country': {'id': 249, 'name': 'Wales'}, 'managers': [{'id': 3626, 'name': 'Francesco Guidolin', 'nickname': None, 'dob': '1955-10-03', 'country': {'id': 112, 'name': 'Italy'}}]}",2,1,available,processing,2024-08-08T16:04:16.566376,2021-06-12T16:17:31.694,"{'data_version': '1.1.0', 'shot_fidelity_version': '2', 'xy_fidelity_version': '2'}",27,"{'id': 1, 'name': 'Regular Season'}","{'id': 99148, 'name': 'White Hart Lane', 'country': {'id': 68, 'name': 'England'}}","{'id': 14, 'name': 'Mike Jones', 'country': {'id': 68, 'name': 'England'}}",Tottenham Hotspur,Swansea City,Home Win,1,3,0
3754326,2015-12-28,16:00:00.000,"{'competition_id': 2, 'country_name': 'England', 'competition_name': 'Premier League'}","{'season_id': 27, 'season_name': '2015/2016'}","{'home_team_id': 31, 'home_team_name': 'Crystal Palace', 'home_team_gender': 'male', 'home_team_group': None, 'country': {'id': 68, 'name': 'England'}, 'managers': [{'id': 382, 'name': 'Alan Pardew', 'nickname': None, 'dob': '1961-07-18', 'country': {'id': 68, 'name': 'England'}}]}","{'away_team_id': 26, 'away_team_name': 'Swansea City', 'away_team_gender': 'male', 'away_team_group': None, 'country': {'id': 249, 'name': 'Wales'}, 'managers': [{'id': 4711, 'name': 'Alan Curtis', 'nickname': None, 'dob': '1954-04-16', 'country': {'id': 249, 'name': 'Wales'}}]}",0,0,available,processing,2022-12-01T13:45:33.542312,2021-06-12T16:17:31.694,"{'data_version': '1.1.0', 'shot_fidelity_version': '2', 'xy_fidelity_version': '2'}",19,"{'id': 1, 'name': 'Regular Season'}","{'id': 37, 'name': 'Selhurst Park', 'country': {'id': 68, 'name': 'England'}}","{'id': 7, 'name': 'Neil Swarbrick', 'country': {'id': 68, 'name': 'England'}}",Crystal Palace,Swansea City,Draw,0,1,1
3754327,2016-03-01,20:45:00.000,"{'competition_id': 2, 'country_name': 'England', 'competition_name': 'Premier League'}","{'season_id': 27, 'season_name': '2015/2016'}","{'home_team_id': 59, 'home_team_name': 'Aston Villa', 'home_team_gender': 'male', 'home_team_group': None, 'country': {'id': 68, 'name': 'England'}, 'managers': [{'id': 92, 'name': 'Rémi Garde', 'nickname': None, 'dob': '1966-04-03', 'country': {'id': 78, 'name': 'France'}}]}","{'away_team_id': 29, 'away_team_name': 'Everton', 'away_team_gender': 'male', 'away_team_group': None, 'country': {'id': 68, 'name': 'England'}, 'managers': [{'id': 263, 'name': 'Roberto Martínez Montoliú', 'nickname': 'Roberto Martínez', 'dob': '1973-07-13', 'country': {'id': 214, 'name': 'Spain'}}]}",1,3,available,processing,2022-12-01T14:07:02.123384,2021-06-12T16:17:31.694,"{'data_version': '1.1.0', 'shot_fidelity_version': '2', 'xy_fidelity_version': '2'}",28,"{'id': 1, 'name': 'Regular Season'}","{'id': 211, 'name': 'Villa Park', 'country': {'id': 68, 'name': 'England'}}","{'id': 13, 'name': 'Roger East', 'country': {'id': 68, 'name': 'England'}}",Aston Villa,Everton,Away Win,2,0,3
3754331,2016-02-27,13:45:00.000,"{'competition_id': 2, 'country_name': 'England', 'competition_name': 'Premier League'}","{'season_id': 27, 'season_name': '2015/2016'}","{'home_team_id': 40, 'home_team_name': 'West Ham United', 'home_team_gender': 'male', 'home_team_group': None, 'country': {'id': 68, 'name': 'England'}, 'managers': [{'id': 150, 'name': 'Slaven Bilić', 'nickname': None, 'dob': '1968-09-11', 'country': {'id': 56, 'name': 'Croatia'}}]}","{'away_team_id': 41, 'away_team_name': 'Sunderland', 'away_team_gender': 'male', 'away_team_group': None, 'country': {'id': 68, 'name': 'England'}, 'managers': [{'id': 561, 'name': 'Sam Allardyce', 'nickname': None, 'dob': '1954-10-19', 'country': {'id': 68, 'name': 'England'}}]}",1,0,available,processing,2022-12-01T14:06:01.295075,2021-06-12T16:17:31.694,"{'data_version': '1.1.0', 'shot_fidelity_version': '2', 'xy_fidelity_version': '2'}",27,"{'id': 1, 'name': 'Regular Season'}","{'id': 115324, 'name': 'Boleyn Ground', 'country': {'id': 68, 'name': 'England'}}","{'id': 6, 'name': 'Mike Dean', 'country': {'id': 68, 'name': 'England'}}",West Ham United,Sunderland,Home Win,1,3,0
3754332,2016-04-25,21:00:00.000,"{'competition_id': 2, 'country_name': 'England', 'competition_name': 'Premier League'}","{'season_id': 27, 'season_name': '2015/2016'}","{'home_team_id': 38, 'home_team_name': 'Tottenham Hotspur', 'home_team_gender': 'male', 'home_team_group': None, 'country': {'id': 68, 'name': 'England'}, 'managers': [{'id': 81, 'name': 'Mauricio Roberto Pochettino Trossero', 'nickname': 'Mauricio Pochettino', 'dob': '1972-03-02', 'country': {'id': 11, 'name': 'Argentina'}}]}","{'away_team_id': 27, 'away_team_name': 'West Bromwich Albion', 'away_team_gender': 'male', 'away_team_group': None, 'country': {'id': 68, 'name': 'England'}, 'managers': [{'id': 300, 'name': 'Tony Pulis', 'nickname': None, 'dob': '1958-01-16', 'country': {'id': 249, 'name': 'Wales'}}]}",1,1,available,processing,2021-07-07T17:46:25.604,2021-06-12T16:17:31.694,"{'data_version': '1.1.0', 'shot_fidelity_version': '2', 'xy_fidelity_version': '2'}",35,"{'id': 1, 'name': 'Regular Season'}","{'id': 99148, 'name': 'White Hart Lane', 'country': {'id': 68, 'name': 'England'}}","{'id': 14, 'name': 'Mike Jones', 'country': {'id': 68, 'name': 'England'}}",Tottenham Hotspur,West Bromwich Albion,Draw,0,1,1
3754333,2016-05-15,16:00:00.000,"{'competition_id': 2, 'country_name': 'England', 'competition_name': 'Premier League'}","{'season_id': 27, 'season_name': '2015/2016'}","{'home_team_id': 37, 'home_team_name': 'Newcastle United', 'home_team_gender': 'male', 'home_team_group': None, 'country': {'id': 68, 'name': 'England'}, 'managers': [{'id': 148, 'name': 'Rafael Benítez Maudes', 'nickname': 'Rafael Benítez', 'dob': '1960-04-16', 'country': {'id': 214, 'name': 'Spain'}}]}","{'away_team_id': 38, 'away_team_name': 'Tottenham Hotspur', 'away_team_gender': 'male', 'away_team_group': None, 'country': {'id': 68, 'name': 'England'}, 'managers': [{'id': 81, 'name': 'Mauricio Roberto Pochettino Trossero', 'nickname': 'Mauricio Pochettino', 'dob': '1972-03-02', 'country': {'id': 11, 'name': 'Argentina'}}]}",5,1,available,processing,2021-12-03T22:58:57.593935,2021-06-12T16:17:31.694,"{'data_version': '1.1.0', 'shot_fidelity_version': '2', 'xy_fidelity_version': '2'}",38,"{'id': 1, 'name': 'Regular Season'}","{'id': 4674, 'name': ""St. James' Park"", 'country': {'id': 68, 'name': 'England'}}","{'id': 8, 'name': 'Anthony Taylor', 'country': {'id': 68, 'name': 'England'}}",Newcastle United,Tottenham Hotspur,Home Win,4,3,0
3754334,2016-03-01,20:45:00.000,"{'competition_id': 2, 'country_name': 'England', 'competition_name': 'Premier League'}","{'season_id': 27, 'season_name': '2015/2016'}","{'home_team_id': 28, 'home_team_name': 'AFC Bournemouth', 'home_team_gender': 'male', 'home_team_group': None, 'country': {'id': 68, 'name': 'England'}, 'managers': [{'id': 38, 'name': 'Eddie Howe', 'nickname': None, 'dob': '1977-11-29', 'country': {'id': 68, 'name': 'England'}}]}","{'away_team_id': 25, 'away_team_name': 'Southampton', 'away_team_gender': 'male', 'away_team_group': None, 'country': {'id': 68, 'name': 'England'}, 'managers': [{'id': 676, 'name': 'Ronald Koeman', 'nickname': None, 'dob': '1963-03-21', 'country': {'id': 160, 'name': 'Netherlands'}}]}",2,0,available,processing,2022-12-01T14:07:50.051638,2021-06-12T16:17:31.694,"{'data_version': '1.1.0', 'shot_fidelity_version': '2', 'xy_fidelity_version': '2'}",28,"{'id': 1, 'name': 'Regular Season'}","{'id': 71, 'name': 'Vitality Stadium', 'country': {'id': 68, 'name': 'England'}}","{'id': 6, 'name': 'Mike Dean', 'country': {'id': 68, 'name': 'England'}}",AFC Bournemouth,Southampton,Home Win,2,3,0
3754338,2016-01-16,16:00:00.000,"{'competition_id': 2, 'country_name': 'England', 'competition_name': 'Premier League'}","{'season_id': 27, 'season_name': '2015/2016'}","{'home_team_id': 37, 'home_team_name': 'Newcastle United', 'home_team_gender': 'male', 'home_team_group': None, 'country': {'id': 68, 'name': 'England'}, 'managers': [{'id': 40, 'name': 'Steve McClaren', 'nickname': None, 'dob': '1961-05-03', 'country': {'id': 68, 'name': 'England'}}]}","{'away_team_id': 40, 'away_team_name': 'West Ham United', 'away_team_gender': 'male', 'away_team_group': None, 'country': {'id': 68, 'name': 'England'}, 'managers': [{'id': 150, 'name': 'Slaven Bilić', 'nickname': None, 'dob': '1968-09-11', 'country': {'id': 56, 'name': 'Croatia'}}]}",2,1,available,processing,2022-12-01T13:54:22.583939,2021-06-12T16:17:31.694,"{'data_version': '1.1.0', 'shot_fidelity_version': '2', 'xy_fidelity_version': '2'}",22,"{'id': 1, 'name': 'Regular Season'}","{'id': 4674, 'name': ""St. James' Park"", 'country': {'id': 68, 'name': 'England'}}","{'id': 7, 'name': 'Neil Swarbrick', 'country': {'id': 68, 'name': 'England'}}",Newcastle United,West Ham United,Home Win,1,3,0
3754340,2016-02-02,21:00:00.000,"{'competition_id': 2, 'country_name': 'England', 'competition_name': 'Premier League'}","{'season_id': 27, 'season_name': '2015/2016'}","{'home_team_id': 27, 'home_team_name': 'West Bromwich Albion', 'home_team_gender': 'male', 'home_team_group': None, 'country': {'id': 68, 'name': 'England'}, 'managers': [{'id': 300, 'name': 'Tony Pulis', 'nickname': None, 'dob': '1958-01-16', 'country': {'id': 249, 'name': 'Wales'}}]}","{'away_team_id': 26, 'away_team_name': 'Swansea City', 'away_team_gender': 'male', 'away_team_group': None, 'country': {'id': 249, 'name': 'Wales'}, 'managers': [{'id': 3626, 'name': 'Francesco Guidolin', 'nickname': None, 'dob': '1955-10-03', 'country': {'id': 112, 'name': 'Italy'}}]}",1,1,available,processing,2021-10-30T01:12:07.192015,2021-06-12T16:17:31.694,"{'data_version': '1.1.0', 'shot_fidelity_version': '2', 'xy_fidelity_version': '2'}",24,"{'id': 1, 'name': 'Regular Season'}","{'id': 33, 'name': 'The Hawthorns', 'country': {'id': 68, 'name': 'England'}}","{'id': 7, 'name': 'Neil Swarbrick', 'country': {'id': 68, 'name': 'England'}}",West Bromwich Albion,Swansea City,Draw,0,1,1
3754341,2016-01-23,16:00:00.000,"{'competition_id': 2, 'country_name': 'England', 'competition_name': 'Premier League'}","{'season_id': 27, 'season_name': '2015/2016'}","{'home_team_id': 22, 'home_team_name': 'Leicester City', 'home_team_gender': 'male', 'home_team_group': None, 'country': {'id': 68, 'name': 'England'}, 'managers': [{'id': 60, 'name': 'Claudio Ranieri', 'nickname': None, 'dob': '1951-10-20', 'country': {'id': 112, 'name': 'Italy'}}]}","{'away_team_id': 30, 'away_team_name': 'Stoke City', 'away_team_gender': 'male', 'away_team_group': None, 'country': {'id': 68, 'name': 'England'}, 'managers': [{'id': 55, 'name': 'Mark Hughes', 'nickname': None, 'dob': '1963-11-01', 'country': {'id': 249, 'name': 'Wales'}}]}",3,0,available,processing,2021-06-29T19:03:01.673,2021-06-12T16:17:31.694,"{'data_version': '1.1.0', 'shot_fidelity_version': '2', 'xy_fidelity_version': '2'}",23,"{'id': 1, 'name': 'Regular Season'}","{'id': 20, 'name': 'King Power Stadium ', 'country': {'id': 68, 'name': 'England'}}","{'id': 6, 'name': 'Mike Dean', 'country': {'id': 68, 'name': 'England'}}",Leicester City,Stoke City,Home Win,3,3,0
3754342,2016-05-08,17:00:00.000,"{'competition_id': 2, 'country_name': 'England', 'competition_name': 'Premier League'}","{'season_id': 27, 'season_name': '2015/2016'}","{'home_team_id': 24, 'home_team_name': 'Liverpool', 'home_team_gender': 'male', 'home_team_group': None, 'country': {'id': 68, 'name': 'England'}, 'managers': [{'id': 94, 'name': 'Jürgen Klopp', 'nickname': None, 'dob': '1967-06-16', 'country': {'id': 85, 'name': 'Germany'}}]}","{'away_team_id': 23, 'away_team_name': 'Watford', 'away_team_gender': 'male', 'away_team_group': None, 'country': {'id': 68, 'name': 'England'}, 'managers': [{'id': 236, 'name': 'Enrique Sánchez Flores', 'nickname': 'Quique Sánchez Flores', 'dob': '1965-02-05', 'country': {'id': 214, 'name': 'Spain'}}]}",2,0,available,processing,2022-12-01T14:42:19.247572,2021-06-12T16:17:31.694,"{'data_version': '1.1.0', 'shot_fidelity_version': '2', 'xy_fidelity_version': '2'}",37,"{'id': 1, 'name': 'Regular Season'}","{'id': 6, 'name': 'Anfield ', 'country': {'id': 68, 'name': 'England'}}","{'id': 10, 'name': 'Lee Mason', 'country': {'id': 68, 'name': 'England'}}",Liverpool,Watford,Home Win,2,3,0
3754345,2016-01-17,15:05:00.000,"{'competition_id': 2, 'country_name': 'England', 'competition_name': 'Premier League'}","{'season_id': 27, 'season_name': '2015/2016'}","{'home_team_id': 24, 'home_team_name': 'Liverpool', 'home_team_gender': 'male', 'home_team_group': None, 'country': {'id': 68, 'name': 'England'}, 'managers': [{'id': 94, 'name': 'Jürgen Klopp', 'nickname': None, 'dob': '1967-06-16', 'country': {'id': 85, 'name': 'Germany'}}]}","{'away_team_id': 39, 'away_team_name': 'Manchester United', 'away_team_gender': 'male', 'away_team_group': None, 'country': {'id': 68, 'name': 'England'}, 'managers': [{'id': 788, 'name': 'Louis van Gaal', 'nickname': None, 'dob': '1951-08-08', 'country': {'id': 160, 'name': 'Netherlands'}}]}",0,1,available,processing,2021-08-07T22:01:57.891,2021-06-12T16:17:31.694,"{'data_version': '1.1.0', 'shot_fidelity_version': '2', 'xy_fidelity_version': '2'}",22,"{'id': 1, 'name': 'Regular Season'}","{'id': 6, 'name': 'Anfield ', 'country': {'id': 68, 'name': 'England'}}","{'id': 728, 'name': 'Mark Clattenburg', 'country': {'id': 68, 'name': 'England'}}",Liverpool,Manchester United,Away Win,1,0,3
3754346,2016-01-02,18:30:00.000,"{'competition_id': 2, 'country_name': 'England', 'competition_name': 'Premier League'}","{'season_id': 27, 'season_name': '2015/2016'}","{'home_team_id': 23, 'home_team_name': 'Watford', 'home_team_gender': 'male', 'home_team_group': None, 'country': {'id': 68, 'name': 'England'}, 'managers': [{'id': 236, 'name': 'Enrique Sánchez Flores', 'nickname': 'Quique Sánchez Flores', 'dob': '1965-02-05', 'country': {'id': 214, 'name': 'Spain'}}]}","{'away_team_id': 36, 'away_team_name': 'Manchester City', 'away_team_gender': 'male', 'away_team_group': None, 'country': {'id': 68, 'name': 'England'}, 'managers': [{'id': 733, 'name': 'Manuel Luis Pellegrini Ripamonti', 'nickname': 'Manuel Pellegrini', 'dob': '1953-09-16', 'country': {'id': 45, 'name': 'Chile'}}]}",1,2,available,processing,2021-06-29T14:58:35.063,2021-06-12T16:17:31.694,"{'data_version': '1.1.0', 'shot_fidelity_version': '2', 'xy_fidelity_version': '2'}",20,"{'id': 1, 'name': 'Regular Season'}","{'id': 4589, 'name': 'Vicarage Road', 'country': {'id': 68, 'name': 'England'}}","{'id': 4, 'name': 'Martin Atkinson', 'country': {'id': 68, 'name': 'England'}}",Watford,Manchester City,Away Win,1,0,3
3754348,2016-01-23,13:45:00.000,"{'competition_id': 2, 'country_name': 'England', 'competition_name': 'Premier League'}","{'season_id': 27, 'season_name': '2015/2016'}","{'home_team_id': 56, 'home_team_name': 'Norwich City', 'home_team_gender': 'male', 'home_team_group': None, 'country': {'id': 68, 'name': 'England'}, 'managers': [{'id': 41, 'name': 'Alex Neil', 'nickname': None, 'dob': '1981-06-09', 'country': {'id': 201, 'name': 'Scotland'}}]}","{'away_team_id': 24, 'away_team_name': 'Liverpool', 'away_team_gender': 'male', 'away_team_group': None, 'country': {'id': 68, 'name': 'England'}, 'managers': [{'id': 94, 'name': 'Jürgen Klopp', 'nickname': None, 'dob': '1967-06-16', 'country': {'id': 85, 'name': 'Germany'}}]}",4,5,available,processing,2021-06-28T22:00:05.502,2021-06-12T16:17:31.694,"{'data_version': '1.1.0', 'shot_fidelity_version': '2', 'xy_fidelity_version': '2'}",23,"{'id': 1, 'name': 'Regular Season'}","{'id': 220, 'name': 'Carrow Road', 'country': {'id': 68, 'name': 'England'}}","{'id': 10, 'name': 'Lee Mason', 'country': {'id': 68, 'name': 'England'}}",Norwich City,Liverpool,Away Win,1,0,3
3754349,2016-03-02,20:45:00.000,"{'competition_id': 2, 'country_name': 'England', 'competition_name': 'Premier League'}","{'season_id': 27, 'season_name': '2015/2016'}","{'home_team_id': 40, 'home_team_name': 'West Ham United', 'home_team_gender': 'male', 'home_team_group': None, 'country': {'id': 68, 'name': 'England'}, 'managers': [{'id': 150, 'name': 'Slaven Bilić', 'nickname': None, 'dob': '1968-09-11', 'country': {'id': 56, 'name': 'Croatia'}}]}","{'away_team_id': 38, 'away_team_name': 'Tottenham Hotspur', 'away_team_gender': 'male', 'away_team_group': None, 'country': {'id': 68, 'name': 'England'}, 'managers': [{'id': 81, 'name': 'Mauricio Roberto Pochettino Trossero', 'nickname': 'Mauricio Pochettino', 'dob': '1972-03-02', 'country': {'id': 11, 'name': 'Argentina'}}]}",1,0,available,processing,2022-12-01T14:09:36.386202,2021-06-12T16:17:31.694,"{'data_version': '1.1.0', 'shot_fidelity_version': '2', 'xy_fidelity_version': '2'}",28,"{'id': 1, 'name': 'Regular Season'}","{'id': 115324, 'name': 'Boleyn Ground', 'country': {'id': 68, 'name': 'England'}}","{'id': 5, 'name': 'Andre Marriner', 'country': {'id': 68, 'name': 'England'}}",West Ham United,Tottenham Hotspur,Home Win,1,3,0
3754350,2016-02-13,16:00:00.000,"{'competition_id': 2, 'country_name': 'England', 'competition_name': 'Premier League'}","{'season_id': 27, 'season_name': '2015/2016'}","{'home_team_id': 29, 'home_team_name': 'Everton', 'home_team_gender': 'male', 'home_team_group': None, 'country': {'id': 68, 'name': 'England'}, 'managers': [{'id': 263, 'name': 'Roberto Martínez Montoliú', 'nickname': 'Roberto Martínez', 'dob': '1973-07-13', 'country': {'id': 214, 'name': 'Spain'}}]}","{'away_team_id': 27, 'away_team_name': 'West Bromwich Albion', 'away_team_gender': 'male', 'away_team_group': None, 'country': {'id': 68, 'name': 'England'}, 'managers': [{'id': 300, 'name': 'Tony Pulis', 'nickname': None, 'dob': '1958-01-16', 'country': {'id': 249, 'name': 'Wales'}}]}",0,1,available,processing,2021-06-30T21:34:50.306,2021-06-12T16:17:31.694,"{'data_version': '1.1.0', 'shot_fidelity_version': '2', 'xy_fidelity_version': '2'}",26,"{'id': 1, 'name': 'Regular Season'}","{'id': 12, 'name': 'Goodison Park', 'country': {'id': 68, 'name': 'England'}}","{'id': 1, 'name': 'Michael Oliver', 'country': {'id': 68, 'name': 'England'}}",Everton,West Bromwich Albion,Away Win,1,0,3
3754258,2015-11-08,14:30:00.000,"{'competition_id': 2, 'country_name': 'England', 'competition_name': 'Premier League'}","{'season_id': 27, 'season_name': '2015/2016'}","{'home_team_id': 59, 'home_team_name': 'Aston Villa', 'home_team_gender': 'male', 'home_team_group': None, 'country': {'id': 68, 'name': 'England'}, 'managers': [{'id': 92, 'name': 'Rémi Garde', 'nickname': None, 'dob': '1966-04-03', 'country': {'id': 78, 'name': 'France'}}]}","{'away_team_id': 36, 'away_team_name': 'Manchester City', 'away_team_gender': 'male', 'away_team_group': None, 'country': {'id': 68, 'name': 'England'}, 'managers': [{'id': 733, 'name': 'Manuel Luis Pellegrini Ripamonti', 'nickname': 'Manuel Pellegrini', 'dob': '1953-09-16', 'country': {'id': 45, 'name': 'Chile'}}]}",0,0,available,scheduled,2020-11-29T14:07:50.969020,2021-06-13T16:17:31.694,"{'data_version': '1.1.0', 'shot_fidelity_version': '2', 'xy_fidelity_version': '2'}",12,"{'id': 1, 'name': 'Regular Season'}","{'id': 211, 'name': 'Villa Park', 'country': {'id': 68, 'name': 'England'}}","{'id': 2, 'name': 'Craig Pawson', 'country': {'id': 68, 'name': 'England'}}",Aston Villa,Manchester City,Draw,0,1,1
3754020,2015-08-17,21:00:00.000,"{'competition_id': 2, 'country_name': 'England', 'competition_name': 'Premier League'}","{'season_id': 27, 'season_name': '2015/2016'}","{'home_team_id': 24, 'home_team_name': 'Liverpool', 'home_team_gender': 'male', 'home_team_group': None, 'country': {'id': 68, 'name': 'England'}, 'managers': [{'id': 6, 'name': 'Brendan Rodgers', 'nickname': None, 'dob': '1973-01-26', 'country': {'id': 169, 'name': 'Northern Ireland'}}]}","{'away_team_id': 28, 'away_team_name': 'AFC Bournemouth', 'away_team_gender': 'male', 'away_team_group': None, 'country': {'id': 68, 'name': 'England'}, 'managers': [{'id': 38, 'name': 'Eddie Howe', 'nickname': None, 'dob': '1977-11-29', 'country': {'id': 68, 'name': 'England'}}]}",1,0,available,scheduled,2022-07-08T21:26:42.829047,2021-06-13T16:17:31.694,"{'data_version': '1.1.0', 'shot_fidelity_version': '2', 'xy_fidelity_version': '2'}",2,"{'id': 1, 'name': 'Regular Season'}","{'id': 6, 'name': 'Anfield ', 'country': {'id': 68, 'name': 'England'}}","{'id': 2, 'name': 'Craig Pawson', 'country': {'id': 68, 'name': 'England'}}",Liverpool,AFC Bournemouth,Home Win,1,3,0
3754267,2015-08-15,16:00:00.000,"{'competition_id': 2, 'country_name': 'England', 'competition_name': 'Premier League'}","{'season_id': 27, 'season_name': '2015/2016'}","{'home_team_id': 23, 'home_team_name': 'Watford', 'home_team_gender': 'male', 'home_team_group': None, 'country': {'id': 68, 'name': 'England'}, 'managers': [{'id': 236, 'name': 'Enrique Sánchez Flores', 'nickname': 'Quique Sánchez Flores', 'dob': '1965-02-05', 'country': {'id': 214, 'name': 'Spain'}}]}","{'away_team_id': 27, 'away_team_name': 'West Bromwich Albion', 'away_team_gender': 'male', 'away_team_group': None, 'country': {'id': 68, 'name': 'England'}, 'managers': [{'id': 300, 'name': 'Tony Pulis', 'nickname': None, 'dob': '1958-01-16', 'country': {'id': 249, 'name': 'Wales'}}]}",0,0,available,scheduled,2020-07-29T05:00,2021-06-13T16:17:31.694,"{'data_version': '1.1.0', 'shot_fidelity_version': '2', 'xy_fidelity_version': '2'}",2,"{'id': 1, 'name': 'Regular Season'}","{'id': 4589, 'name': 'Vicarage Road', 'country': {'id': 68, 'name': 'England'}}","{'id': 17, 'name': 'Paul Tierney', 'country': {'id': 68, 'name': 'England'}}",Watford,West Bromwich Albion,Draw,0,1,1
3754141,2015-08-09,14:30:00.000,"{'competition_id': 2, 'country_name': 'England', 'competition_name': 'Premier League'}","{'season_id': 27, 'season_name': '2015/2016'}","{'home_team_id': 1, 'home_team_name': 'Arsenal', 'home_team_gender': 'male', 'home_team_group': None, 'country': {'id': 68, 'name': 'England'}, 'managers': [{'id': 577, 'name': 'Arsène Wenger', 'nickname': None, 'dob': '1949-10-22', 'country': {'id': 78, 'name': 'France'}}]}","{'away_team_id': 40, 'away_team_name': 'West Ham United', 'away_team_gender': 'male', 'away_team_group': None, 'country': {'id': 68, 'name': 'England'}, 'managers': [{'id': 150, 'name': 'Slaven Bilić', 'nickname': None, 'dob': '1968-09-11', 'country': {'id': 56, 'name': 'Croatia'}}]}",0,2,available,scheduled,2020-08-24T23:30:31.273938,2021-06-13T16:17:31.694,"{'data_version': '1.1.0', 'shot_fidelity_version': '2', 'xy_fidelity_version': '2'}",1,"{'id': 1, 'name': 'Regular Season'}","{'id': 3, 'name': 'Emirates Stadium', 'country': {'id': 68, 'name': 'England'}}","{'id': 4, 'name': 'Martin Atkinson', 'country': {'id': 68, 'name': 'England'}}",Arsenal,West Ham United,Away Win,2,0,3
3754128,2015-08-08,16:00:00.000,"{'competition_id': 2, 'country_name': 'England', 'competition_name': 'Premier League'}","{'season_id': 27, 'season_name': '2015/2016'}","{'home_team_id': 28, 'home_team_name': 'AFC Bournemouth', 'home_team_gender': 'male', 'home_team_group': None, 'country': {'id': 68, 'name': 'England'}, 'managers': [{'id': 38, 'name': 'Eddie Howe', 'nickname': None, 'dob': '1977-11-29', 'country': {'id': 68, 'name': 'England'}}]}","{'away_team_id': 59, 'away_team_name': 'Aston Villa', 'away_team_gender': 'male', 'away_team_group': None, 'country': {'id': 68, 'name': 'England'}, 'managers': [{'id': 5003, 'name': 'Tim Sherwood', 'nickname': None, 'dob': '1969-02-06', 'country': {'id': 68, 'name': 'England'}}]}",0,1,available,scheduled,2022-07-08T20:29:32.062770,2021-06-13T16:17:31.694,"{'data_version': '1.1.0', 'shot_fidelity_version': '2', 'xy_fidelity_version': '2'}",1,"{'id': 1, 'name': 'Regular Season'}","{'id': 71, 'name': 'Vitality Stadium', 'country': {'id': 68, 'name': 'England'}}","{'id': 728, 'name': 'Mark Clattenburg', 'country': {'id': 68, 'name': 'England'}}",AFC Bournemouth,Aston Villa,Away Win,1,0,3
3754078,2015-08-08,18:30:00.000,"{'competition_id': 2, 'country_name': 'England', 'competition_name': 'Premier League'}","{'season_id': 27, 'season_name': '2015/2016'}","{'home_team_id': 33, 'home_team_name': 'Chelsea', 'home_team_gender': 'male', 'home_team_group': None, 'country': {'id': 68, 'name': 'England'}, 'managers': [{'id': 383, 'name': 'José Mario Felix dos Santos Mourinho', 'nickname': 'José Mourinho', 'dob': '1963-01-26', 'country': {'id': 183, 'name': 'Portugal'}}]}","{'away_team_id': 26, 'away_team_name': 'Swansea City', 'away_team_gender': 'male', 'away_team_group': None, 'country': {'id': 249, 'name': 'Wales'}, 'managers': [{'id': 270, 'name': 'Garry Monk', 'nickname': None, 'dob': '1979-03-06', 'country': {'id': 68, 'name': 'England'}}]}",2,2,available,scheduled,2022-07-08T20:50:15.565471,2021-06-13T16:17:31.694,"{'data_version': '1.1.0', 'shot_fidelity_version': '2', 'xy_fidelity_version': '2'}",1,"{'id': 1, 'name': 'Regular Season'}","{'id': 10, 'name': 'Stamford Bridge', 'country': {'id': 68, 'name': 'England'}}","{'id': 1, 'name': 'Michael Oliver', 'country': {'id': 68, 'name': 'England'}}",Chelsea,Swansea City,Draw,0,1,1
